
> gpt-image-playground@0.6.28 dev
> vite --host 127.0.0.1


  [32m[1mVITE[22m v6.4.3[39m  [2mready in [0m[1m301[22m[2m[0m ms[22m

  [32m➜[39m  [1mLocal[22m:   [36mhttp://127.0.0.1:[1m5173[22m/[39m
[36mvite v6.4.3 [32mbuilding for development...[36m[39m
[36m
watching for file changes...[39m
[36mvite v6.4.3 [32mbuilding for development...[36m[39m
[36m
watching for file changes...[39m
[36m
build started...[39m
[36m
build started...[39m
transforming...
transforming...
[32m✓[39m 1 modules transformed.
rendering chunks...
computing gzip size...
[2mdist-electron/electron/[22m[36mpreload.cjs  [39m[1m[2m4.54 kB[22m[1m[22m[2m │ gzip: 1.22 kB[22m
[2mdist-electron/electron/[22m[36mpreload.cjs  [39m[1m[2m4.42 kB[22m[1m[22m[2m │ gzip: 1.07 kB[22m
[36mbuilt in 730ms.[39m
[32m✓[39m 239 modules transformed.
rendering chunks...
computing gzip size...
[2mdist-electron/[22m[36mmain.js  [39m[1m[33m650.86 kB[39m[22m[2m │ gzip: 135.63 kB[22m
[36mbuilt in 1778ms.[39m

[debug] app.getAppPath(): D:\AAA\GPT-IMAGE-20260629
[debug] preload 路径: D:\AAA\GPT-IMAGE-20260629\electron\preload.cjs
[debug] preload 是否存在: true
[image-size] D:\测试\闪屏\拍照攻略闪屏-1.png: 941x1672
[image-size] D:\测试\闪屏\拍照攻略闪屏-10.png: 941x1672
[image-size] D:\测试\闪屏\拍照攻略闪屏-100.png: 941x1672
[image-size] D:\测试\闪屏\拍照攻略闪屏-11.png: 941x1672
[image-size] D:\测试\闪屏\拍照攻略闪屏-12.png: 941x1672
[image-size] D:\测试\闪屏\拍照攻略闪屏-13.png: 941x1672
[image-size] D:\测试\闪屏\拍照攻略闪屏-14.png: 941x1672
[image-size] D:\测试\闪屏\拍照攻略闪屏-15.png: 941x1672
[image-size] D:\测试\闪屏\拍照攻略闪屏-16.png: 941x1672
[image-size] D:\测试\闪屏\拍照攻略闪屏-17.png: 941x1672
[image-size] D:\测试\闪屏\拍照攻略闪屏-18.png: 941x1672
[image-size] D:\测试\闪屏\拍照攻略闪屏-19.png: 941x1672
[image-size] D:\测试\闪屏\拍照攻略闪屏-2.png: 941x1672
[image-size] D:\测试\闪屏\拍照攻略闪屏-20.png: 941x1672
[image-size] D:\测试\闪屏\拍照攻略闪屏-21.png: 941x1672
[image-size] D:\测试\闪屏\拍照攻略闪屏-22.png: 941x1672
[image-size] D:\测试\闪屏\拍照攻略闪屏-23.png: 941x1672
[image-size] D:\测试\闪屏\拍照攻略闪屏-24.png: 941x1672
[image-size] D:\测试\闪屏\拍照攻略闪屏-25.png: 941x1672
[image-size] D:\测试\闪屏\拍照攻略闪屏-26.png: 941x1672
[image-size] D:\测试\闪屏\拍照攻略闪屏-27.png: 941x1672
[image-size] D:\测试\闪屏\拍照攻略闪屏-28.png: 941x1672
[image-size] D:\测试\闪屏\拍照攻略闪屏-29.png: 941x1672
[image-size] D:\测试\闪屏\拍照攻略闪屏-3.png: 941x1672
[image-size] D:\测试\闪屏\拍照攻略闪屏-30.png: 941x1672
[image-size] D:\测试\闪屏\拍照攻略闪屏-31.png: 941x1672
[image-size] D:\测试\闪屏\拍照攻略闪屏-32.png: 941x1672
[image-size] D:\测试\闪屏\拍照攻略闪屏-33.png: 941x1672
[image-size] D:\测试\闪屏\拍照攻略闪屏-34.png: 941x1672
[image-size] D:\测试\闪屏\拍照攻略闪屏-35.png: 941x1672
[image-size] D:\测试\闪屏\拍照攻略闪屏-36.png: 941x1672
[image-size] D:\测试\闪屏\拍照攻略闪屏-37.png: 941x1672
[image-size] D:\测试\闪屏\拍照攻略闪屏-38.png: 941x1672
[image-size] D:\测试\闪屏\拍照攻略闪屏-39.png: 941x1672
[image-size] D:\测试\闪屏\拍照攻略闪屏-4.png: 941x1672
[image-size] D:\测试\闪屏\拍照攻略闪屏-40.png: 941x1672
[image-size] D:\测试\闪屏\拍照攻略闪屏-41.png: 941x1672
[image-size] D:\测试\闪屏\拍照攻略闪屏-42.png: 941x1672
[image-size] D:\测试\闪屏\拍照攻略闪屏-43.png: 941x1672
[image-size] D:\测试\闪屏\拍照攻略闪屏-44.png: 941x1672
[image-size] D:\测试\闪屏\拍照攻略闪屏-45.png: 941x1672
[image-size] D:\测试\闪屏\拍照攻略闪屏-46.png: 941x1672
[image-size] D:\测试\闪屏\拍照攻略闪屏-47.png: 941x1672
[image-size] D:\测试\闪屏\拍照攻略闪屏-48.png: 941x1672
[image-size] D:\测试\闪屏\拍照攻略闪屏-49.png: 941x1672
[image-size] D:\测试\闪屏\拍照攻略闪屏-5.png: 941x1672
[image-size] D:\测试\闪屏\拍照攻略闪屏-50.png: 941x1672
[image-size] D:\测试\闪屏\拍照攻略闪屏-51.png: 941x1672
[image-size] D:\测试\闪屏\拍照攻略闪屏-52.png: 941x1672
[image-size] D:\测试\闪屏\拍照攻略闪屏-53.png: 941x1672
[image-size] D:\测试\闪屏\拍照攻略闪屏-54.png: 941x1672
[image-size] D:\测试\闪屏\拍照攻略闪屏-55.png: 941x1672
[image-size] D:\测试\闪屏\拍照攻略闪屏-56.png: 941x1672
[image-size] D:\测试\闪屏\拍照攻略闪屏-57.png: 941x1672
[image-size] D:\测试\闪屏\拍照攻略闪屏-58.png: 941x1672
[image-size] D:\测试\闪屏\拍照攻略闪屏-59.png: 941x1672
[image-size] D:\测试\闪屏\拍照攻略闪屏-6.png: 941x1672
[image-size] D:\测试\闪屏\拍照攻略闪屏-60.png: 941x1672
[image-size] D:\测试\闪屏\拍照攻略闪屏-61.png: 941x1672
[image-size] D:\测试\闪屏\拍照攻略闪屏-62.png: 941x1672
[image-size] D:\测试\闪屏\拍照攻略闪屏-63.png: 941x1672
[image-size] D:\测试\闪屏\拍照攻略闪屏-64.png: 941x1672
[image-size] D:\测试\闪屏\拍照攻略闪屏-65.png: 941x1672
[image-size] D:\测试\闪屏\拍照攻略闪屏-66.png: 941x1672
[image-size] D:\测试\闪屏\拍照攻略闪屏-67.png: 941x1672
[image-size] D:\测试\闪屏\拍照攻略闪屏-68.png: 941x1672
[image-size] D:\测试\闪屏\拍照攻略闪屏-69.png: 941x1672
[image-size] D:\测试\闪屏\拍照攻略闪屏-7.png: 941x1672
[image-size] D:\测试\闪屏\拍照攻略闪屏-70.png: 941x1672
[image-size] D:\测试\闪屏\拍照攻略闪屏-71.png: 941x1672
[image-size] D:\测试\闪屏\拍照攻略闪屏-72.png: 941x1672
[image-size] D:\测试\闪屏\拍照攻略闪屏-73.png: 941x1672
[image-size] D:\测试\闪屏\拍照攻略闪屏-74.png: 941x1672
[image-size] D:\测试\闪屏\拍照攻略闪屏-75.png: 941x1672
[image-size] D:\测试\闪屏\拍照攻略闪屏-76.png: 941x1672
[image-size] D:\测试\闪屏\拍照攻略闪屏-77.png: 941x1672
[image-size] D:\测试\闪屏\拍照攻略闪屏-78.png: 941x1672
[image-size] D:\测试\闪屏\拍照攻略闪屏-79.png: 941x1672
[image-size] D:\测试\闪屏\拍照攻略闪屏-8.png: 941x1672
[image-size] D:\测试\闪屏\拍照攻略闪屏-80.png: 941x1672
[image-size] D:\测试\闪屏\拍照攻略闪屏-81.png: 941x1672
[image-size] D:\测试\闪屏\拍照攻略闪屏-82.png: 941x1672
[image-size] D:\测试\闪屏\拍照攻略闪屏-83.png: 941x1672
[image-size] D:\测试\闪屏\拍照攻略闪屏-84.png: 941x1672
[image-size] D:\测试\闪屏\拍照攻略闪屏-85.png: 941x1672
[image-size] D:\测试\闪屏\拍照攻略闪屏-86.png: 941x1672
[image-size] D:\测试\闪屏\拍照攻略闪屏-87.png: 941x1672
[image-size] D:\测试\闪屏\拍照攻略闪屏-88.png: 941x1672
[image-size] D:\测试\闪屏\拍照攻略闪屏-89.png: 941x1672
[image-size] D:\测试\闪屏\拍照攻略闪屏-9.png: 941x1672
[image-size] D:\测试\闪屏\拍照攻略闪屏-90.png: 941x1672
[image-size] D:\测试\闪屏\拍照攻略闪屏-91.png: 941x1672
[image-size] D:\测试\闪屏\拍照攻略闪屏-92.png: 941x1672
[image-size] D:\测试\闪屏\拍照攻略闪屏-93.png: 941x1672
[image-size] D:\测试\闪屏\拍照攻略闪屏-94.png: 941x1672
[image-size] D:\测试\闪屏\拍照攻略闪屏-95.png: 941x1672
[image-size] D:\测试\闪屏\拍照攻略闪屏-96.png: 941x1672
[image-size] D:\测试\闪屏\拍照攻略闪屏-97.png: 941x1672
[image-size] D:\测试\闪屏\拍照攻略闪屏-98.png: 941x1672
[image-size] D:\测试\闪屏\拍照攻略闪屏-99.png: 941x1672
[image-size] D:\测试\闪屏\拍照攻略闪屏-1.png: 941x1672
[image-size] D:\测试\闪屏\拍照攻略闪屏-10.png: 941x1672
[image-size] D:\测试\闪屏\拍照攻略闪屏-100.png: 941x1672
[image-size] D:\测试\闪屏\拍照攻略闪屏-11.png: 941x1672
[image-size] D:\测试\闪屏\拍照攻略闪屏-12.png: 941x1672
[image-size] D:\测试\闪屏\拍照攻略闪屏-13.png: 941x1672
[image-size] D:\测试\闪屏\拍照攻略闪屏-14.png: 941x1672
[image-size] D:\测试\闪屏\拍照攻略闪屏-15.png: 941x1672
[image-size] D:\测试\闪屏\拍照攻略闪屏-16.png: 941x1672
[image-size] D:\测试\闪屏\拍照攻略闪屏-17.png: 941x1672
[image-size] D:\测试\闪屏\拍照攻略闪屏-18.png: 941x1672
[image-size] D:\测试\闪屏\拍照攻略闪屏-19.png: 941x1672
[image-size] D:\测试\闪屏\拍照攻略闪屏-2.png: 941x1672
[image-size] D:\测试\闪屏\拍照攻略闪屏-20.png: 941x1672
[image-size] D:\测试\闪屏\拍照攻略闪屏-21.png: 941x1672
[image-size] D:\测试\闪屏\拍照攻略闪屏-22.png: 941x1672
[image-size] D:\测试\闪屏\拍照攻略闪屏-23.png: 941x1672
[image-size] D:\测试\闪屏\拍照攻略闪屏-24.png: 941x1672
[image-size] D:\测试\闪屏\拍照攻略闪屏-25.png: 941x1672
[image-size] D:\测试\闪屏\拍照攻略闪屏-26.png: 941x1672
[image-size] D:\测试\闪屏\拍照攻略闪屏-27.png: 941x1672
[image-size] D:\测试\闪屏\拍照攻略闪屏-28.png: 941x1672
[image-size] D:\测试\闪屏\拍照攻略闪屏-29.png: 941x1672
[image-size] D:\测试\闪屏\拍照攻略闪屏-3.png: 941x1672
[image-size] D:\测试\闪屏\拍照攻略闪屏-30.png: 941x1672
[image-size] D:\测试\闪屏\拍照攻略闪屏-31.png: 941x1672
[image-size] D:\测试\闪屏\拍照攻略闪屏-32.png: 941x1672
[image-size] D:\测试\闪屏\拍照攻略闪屏-33.png: 941x1672
[image-size] D:\测试\闪屏\拍照攻略闪屏-34.png: 941x1672
[image-size] D:\测试\闪屏\拍照攻略闪屏-35.png: 941x1672
[image-size] D:\测试\闪屏\拍照攻略闪屏-36.png: 941x1672
[image-size] D:\测试\闪屏\拍照攻略闪屏-37.png: 941x1672
[image-size] D:\测试\闪屏\拍照攻略闪屏-38.png: 941x1672
[image-size] D:\测试\闪屏\拍照攻略闪屏-39.png: 941x1672
[image-size] D:\测试\闪屏\拍照攻略闪屏-4.png: 941x1672
[image-size] D:\测试\闪屏\拍照攻略闪屏-40.png: 941x1672
[image-size] D:\测试\闪屏\拍照攻略闪屏-41.png: 941x1672
[image-size] D:\测试\闪屏\拍照攻略闪屏-42.png: 941x1672
[image-size] D:\测试\闪屏\拍照攻略闪屏-43.png: 941x1672
[image-size] D:\测试\闪屏\拍照攻略闪屏-44.png: 941x1672
[image-size] D:\测试\闪屏\拍照攻略闪屏-45.png: 941x1672
[image-size] D:\测试\闪屏\拍照攻略闪屏-46.png: 941x1672
[image-size] D:\测试\闪屏\拍照攻略闪屏-47.png: 941x1672
[image-size] D:\测试\闪屏\拍照攻略闪屏-48.png: 941x1672
[image-size] D:\测试\闪屏\拍照攻略闪屏-49.png: 941x1672
[image-size] D:\测试\闪屏\拍照攻略闪屏-5.png: 941x1672
[image-size] D:\测试\闪屏\拍照攻略闪屏-50.png: 941x1672
[image-size] D:\测试\闪屏\拍照攻略闪屏-51.png: 941x1672
[image-size] D:\测试\闪屏\拍照攻略闪屏-52.png: 941x1672
[image-size] D:\测试\闪屏\拍照攻略闪屏-53.png: 941x1672
[image-size] D:\测试\闪屏\拍照攻略闪屏-54.png: 941x1672
[image-size] D:\测试\闪屏\拍照攻略闪屏-55.png: 941x1672
[image-size] D:\测试\闪屏\拍照攻略闪屏-56.png: 941x1672
[image-size] D:\测试\闪屏\拍照攻略闪屏-57.png: 941x1672
[image-size] D:\测试\闪屏\拍照攻略闪屏-58.png: 941x1672
[image-size] D:\测试\闪屏\拍照攻略闪屏-59.png: 941x1672
[image-size] D:\测试\闪屏\拍照攻略闪屏-6.png: 941x1672
[image-size] D:\测试\闪屏\拍照攻略闪屏-60.png: 941x1672
[image-size] D:\测试\闪屏\拍照攻略闪屏-61.png: 941x1672
[image-size] D:\测试\闪屏\拍照攻略闪屏-62.png: 941x1672
[image-size] D:\测试\闪屏\拍照攻略闪屏-63.png: 941x1672
[image-size] D:\测试\闪屏\拍照攻略闪屏-64.png: 941x1672
[image-size] D:\测试\闪屏\拍照攻略闪屏-65.png: 941x1672
[image-size] D:\测试\闪屏\拍照攻略闪屏-66.png: 941x1672
[image-size] D:\测试\闪屏\拍照攻略闪屏-67.png: 941x1672
[image-size] D:\测试\闪屏\拍照攻略闪屏-68.png: 941x1672
[image-size] D:\测试\闪屏\拍照攻略闪屏-69.png: 941x1672
[image-size] D:\测试\闪屏\拍照攻略闪屏-7.png: 941x1672
[image-size] D:\测试\闪屏\拍照攻略闪屏-70.png: 941x1672
[image-size] D:\测试\闪屏\拍照攻略闪屏-71.png: 941x1672
[image-size] D:\测试\闪屏\拍照攻略闪屏-72.png: 941x1672
[image-size] D:\测试\闪屏\拍照攻略闪屏-73.png: 941x1672
[image-size] D:\测试\闪屏\拍照攻略闪屏-74.png: 941x1672
[image-size] D:\测试\闪屏\拍照攻略闪屏-75.png: 941x1672
[image-size] D:\测试\闪屏\拍照攻略闪屏-76.png: 941x1672
[image-size] D:\测试\闪屏\拍照攻略闪屏-77.png: 941x1672
[image-size] D:\测试\闪屏\拍照攻略闪屏-78.png: 941x1672
[image-size] D:\测试\闪屏\拍照攻略闪屏-79.png: 941x1672
[image-size] D:\测试\闪屏\拍照攻略闪屏-8.png: 941x1672
[image-size] D:\测试\闪屏\拍照攻略闪屏-80.png: 941x1672
[image-size] D:\测试\闪屏\拍照攻略闪屏-81.png: 941x1672
[image-size] D:\测试\闪屏\拍照攻略闪屏-82.png: 941x1672
[image-size] D:\测试\闪屏\拍照攻略闪屏-83.png: 941x1672
[image-size] D:\测试\闪屏\拍照攻略闪屏-84.png: 941x1672
[image-size] D:\测试\闪屏\拍照攻略闪屏-85.png: 941x1672
[image-size] D:\测试\闪屏\拍照攻略闪屏-86.png: 941x1672
[image-size] D:\测试\闪屏\拍照攻略闪屏-87.png: 941x1672
[image-size] D:\测试\闪屏\拍照攻略闪屏-88.png: 941x1672
[image-size] D:\测试\闪屏\拍照攻略闪屏-89.png: 941x1672
[image-size] D:\测试\闪屏\拍照攻略闪屏-9.png: 941x1672
[image-size] D:\测试\闪屏\拍照攻略闪屏-90.png: 941x1672
[image-size] D:\测试\闪屏\拍照攻略闪屏-91.png: 941x1672
[image-size] D:\测试\闪屏\拍照攻略闪屏-92.png: 941x1672
[image-size] D:\测试\闪屏\拍照攻略闪屏-93.png: 941x1672
[image-size] D:\测试\闪屏\拍照攻略闪屏-94.png: 941x1672
[image-size] D:\测试\闪屏\拍照攻略闪屏-95.png: 941x1672
[image-size] D:\测试\闪屏\拍照攻略闪屏-96.png: 941x1672
[image-size] D:\测试\闪屏\拍照攻略闪屏-97.png: 941x1672
[image-size] D:\测试\闪屏\拍照攻略闪屏-98.png: 941x1672
[image-size] D:\测试\闪屏\拍照攻略闪屏-99.png: 941x1672
[2m10:04:03[22m [36m[1m[vite][22m[39m [90m[2m(client)[22m[39m [32mpage reload [39m[2m.superpowers/brainstorm/594-1782869471/content/selected-folder-layout-a.html[22m
[image-size] D:\测试\闪屏\拍照攻略闪屏-1.png: 941x1672
[image-size] D:\测试\闪屏\拍照攻略闪屏-10.png: 941x1672
[image-size] D:\测试\闪屏\拍照攻略闪屏-100.png: 941x1672
[image-size] D:\测试\闪屏\拍照攻略闪屏-11.png: 941x1672
[image-size] D:\测试\闪屏\拍照攻略闪屏-12.png: 941x1672
[image-size] D:\测试\闪屏\拍照攻略闪屏-13.png: 941x1672
[image-size] D:\测试\闪屏\拍照攻略闪屏-14.png: 941x1672
[image-size] D:\测试\闪屏\拍照攻略闪屏-15.png: 941x1672
[image-size] D:\测试\闪屏\拍照攻略闪屏-16.png: 941x1672
[image-size] D:\测试\闪屏\拍照攻略闪屏-17.png: 941x1672
[image-size] D:\测试\闪屏\拍照攻略闪屏-18.png: 941x1672
[image-size] D:\测试\闪屏\拍照攻略闪屏-19.png: 941x1672
[image-size] D:\测试\闪屏\拍照攻略闪屏-2.png: 941x1672
[image-size] D:\测试\闪屏\拍照攻略闪屏-20.png: 941x1672
[image-size] D:\测试\闪屏\拍照攻略闪屏-21.png: 941x1672
[image-size] D:\测试\闪屏\拍照攻略闪屏-22.png: 941x1672
[image-size] D:\测试\闪屏\拍照攻略闪屏-23.png: 941x1672
[image-size] D:\测试\闪屏\拍照攻略闪屏-24.png: 941x1672
[image-size] D:\测试\闪屏\拍照攻略闪屏-25.png: 941x1672
[image-size] D:\测试\闪屏\拍照攻略闪屏-26.png: 941x1672
[image-size] D:\测试\闪屏\拍照攻略闪屏-27.png: 941x1672
[image-size] D:\测试\闪屏\拍照攻略闪屏-28.png: 941x1672
[image-size] D:\测试\闪屏\拍照攻略闪屏-29.png: 941x1672
[image-size] D:\测试\闪屏\拍照攻略闪屏-3.png: 941x1672
[image-size] D:\测试\闪屏\拍照攻略闪屏-30.png: 941x1672
[image-size] D:\测试\闪屏\拍照攻略闪屏-31.png: 941x1672
[image-size] D:\测试\闪屏\拍照攻略闪屏-32.png: 941x1672
[image-size] D:\测试\闪屏\拍照攻略闪屏-33.png: 941x1672
[image-size] D:\测试\闪屏\拍照攻略闪屏-34.png: 941x1672
[image-size] D:\测试\闪屏\拍照攻略闪屏-35.png: 941x1672
[image-size] D:\测试\闪屏\拍照攻略闪屏-36.png: 941x1672
[image-size] D:\测试\闪屏\拍照攻略闪屏-37.png: 941x1672
[image-size] D:\测试\闪屏\拍照攻略闪屏-38.png: 941x1672
[image-size] D:\测试\闪屏\拍照攻略闪屏-39.png: 941x1672
[image-size] D:\测试\闪屏\拍照攻略闪屏-4.png: 941x1672
[image-size] D:\测试\闪屏\拍照攻略闪屏-40.png: 941x1672
[image-size] D:\测试\闪屏\拍照攻略闪屏-41.png: 941x1672
[image-size] D:\测试\闪屏\拍照攻略闪屏-42.png: 941x1672
[image-size] D:\测试\闪屏\拍照攻略闪屏-43.png: 941x1672
[image-size] D:\测试\闪屏\拍照攻略闪屏-44.png: 941x1672
[image-size] D:\测试\闪屏\拍照攻略闪屏-45.png: 941x1672
[image-size] D:\测试\闪屏\拍照攻略闪屏-46.png: 941x1672
[image-size] D:\测试\闪屏\拍照攻略闪屏-47.png: 941x1672
[image-size] D:\测试\闪屏\拍照攻略闪屏-48.png: 941x1672
[image-size] D:\测试\闪屏\拍照攻略闪屏-49.png: 941x1672
[image-size] D:\测试\闪屏\拍照攻略闪屏-5.png: 941x1672
[image-size] D:\测试\闪屏\拍照攻略闪屏-50.png: 941x1672
[image-size] D:\测试\闪屏\拍照攻略闪屏-51.png: 941x1672
[image-size] D:\测试\闪屏\拍照攻略闪屏-52.png: 941x1672
[image-size] D:\测试\闪屏\拍照攻略闪屏-53.png: 941x1672
[image-size] D:\测试\闪屏\拍照攻略闪屏-54.png: 941x1672
[image-size] D:\测试\闪屏\拍照攻略闪屏-55.png: 941x1672
[image-size] D:\测试\闪屏\拍照攻略闪屏-56.png: 941x1672
[image-size] D:\测试\闪屏\拍照攻略闪屏-57.png: 941x1672
[image-size] D:\测试\闪屏\拍照攻略闪屏-58.png: 941x1672
[image-size] D:\测试\闪屏\拍照攻略闪屏-59.png: 941x1672
[image-size] D:\测试\闪屏\拍照攻略闪屏-6.png: 941x1672
[image-size] D:\测试\闪屏\拍照攻略闪屏-60.png: 941x1672
[image-size] D:\测试\闪屏\拍照攻略闪屏-61.png: 941x1672
[image-size] D:\测试\闪屏\拍照攻略闪屏-62.png: 941x1672
[image-size] D:\测试\闪屏\拍照攻略闪屏-63.png: 941x1672
[image-size] D:\测试\闪屏\拍照攻略闪屏-64.png: 941x1672
[image-size] D:\测试\闪屏\拍照攻略闪屏-65.png: 941x1672
[image-size] D:\测试\闪屏\拍照攻略闪屏-66.png: 941x1672
[image-size] D:\测试\闪屏\拍照攻略闪屏-67.png: 941x1672
[image-size] D:\测试\闪屏\拍照攻略闪屏-68.png: 941x1672
[image-size] D:\测试\闪屏\拍照攻略闪屏-69.png: 941x1672
[image-size] D:\测试\闪屏\拍照攻略闪屏-7.png: 941x1672
[image-size] D:\测试\闪屏\拍照攻略闪屏-70.png: 941x1672
[image-size] D:\测试\闪屏\拍照攻略闪屏-71.png: 941x1672
[image-size] D:\测试\闪屏\拍照攻略闪屏-72.png: 941x1672
[image-size] D:\测试\闪屏\拍照攻略闪屏-73.png: 941x1672
[image-size] D:\测试\闪屏\拍照攻略闪屏-74.png: 941x1672
[image-size] D:\测试\闪屏\拍照攻略闪屏-75.png: 941x1672
[image-size] D:\测试\闪屏\拍照攻略闪屏-76.png: 941x1672
[image-size] D:\测试\闪屏\拍照攻略闪屏-77.png: 941x1672
[image-size] D:\测试\闪屏\拍照攻略闪屏-78.png: 941x1672
[image-size] D:\测试\闪屏\拍照攻略闪屏-79.png: 941x1672
[image-size] D:\测试\闪屏\拍照攻略闪屏-8.png: 941x1672
[image-size] D:\测试\闪屏\拍照攻略闪屏-80.png: 941x1672
[image-size] D:\测试\闪屏\拍照攻略闪屏-81.png: 941x1672
[image-size] D:\测试\闪屏\拍照攻略闪屏-82.png: 941x1672
[image-size] D:\测试\闪屏\拍照攻略闪屏-83.png: 941x1672
[image-size] D:\测试\闪屏\拍照攻略闪屏-84.png: 941x1672
[image-size] D:\测试\闪屏\拍照攻略闪屏-85.png: 941x1672
[image-size] D:\测试\闪屏\拍照攻略闪屏-86.png: 941x1672
[image-size] D:\测试\闪屏\拍照攻略闪屏-87.png: 941x1672
[image-size] D:\测试\闪屏\拍照攻略闪屏-88.png: 941x1672
[image-size] D:\测试\闪屏\拍照攻略闪屏-89.png: 941x1672
[image-size] D:\测试\闪屏\拍照攻略闪屏-9.png: 941x1672
[image-size] D:\测试\闪屏\拍照攻略闪屏-90.png: 941x1672
[image-size] D:\测试\闪屏\拍照攻略闪屏-91.png: 941x1672
[image-size] D:\测试\闪屏\拍照攻略闪屏-92.png: 941x1672
[image-size] D:\测试\闪屏\拍照攻略闪屏-93.png: 941x1672
[image-size] D:\测试\闪屏\拍照攻略闪屏-94.png: 941x1672
[image-size] D:\测试\闪屏\拍照攻略闪屏-95.png: 941x1672
[image-size] D:\测试\闪屏\拍照攻略闪屏-96.png: 941x1672
[image-size] D:\测试\闪屏\拍照攻略闪屏-97.png: 941x1672
[image-size] D:\测试\闪屏\拍照攻略闪屏-98.png: 941x1672
[image-size] D:\测试\闪屏\拍照攻略闪屏-99.png: 941x1672
[image-size] D:\测试\闪屏\拍照攻略闪屏-1.png: 941x1672
[image-size] D:\测试\闪屏\拍照攻略闪屏-10.png: 941x1672
[image-size] D:\测试\闪屏\拍照攻略闪屏-100.png: 941x1672
[image-size] D:\测试\闪屏\拍照攻略闪屏-11.png: 941x1672
[image-size] D:\测试\闪屏\拍照攻略闪屏-12.png: 941x1672
[image-size] D:\测试\闪屏\拍照攻略闪屏-13.png: 941x1672
[image-size] D:\测试\闪屏\拍照攻略闪屏-14.png: 941x1672
[image-size] D:\测试\闪屏\拍照攻略闪屏-15.png: 941x1672
[image-size] D:\测试\闪屏\拍照攻略闪屏-16.png: 941x1672
[image-size] D:\测试\闪屏\拍照攻略闪屏-17.png: 941x1672
[image-size] D:\测试\闪屏\拍照攻略闪屏-18.png: 941x1672
[image-size] D:\测试\闪屏\拍照攻略闪屏-19.png: 941x1672
[image-size] D:\测试\闪屏\拍照攻略闪屏-2.png: 941x1672
[image-size] D:\测试\闪屏\拍照攻略闪屏-20.png: 941x1672
[image-size] D:\测试\闪屏\拍照攻略闪屏-21.png: 941x1672
[image-size] D:\测试\闪屏\拍照攻略闪屏-22.png: 941x1672
[image-size] D:\测试\闪屏\拍照攻略闪屏-23.png: 941x1672
[image-size] D:\测试\闪屏\拍照攻略闪屏-24.png: 941x1672
[image-size] D:\测试\闪屏\拍照攻略闪屏-25.png: 941x1672
[image-size] D:\测试\闪屏\拍照攻略闪屏-26.png: 941x1672
[image-size] D:\测试\闪屏\拍照攻略闪屏-27.png: 941x1672
[image-size] D:\测试\闪屏\拍照攻略闪屏-28.png: 941x1672
[image-size] D:\测试\闪屏\拍照攻略闪屏-29.png: 941x1672
[image-size] D:\测试\闪屏\拍照攻略闪屏-3.png: 941x1672
[image-size] D:\测试\闪屏\拍照攻略闪屏-30.png: 941x1672
[image-size] D:\测试\闪屏\拍照攻略闪屏-31.png: 941x1672
[image-size] D:\测试\闪屏\拍照攻略闪屏-32.png: 941x1672
[image-size] D:\测试\闪屏\拍照攻略闪屏-33.png: 941x1672
[image-size] D:\测试\闪屏\拍照攻略闪屏-34.png: 941x1672
[image-size] D:\测试\闪屏\拍照攻略闪屏-35.png: 941x1672
[image-size] D:\测试\闪屏\拍照攻略闪屏-36.png: 941x1672
[image-size] D:\测试\闪屏\拍照攻略闪屏-37.png: 941x1672
[image-size] D:\测试\闪屏\拍照攻略闪屏-38.png: 941x1672
[image-size] D:\测试\闪屏\拍照攻略闪屏-39.png: 941x1672
[image-size] D:\测试\闪屏\拍照攻略闪屏-4.png: 941x1672
[image-size] D:\测试\闪屏\拍照攻略闪屏-40.png: 941x1672
[image-size] D:\测试\闪屏\拍照攻略闪屏-41.png: 941x1672
[image-size] D:\测试\闪屏\拍照攻略闪屏-42.png: 941x1672
[image-size] D:\测试\闪屏\拍照攻略闪屏-43.png: 941x1672
[image-size] D:\测试\闪屏\拍照攻略闪屏-44.png: 941x1672
[image-size] D:\测试\闪屏\拍照攻略闪屏-45.png: 941x1672
[image-size] D:\测试\闪屏\拍照攻略闪屏-46.png: 941x1672
[image-size] D:\测试\闪屏\拍照攻略闪屏-47.png: 941x1672
[image-size] D:\测试\闪屏\拍照攻略闪屏-48.png: 941x1672
[image-size] D:\测试\闪屏\拍照攻略闪屏-49.png: 941x1672
[image-size] D:\测试\闪屏\拍照攻略闪屏-5.png: 941x1672
[image-size] D:\测试\闪屏\拍照攻略闪屏-50.png: 941x1672
[image-size] D:\测试\闪屏\拍照攻略闪屏-51.png: 941x1672
[image-size] D:\测试\闪屏\拍照攻略闪屏-52.png: 941x1672
[image-size] D:\测试\闪屏\拍照攻略闪屏-53.png: 941x1672
[image-size] D:\测试\闪屏\拍照攻略闪屏-54.png: 941x1672
[image-size] D:\测试\闪屏\拍照攻略闪屏-55.png: 941x1672
[image-size] D:\测试\闪屏\拍照攻略闪屏-56.png: 941x1672
[image-size] D:\测试\闪屏\拍照攻略闪屏-57.png: 941x1672
[image-size] D:\测试\闪屏\拍照攻略闪屏-58.png: 941x1672
[image-size] D:\测试\闪屏\拍照攻略闪屏-59.png: 941x1672
[image-size] D:\测试\闪屏\拍照攻略闪屏-6.png: 941x1672
[image-size] D:\测试\闪屏\拍照攻略闪屏-60.png: 941x1672
[image-size] D:\测试\闪屏\拍照攻略闪屏-61.png: 941x1672
[image-size] D:\测试\闪屏\拍照攻略闪屏-62.png: 941x1672
[image-size] D:\测试\闪屏\拍照攻略闪屏-63.png: 941x1672
[image-size] D:\测试\闪屏\拍照攻略闪屏-64.png: 941x1672
[image-size] D:\测试\闪屏\拍照攻略闪屏-65.png: 941x1672
[image-size] D:\测试\闪屏\拍照攻略闪屏-66.png: 941x1672
[image-size] D:\测试\闪屏\拍照攻略闪屏-67.png: 941x1672
[image-size] D:\测试\闪屏\拍照攻略闪屏-68.png: 941x1672
[image-size] D:\测试\闪屏\拍照攻略闪屏-69.png: 941x1672
[image-size] D:\测试\闪屏\拍照攻略闪屏-7.png: 941x1672
[image-size] D:\测试\闪屏\拍照攻略闪屏-70.png: 941x1672
[image-size] D:\测试\闪屏\拍照攻略闪屏-71.png: 941x1672
[image-size] D:\测试\闪屏\拍照攻略闪屏-72.png: 941x1672
[image-size] D:\测试\闪屏\拍照攻略闪屏-73.png: 941x1672
[image-size] D:\测试\闪屏\拍照攻略闪屏-74.png: 941x1672
[image-size] D:\测试\闪屏\拍照攻略闪屏-75.png: 941x1672
[image-size] D:\测试\闪屏\拍照攻略闪屏-76.png: 941x1672
[image-size] D:\测试\闪屏\拍照攻略闪屏-77.png: 941x1672
[image-size] D:\测试\闪屏\拍照攻略闪屏-78.png: 941x1672
[image-size] D:\测试\闪屏\拍照攻略闪屏-79.png: 941x1672
[image-size] D:\测试\闪屏\拍照攻略闪屏-8.png: 941x1672
[image-size] D:\测试\闪屏\拍照攻略闪屏-80.png: 941x1672
[image-size] D:\测试\闪屏\拍照攻略闪屏-81.png: 941x1672
[image-size] D:\测试\闪屏\拍照攻略闪屏-82.png: 941x1672
[image-size] D:\测试\闪屏\拍照攻略闪屏-83.png: 941x1672
[image-size] D:\测试\闪屏\拍照攻略闪屏-84.png: 941x1672
[image-size] D:\测试\闪屏\拍照攻略闪屏-85.png: 941x1672
[image-size] D:\测试\闪屏\拍照攻略闪屏-86.png: 941x1672
[image-size] D:\测试\闪屏\拍照攻略闪屏-87.png: 941x1672
[image-size] D:\测试\闪屏\拍照攻略闪屏-88.png: 941x1672
[image-size] D:\测试\闪屏\拍照攻略闪屏-89.png: 941x1672
[image-size] D:\测试\闪屏\拍照攻略闪屏-9.png: 941x1672
[image-size] D:\测试\闪屏\拍照攻略闪屏-90.png: 941x1672
[image-size] D:\测试\闪屏\拍照攻略闪屏-91.png: 941x1672
[image-size] D:\测试\闪屏\拍照攻略闪屏-92.png: 941x1672
[image-size] D:\测试\闪屏\拍照攻略闪屏-93.png: 941x1672
[image-size] D:\测试\闪屏\拍照攻略闪屏-94.png: 941x1672
[image-size] D:\测试\闪屏\拍照攻略闪屏-95.png: 941x1672
[image-size] D:\测试\闪屏\拍照攻略闪屏-96.png: 941x1672
[image-size] D:\测试\闪屏\拍照攻略闪屏-97.png: 941x1672
[image-size] D:\测试\闪屏\拍照攻略闪屏-98.png: 941x1672
[image-size] D:\测试\闪屏\拍照攻略闪屏-99.png: 941x1672
[image-size] D:\测试\闪屏\拍照攻略闪屏-1.png: 941x1672
[image-size] D:\测试\闪屏\拍照攻略闪屏-10.png: 941x1672
[image-size] D:\测试\闪屏\拍照攻略闪屏-100.png: 941x1672
[image-size] D:\测试\闪屏\拍照攻略闪屏-11.png: 941x1672
[image-size] D:\测试\闪屏\拍照攻略闪屏-12.png: 941x1672
[image-size] D:\测试\闪屏\拍照攻略闪屏-13.png: 941x1672
[image-size] D:\测试\闪屏\拍照攻略闪屏-14.png: 941x1672
[image-size] D:\测试\闪屏\拍照攻略闪屏-15.png: 941x1672
[image-size] D:\测试\闪屏\拍照攻略闪屏-16.png: 941x1672
[image-size] D:\测试\闪屏\拍照攻略闪屏-17.png: 941x1672
[image-size] D:\测试\闪屏\拍照攻略闪屏-18.png: 941x1672
[image-size] D:\测试\闪屏\拍照攻略闪屏-19.png: 941x1672
[image-size] D:\测试\闪屏\拍照攻略闪屏-2.png: 941x1672
[image-size] D:\测试\闪屏\拍照攻略闪屏-20.png: 941x1672
[image-size] D:\测试\闪屏\拍照攻略闪屏-21.png: 941x1672
[image-size] D:\测试\闪屏\拍照攻略闪屏-22.png: 941x1672
[image-size] D:\测试\闪屏\拍照攻略闪屏-23.png: 941x1672
[image-size] D:\测试\闪屏\拍照攻略闪屏-24.png: 941x1672
[image-size] D:\测试\闪屏\拍照攻略闪屏-25.png: 941x1672
[image-size] D:\测试\闪屏\拍照攻略闪屏-26.png: 941x1672
[image-size] D:\测试\闪屏\拍照攻略闪屏-27.png: 941x1672
[image-size] D:\测试\闪屏\拍照攻略闪屏-28.png: 941x1672
[image-size] D:\测试\闪屏\拍照攻略闪屏-29.png: 941x1672
[image-size] D:\测试\闪屏\拍照攻略闪屏-3.png: 941x1672
[image-size] D:\测试\闪屏\拍照攻略闪屏-30.png: 941x1672
[image-size] D:\测试\闪屏\拍照攻略闪屏-31.png: 941x1672
[image-size] D:\测试\闪屏\拍照攻略闪屏-32.png: 941x1672
[image-size] D:\测试\闪屏\拍照攻略闪屏-33.png: 941x1672
[image-size] D:\测试\闪屏\拍照攻略闪屏-34.png: 941x1672
[image-size] D:\测试\闪屏\拍照攻略闪屏-35.png: 941x1672
[image-size] D:\测试\闪屏\拍照攻略闪屏-36.png: 941x1672
[image-size] D:\测试\闪屏\拍照攻略闪屏-37.png: 941x1672
[image-size] D:\测试\闪屏\拍照攻略闪屏-38.png: 941x1672
[image-size] D:\测试\闪屏\拍照攻略闪屏-39.png: 941x1672
[image-size] D:\测试\闪屏\拍照攻略闪屏-4.png: 941x1672
[image-size] D:\测试\闪屏\拍照攻略闪屏-40.png: 941x1672
[image-size] D:\测试\闪屏\拍照攻略闪屏-41.png: 941x1672
[image-size] D:\测试\闪屏\拍照攻略闪屏-42.png: 941x1672
[image-size] D:\测试\闪屏\拍照攻略闪屏-43.png: 941x1672
[image-size] D:\测试\闪屏\拍照攻略闪屏-44.png: 941x1672
[image-size] D:\测试\闪屏\拍照攻略闪屏-45.png: 941x1672
[image-size] D:\测试\闪屏\拍照攻略闪屏-46.png: 941x1672
[image-size] D:\测试\闪屏\拍照攻略闪屏-47.png: 941x1672
[image-size] D:\测试\闪屏\拍照攻略闪屏-48.png: 941x1672
[image-size] D:\测试\闪屏\拍照攻略闪屏-49.png: 941x1672
[image-size] D:\测试\闪屏\拍照攻略闪屏-5.png: 941x1672
[image-size] D:\测试\闪屏\拍照攻略闪屏-50.png: 941x1672
[image-size] D:\测试\闪屏\拍照攻略闪屏-51.png: 941x1672
[image-size] D:\测试\闪屏\拍照攻略闪屏-52.png: 941x1672
[image-size] D:\测试\闪屏\拍照攻略闪屏-53.png: 941x1672
[image-size] D:\测试\闪屏\拍照攻略闪屏-54.png: 941x1672
[image-size] D:\测试\闪屏\拍照攻略闪屏-55.png: 941x1672
[image-size] D:\测试\闪屏\拍照攻略闪屏-56.png: 941x1672
[image-size] D:\测试\闪屏\拍照攻略闪屏-57.png: 941x1672
[image-size] D:\测试\闪屏\拍照攻略闪屏-58.png: 941x1672
[image-size] D:\测试\闪屏\拍照攻略闪屏-59.png: 941x1672
[image-size] D:\测试\闪屏\拍照攻略闪屏-6.png: 941x1672
[image-size] D:\测试\闪屏\拍照攻略闪屏-60.png: 941x1672
[image-size] D:\测试\闪屏\拍照攻略闪屏-61.png: 941x1672
[image-size] D:\测试\闪屏\拍照攻略闪屏-62.png: 941x1672
[image-size] D:\测试\闪屏\拍照攻略闪屏-63.png: 941x1672
[image-size] D:\测试\闪屏\拍照攻略闪屏-64.png: 941x1672
[image-size] D:\测试\闪屏\拍照攻略闪屏-65.png: 941x1672
[image-size] D:\测试\闪屏\拍照攻略闪屏-66.png: 941x1672
[image-size] D:\测试\闪屏\拍照攻略闪屏-67.png: 941x1672
[image-size] D:\测试\闪屏\拍照攻略闪屏-68.png: 941x1672
[image-size] D:\测试\闪屏\拍照攻略闪屏-69.png: 941x1672
[image-size] D:\测试\闪屏\拍照攻略闪屏-7.png: 941x1672
[image-size] D:\测试\闪屏\拍照攻略闪屏-70.png: 941x1672
[image-size] D:\测试\闪屏\拍照攻略闪屏-71.png: 941x1672
[image-size] D:\测试\闪屏\拍照攻略闪屏-72.png: 941x1672
[image-size] D:\测试\闪屏\拍照攻略闪屏-73.png: 941x1672
[image-size] D:\测试\闪屏\拍照攻略闪屏-74.png: 941x1672
[image-size] D:\测试\闪屏\拍照攻略闪屏-75.png: 941x1672
[image-size] D:\测试\闪屏\拍照攻略闪屏-76.png: 941x1672
[image-size] D:\测试\闪屏\拍照攻略闪屏-77.png: 941x1672
[image-size] D:\测试\闪屏\拍照攻略闪屏-78.png: 941x1672
[image-size] D:\测试\闪屏\拍照攻略闪屏-79.png: 941x1672
[image-size] D:\测试\闪屏\拍照攻略闪屏-8.png: 941x1672
[image-size] D:\测试\闪屏\拍照攻略闪屏-80.png: 941x1672
[image-size] D:\测试\闪屏\拍照攻略闪屏-81.png: 941x1672
[image-size] D:\测试\闪屏\拍照攻略闪屏-82.png: 941x1672
[image-size] D:\测试\闪屏\拍照攻略闪屏-83.png: 941x1672
[image-size] D:\测试\闪屏\拍照攻略闪屏-84.png: 941x1672
[image-size] D:\测试\闪屏\拍照攻略闪屏-85.png: 941x1672
[image-size] D:\测试\闪屏\拍照攻略闪屏-86.png: 941x1672
[image-size] D:\测试\闪屏\拍照攻略闪屏-87.png: 941x1672
[image-size] D:\测试\闪屏\拍照攻略闪屏-88.png: 941x1672
[image-size] D:\测试\闪屏\拍照攻略闪屏-89.png: 941x1672
[image-size] D:\测试\闪屏\拍照攻略闪屏-9.png: 941x1672
[image-size] D:\测试\闪屏\拍照攻略闪屏-90.png: 941x1672
[image-size] D:\测试\闪屏\拍照攻略闪屏-91.png: 941x1672
[image-size] D:\测试\闪屏\拍照攻略闪屏-92.png: 941x1672
[image-size] D:\测试\闪屏\拍照攻略闪屏-93.png: 941x1672
[image-size] D:\测试\闪屏\拍照攻略闪屏-94.png: 941x1672
[image-size] D:\测试\闪屏\拍照攻略闪屏-95.png: 941x1672
[image-size] D:\测试\闪屏\拍照攻略闪屏-96.png: 941x1672
[image-size] D:\测试\闪屏\拍照攻略闪屏-97.png: 941x1672
[image-size] D:\测试\闪屏\拍照攻略闪屏-98.png: 941x1672
[image-size] D:\测试\闪屏\拍照攻略闪屏-99.png: 941x1672
[image-size] D:\测试\闪屏\拍照攻略闪屏-1.png: 941x1672
[image-size] D:\测试\闪屏\拍照攻略闪屏-10.png: 941x1672
[image-size] D:\测试\闪屏\拍照攻略闪屏-100.png: 941x1672
[image-size] D:\测试\闪屏\拍照攻略闪屏-11.png: 941x1672
[image-size] D:\测试\闪屏\拍照攻略闪屏-12.png: 941x1672
[image-size] D:\测试\闪屏\拍照攻略闪屏-13.png: 941x1672
[image-size] D:\测试\闪屏\拍照攻略闪屏-14.png: 941x1672
[image-size] D:\测试\闪屏\拍照攻略闪屏-15.png: 941x1672
[image-size] D:\测试\闪屏\拍照攻略闪屏-16.png: 941x1672
[image-size] D:\测试\闪屏\拍照攻略闪屏-17.png: 941x1672
[image-size] D:\测试\闪屏\拍照攻略闪屏-18.png: 941x1672
[image-size] D:\测试\闪屏\拍照攻略闪屏-19.png: 941x1672
[image-size] D:\测试\闪屏\拍照攻略闪屏-2.png: 941x1672
[image-size] D:\测试\闪屏\拍照攻略闪屏-20.png: 941x1672
[image-size] D:\测试\闪屏\拍照攻略闪屏-21.png: 941x1672
[image-size] D:\测试\闪屏\拍照攻略闪屏-22.png: 941x1672
[image-size] D:\测试\闪屏\拍照攻略闪屏-23.png: 941x1672
[image-size] D:\测试\闪屏\拍照攻略闪屏-24.png: 941x1672
[image-size] D:\测试\闪屏\拍照攻略闪屏-25.png: 941x1672
[image-size] D:\测试\闪屏\拍照攻略闪屏-26.png: 941x1672
[image-size] D:\测试\闪屏\拍照攻略闪屏-27.png: 941x1672
[image-size] D:\测试\闪屏\拍照攻略闪屏-28.png: 941x1672
[image-size] D:\测试\闪屏\拍照攻略闪屏-29.png: 941x1672
[image-size] D:\测试\闪屏\拍照攻略闪屏-3.png: 941x1672
[image-size] D:\测试\闪屏\拍照攻略闪屏-30.png: 941x1672
[image-size] D:\测试\闪屏\拍照攻略闪屏-31.png: 941x1672
[image-size] D:\测试\闪屏\拍照攻略闪屏-32.png: 941x1672
[image-size] D:\测试\闪屏\拍照攻略闪屏-33.png: 941x1672
[image-size] D:\测试\闪屏\拍照攻略闪屏-34.png: 941x1672
[image-size] D:\测试\闪屏\拍照攻略闪屏-35.png: 941x1672
[image-size] D:\测试\闪屏\拍照攻略闪屏-36.png: 941x1672
[image-size] D:\测试\闪屏\拍照攻略闪屏-37.png: 941x1672
[image-size] D:\测试\闪屏\拍照攻略闪屏-38.png: 941x1672
[image-size] D:\测试\闪屏\拍照攻略闪屏-39.png: 941x1672
[image-size] D:\测试\闪屏\拍照攻略闪屏-4.png: 941x1672
[image-size] D:\测试\闪屏\拍照攻略闪屏-40.png: 941x1672
[image-size] D:\测试\闪屏\拍照攻略闪屏-41.png: 941x1672
[image-size] D:\测试\闪屏\拍照攻略闪屏-42.png: 941x1672
[image-size] D:\测试\闪屏\拍照攻略闪屏-43.png: 941x1672
[image-size] D:\测试\闪屏\拍照攻略闪屏-44.png: 941x1672
[image-size] D:\测试\闪屏\拍照攻略闪屏-45.png: 941x1672
[image-size] D:\测试\闪屏\拍照攻略闪屏-46.png: 941x1672
[image-size] D:\测试\闪屏\拍照攻略闪屏-47.png: 941x1672
[image-size] D:\测试\闪屏\拍照攻略闪屏-48.png: 941x1672
[image-size] D:\测试\闪屏\拍照攻略闪屏-49.png: 941x1672
[image-size] D:\测试\闪屏\拍照攻略闪屏-5.png: 941x1672
[image-size] D:\测试\闪屏\拍照攻略闪屏-50.png: 941x1672
[image-size] D:\测试\闪屏\拍照攻略闪屏-51.png: 941x1672
[image-size] D:\测试\闪屏\拍照攻略闪屏-52.png: 941x1672
[image-size] D:\测试\闪屏\拍照攻略闪屏-53.png: 941x1672
[image-size] D:\测试\闪屏\拍照攻略闪屏-54.png: 941x1672
[image-size] D:\测试\闪屏\拍照攻略闪屏-55.png: 941x1672
[image-size] D:\测试\闪屏\拍照攻略闪屏-56.png: 941x1672
[image-size] D:\测试\闪屏\拍照攻略闪屏-57.png: 941x1672
[image-size] D:\测试\闪屏\拍照攻略闪屏-58.png: 941x1672
[image-size] D:\测试\闪屏\拍照攻略闪屏-59.png: 941x1672
[image-size] D:\测试\闪屏\拍照攻略闪屏-6.png: 941x1672
[image-size] D:\测试\闪屏\拍照攻略闪屏-60.png: 941x1672
[image-size] D:\测试\闪屏\拍照攻略闪屏-61.png: 941x1672
[image-size] D:\测试\闪屏\拍照攻略闪屏-62.png: 941x1672
[image-size] D:\测试\闪屏\拍照攻略闪屏-63.png: 941x1672
[image-size] D:\测试\闪屏\拍照攻略闪屏-64.png: 941x1672
[image-size] D:\测试\闪屏\拍照攻略闪屏-65.png: 941x1672
[image-size] D:\测试\闪屏\拍照攻略闪屏-66.png: 941x1672
[image-size] D:\测试\闪屏\拍照攻略闪屏-67.png: 941x1672
[image-size] D:\测试\闪屏\拍照攻略闪屏-68.png: 941x1672
[image-size] D:\测试\闪屏\拍照攻略闪屏-69.png: 941x1672
[image-size] D:\测试\闪屏\拍照攻略闪屏-7.png: 941x1672
[image-size] D:\测试\闪屏\拍照攻略闪屏-70.png: 941x1672
[image-size] D:\测试\闪屏\拍照攻略闪屏-71.png: 941x1672
[image-size] D:\测试\闪屏\拍照攻略闪屏-72.png: 941x1672
[image-size] D:\测试\闪屏\拍照攻略闪屏-73.png: 941x1672
[image-size] D:\测试\闪屏\拍照攻略闪屏-74.png: 941x1672
[image-size] D:\测试\闪屏\拍照攻略闪屏-75.png: 941x1672
[image-size] D:\测试\闪屏\拍照攻略闪屏-76.png: 941x1672
[image-size] D:\测试\闪屏\拍照攻略闪屏-77.png: 941x1672
[image-size] D:\测试\闪屏\拍照攻略闪屏-78.png: 941x1672
[image-size] D:\测试\闪屏\拍照攻略闪屏-79.png: 941x1672
[image-size] D:\测试\闪屏\拍照攻略闪屏-8.png: 941x1672
[image-size] D:\测试\闪屏\拍照攻略闪屏-80.png: 941x1672
[image-size] D:\测试\闪屏\拍照攻略闪屏-81.png: 941x1672
[image-size] D:\测试\闪屏\拍照攻略闪屏-82.png: 941x1672
[image-size] D:\测试\闪屏\拍照攻略闪屏-83.png: 941x1672
[image-size] D:\测试\闪屏\拍照攻略闪屏-84.png: 941x1672
[image-size] D:\测试\闪屏\拍照攻略闪屏-85.png: 941x1672
[image-size] D:\测试\闪屏\拍照攻略闪屏-86.png: 941x1672
[image-size] D:\测试\闪屏\拍照攻略闪屏-87.png: 941x1672
[image-size] D:\测试\闪屏\拍照攻略闪屏-88.png: 941x1672
[image-size] D:\测试\闪屏\拍照攻略闪屏-89.png: 941x1672
[image-size] D:\测试\闪屏\拍照攻略闪屏-9.png: 941x1672
[image-size] D:\测试\闪屏\拍照攻略闪屏-90.png: 941x1672
[image-size] D:\测试\闪屏\拍照攻略闪屏-91.png: 941x1672
[image-size] D:\测试\闪屏\拍照攻略闪屏-92.png: 941x1672
[image-size] D:\测试\闪屏\拍照攻略闪屏-93.png: 941x1672
[image-size] D:\测试\闪屏\拍照攻略闪屏-94.png: 941x1672
[image-size] D:\测试\闪屏\拍照攻略闪屏-95.png: 941x1672
[image-size] D:\测试\闪屏\拍照攻略闪屏-96.png: 941x1672
[image-size] D:\测试\闪屏\拍照攻略闪屏-97.png: 941x1672
[image-size] D:\测试\闪屏\拍照攻略闪屏-98.png: 941x1672
[image-size] D:\测试\闪屏\拍照攻略闪屏-99.png: 941x1672
[image-size] D:\测试\闪屏\拍照攻略闪屏-1.png: 941x1672
[image-size] D:\测试\闪屏\拍照攻略闪屏-10.png: 941x1672
[image-size] D:\测试\闪屏\拍照攻略闪屏-100.png: 941x1672
[image-size] D:\测试\闪屏\拍照攻略闪屏-11.png: 941x1672
[image-size] D:\测试\闪屏\拍照攻略闪屏-12.png: 941x1672
[image-size] D:\测试\闪屏\拍照攻略闪屏-13.png: 941x1672
[image-size] D:\测试\闪屏\拍照攻略闪屏-14.png: 941x1672
[image-size] D:\测试\闪屏\拍照攻略闪屏-15.png: 941x1672
[image-size] D:\测试\闪屏\拍照攻略闪屏-16.png: 941x1672
[image-size] D:\测试\闪屏\拍照攻略闪屏-17.png: 941x1672
[image-size] D:\测试\闪屏\拍照攻略闪屏-18.png: 941x1672
[image-size] D:\测试\闪屏\拍照攻略闪屏-19.png: 941x1672
[image-size] D:\测试\闪屏\拍照攻略闪屏-2.png: 941x1672
[image-size] D:\测试\闪屏\拍照攻略闪屏-20.png: 941x1672
[image-size] D:\测试\闪屏\拍照攻略闪屏-21.png: 941x1672
[image-size] D:\测试\闪屏\拍照攻略闪屏-22.png: 941x1672
[image-size] D:\测试\闪屏\拍照攻略闪屏-23.png: 941x1672
[image-size] D:\测试\闪屏\拍照攻略闪屏-24.png: 941x1672
[image-size] D:\测试\闪屏\拍照攻略闪屏-25.png: 941x1672
[image-size] D:\测试\闪屏\拍照攻略闪屏-26.png: 941x1672
[image-size] D:\测试\闪屏\拍照攻略闪屏-27.png: 941x1672
[image-size] D:\测试\闪屏\拍照攻略闪屏-28.png: 941x1672
[image-size] D:\测试\闪屏\拍照攻略闪屏-29.png: 941x1672
[image-size] D:\测试\闪屏\拍照攻略闪屏-3.png: 941x1672
[image-size] D:\测试\闪屏\拍照攻略闪屏-30.png: 941x1672
[image-size] D:\测试\闪屏\拍照攻略闪屏-31.png: 941x1672
[image-size] D:\测试\闪屏\拍照攻略闪屏-32.png: 941x1672
[image-size] D:\测试\闪屏\拍照攻略闪屏-33.png: 941x1672
[image-size] D:\测试\闪屏\拍照攻略闪屏-34.png: 941x1672
[image-size] D:\测试\闪屏\拍照攻略闪屏-35.png: 941x1672
[image-size] D:\测试\闪屏\拍照攻略闪屏-36.png: 941x1672
[image-size] D:\测试\闪屏\拍照攻略闪屏-37.png: 941x1672
[image-size] D:\测试\闪屏\拍照攻略闪屏-38.png: 941x1672
[image-size] D:\测试\闪屏\拍照攻略闪屏-39.png: 941x1672
[image-size] D:\测试\闪屏\拍照攻略闪屏-4.png: 941x1672
[image-size] D:\测试\闪屏\拍照攻略闪屏-40.png: 941x1672
[image-size] D:\测试\闪屏\拍照攻略闪屏-41.png: 941x1672
[image-size] D:\测试\闪屏\拍照攻略闪屏-42.png: 941x1672
[image-size] D:\测试\闪屏\拍照攻略闪屏-43.png: 941x1672
[image-size] D:\测试\闪屏\拍照攻略闪屏-44.png: 941x1672
[image-size] D:\测试\闪屏\拍照攻略闪屏-45.png: 941x1672
[image-size] D:\测试\闪屏\拍照攻略闪屏-46.png: 941x1672
[image-size] D:\测试\闪屏\拍照攻略闪屏-47.png: 941x1672
[image-size] D:\测试\闪屏\拍照攻略闪屏-48.png: 941x1672
[image-size] D:\测试\闪屏\拍照攻略闪屏-49.png: 941x1672
[image-size] D:\测试\闪屏\拍照攻略闪屏-5.png: 941x1672
[image-size] D:\测试\闪屏\拍照攻略闪屏-50.png: 941x1672
[image-size] D:\测试\闪屏\拍照攻略闪屏-51.png: 941x1672
[image-size] D:\测试\闪屏\拍照攻略闪屏-52.png: 941x1672
[image-size] D:\测试\闪屏\拍照攻略闪屏-53.png: 941x1672
[image-size] D:\测试\闪屏\拍照攻略闪屏-54.png: 941x1672
[image-size] D:\测试\闪屏\拍照攻略闪屏-55.png: 941x1672
[image-size] D:\测试\闪屏\拍照攻略闪屏-56.png: 941x1672
[image-size] D:\测试\闪屏\拍照攻略闪屏-57.png: 941x1672
[image-size] D:\测试\闪屏\拍照攻略闪屏-58.png: 941x1672
[image-size] D:\测试\闪屏\拍照攻略闪屏-59.png: 941x1672
[image-size] D:\测试\闪屏\拍照攻略闪屏-6.png: 941x1672
[image-size] D:\测试\闪屏\拍照攻略闪屏-60.png: 941x1672
[image-size] D:\测试\闪屏\拍照攻略闪屏-61.png: 941x1672
[image-size] D:\测试\闪屏\拍照攻略闪屏-62.png: 941x1672
[image-size] D:\测试\闪屏\拍照攻略闪屏-63.png: 941x1672
[image-size] D:\测试\闪屏\拍照攻略闪屏-64.png: 941x1672
[image-size] D:\测试\闪屏\拍照攻略闪屏-65.png: 941x1672
[image-size] D:\测试\闪屏\拍照攻略闪屏-66.png: 941x1672
[image-size] D:\测试\闪屏\拍照攻略闪屏-67.png: 941x1672
[image-size] D:\测试\闪屏\拍照攻略闪屏-68.png: 941x1672
[image-size] D:\测试\闪屏\拍照攻略闪屏-69.png: 941x1672
[image-size] D:\测试\闪屏\拍照攻略闪屏-7.png: 941x1672
[image-size] D:\测试\闪屏\拍照攻略闪屏-70.png: 941x1672
[image-size] D:\测试\闪屏\拍照攻略闪屏-71.png: 941x1672
[image-size] D:\测试\闪屏\拍照攻略闪屏-72.png: 941x1672
[image-size] D:\测试\闪屏\拍照攻略闪屏-73.png: 941x1672
[image-size] D:\测试\闪屏\拍照攻略闪屏-74.png: 941x1672
[image-size] D:\测试\闪屏\拍照攻略闪屏-75.png: 941x1672
[image-size] D:\测试\闪屏\拍照攻略闪屏-76.png: 941x1672
[image-size] D:\测试\闪屏\拍照攻略闪屏-77.png: 941x1672
[image-size] D:\测试\闪屏\拍照攻略闪屏-78.png: 941x1672
[image-size] D:\测试\闪屏\拍照攻略闪屏-79.png: 941x1672
[image-size] D:\测试\闪屏\拍照攻略闪屏-8.png: 941x1672
[image-size] D:\测试\闪屏\拍照攻略闪屏-80.png: 941x1672
[image-size] D:\测试\闪屏\拍照攻略闪屏-81.png: 941x1672
[image-size] D:\测试\闪屏\拍照攻略闪屏-82.png: 941x1672
[image-size] D:\测试\闪屏\拍照攻略闪屏-83.png: 941x1672
[image-size] D:\测试\闪屏\拍照攻略闪屏-84.png: 941x1672
[image-size] D:\测试\闪屏\拍照攻略闪屏-85.png: 941x1672
[image-size] D:\测试\闪屏\拍照攻略闪屏-86.png: 941x1672
[image-size] D:\测试\闪屏\拍照攻略闪屏-87.png: 941x1672
[image-size] D:\测试\闪屏\拍照攻略闪屏-88.png: 941x1672
[image-size] D:\测试\闪屏\拍照攻略闪屏-89.png: 941x1672
[image-size] D:\测试\闪屏\拍照攻略闪屏-9.png: 941x1672
[image-size] D:\测试\闪屏\拍照攻略闪屏-90.png: 941x1672
[image-size] D:\测试\闪屏\拍照攻略闪屏-91.png: 941x1672
[image-size] D:\测试\闪屏\拍照攻略闪屏-92.png: 941x1672
[image-size] D:\测试\闪屏\拍照攻略闪屏-93.png: 941x1672
[image-size] D:\测试\闪屏\拍照攻略闪屏-94.png: 941x1672
[image-size] D:\测试\闪屏\拍照攻略闪屏-95.png: 941x1672
[image-size] D:\测试\闪屏\拍照攻略闪屏-96.png: 941x1672
[image-size] D:\测试\闪屏\拍照攻略闪屏-97.png: 941x1672
[image-size] D:\测试\闪屏\拍照攻略闪屏-98.png: 941x1672
[image-size] D:\测试\闪屏\拍照攻略闪屏-99.png: 941x1672
[image-size] D:\测试\闪屏\拍照攻略闪屏-1.png: 941x1672
[image-size] D:\测试\闪屏\拍照攻略闪屏-10.png: 941x1672
[image-size] D:\测试\闪屏\拍照攻略闪屏-100.png: 941x1672
[image-size] D:\测试\闪屏\拍照攻略闪屏-11.png: 941x1672
[image-size] D:\测试\闪屏\拍照攻略闪屏-12.png: 941x1672
[image-size] D:\测试\闪屏\拍照攻略闪屏-13.png: 941x1672
[image-size] D:\测试\闪屏\拍照攻略闪屏-14.png: 941x1672
[image-size] D:\测试\闪屏\拍照攻略闪屏-15.png: 941x1672
[image-size] D:\测试\闪屏\拍照攻略闪屏-16.png: 941x1672
[image-size] D:\测试\闪屏\拍照攻略闪屏-17.png: 941x1672
[image-size] D:\测试\闪屏\拍照攻略闪屏-18.png: 941x1672
[image-size] D:\测试\闪屏\拍照攻略闪屏-19.png: 941x1672
[image-size] D:\测试\闪屏\拍照攻略闪屏-2.png: 941x1672
[image-size] D:\测试\闪屏\拍照攻略闪屏-20.png: 941x1672
[image-size] D:\测试\闪屏\拍照攻略闪屏-21.png: 941x1672
[image-size] D:\测试\闪屏\拍照攻略闪屏-22.png: 941x1672
[image-size] D:\测试\闪屏\拍照攻略闪屏-23.png: 941x1672
[image-size] D:\测试\闪屏\拍照攻略闪屏-24.png: 941x1672
[image-size] D:\测试\闪屏\拍照攻略闪屏-25.png: 941x1672
[image-size] D:\测试\闪屏\拍照攻略闪屏-26.png: 941x1672
[image-size] D:\测试\闪屏\拍照攻略闪屏-27.png: 941x1672
[image-size] D:\测试\闪屏\拍照攻略闪屏-28.png: 941x1672
[image-size] D:\测试\闪屏\拍照攻略闪屏-29.png: 941x1672
[image-size] D:\测试\闪屏\拍照攻略闪屏-3.png: 941x1672
[image-size] D:\测试\闪屏\拍照攻略闪屏-30.png: 941x1672
[image-size] D:\测试\闪屏\拍照攻略闪屏-31.png: 941x1672
[image-size] D:\测试\闪屏\拍照攻略闪屏-32.png: 941x1672
[image-size] D:\测试\闪屏\拍照攻略闪屏-33.png: 941x1672
[image-size] D:\测试\闪屏\拍照攻略闪屏-34.png: 941x1672
[image-size] D:\测试\闪屏\拍照攻略闪屏-35.png: 941x1672
[image-size] D:\测试\闪屏\拍照攻略闪屏-36.png: 941x1672
[image-size] D:\测试\闪屏\拍照攻略闪屏-37.png: 941x1672
[image-size] D:\测试\闪屏\拍照攻略闪屏-38.png: 941x1672
[image-size] D:\测试\闪屏\拍照攻略闪屏-39.png: 941x1672
[image-size] D:\测试\闪屏\拍照攻略闪屏-4.png: 941x1672
[image-size] D:\测试\闪屏\拍照攻略闪屏-40.png: 941x1672
[image-size] D:\测试\闪屏\拍照攻略闪屏-41.png: 941x1672
[image-size] D:\测试\闪屏\拍照攻略闪屏-42.png: 941x1672
[image-size] D:\测试\闪屏\拍照攻略闪屏-43.png: 941x1672
[image-size] D:\测试\闪屏\拍照攻略闪屏-44.png: 941x1672
[image-size] D:\测试\闪屏\拍照攻略闪屏-45.png: 941x1672
[image-size] D:\测试\闪屏\拍照攻略闪屏-46.png: 941x1672
[image-size] D:\测试\闪屏\拍照攻略闪屏-47.png: 941x1672
[image-size] D:\测试\闪屏\拍照攻略闪屏-48.png: 941x1672
[image-size] D:\测试\闪屏\拍照攻略闪屏-49.png: 941x1672
[image-size] D:\测试\闪屏\拍照攻略闪屏-5.png: 941x1672
[image-size] D:\测试\闪屏\拍照攻略闪屏-50.png: 941x1672
[image-size] D:\测试\闪屏\拍照攻略闪屏-51.png: 941x1672
[image-size] D:\测试\闪屏\拍照攻略闪屏-52.png: 941x1672
[image-size] D:\测试\闪屏\拍照攻略闪屏-53.png: 941x1672
[image-size] D:\测试\闪屏\拍照攻略闪屏-54.png: 941x1672
[image-size] D:\测试\闪屏\拍照攻略闪屏-55.png: 941x1672
[image-size] D:\测试\闪屏\拍照攻略闪屏-56.png: 941x1672
[image-size] D:\测试\闪屏\拍照攻略闪屏-57.png: 941x1672
[image-size] D:\测试\闪屏\拍照攻略闪屏-58.png: 941x1672
[image-size] D:\测试\闪屏\拍照攻略闪屏-59.png: 941x1672
[image-size] D:\测试\闪屏\拍照攻略闪屏-6.png: 941x1672
[image-size] D:\测试\闪屏\拍照攻略闪屏-60.png: 941x1672
[image-size] D:\测试\闪屏\拍照攻略闪屏-61.png: 941x1672
[image-size] D:\测试\闪屏\拍照攻略闪屏-62.png: 941x1672
[image-size] D:\测试\闪屏\拍照攻略闪屏-63.png: 941x1672
[image-size] D:\测试\闪屏\拍照攻略闪屏-64.png: 941x1672
[image-size] D:\测试\闪屏\拍照攻略闪屏-65.png: 941x1672
[image-size] D:\测试\闪屏\拍照攻略闪屏-66.png: 941x1672
[image-size] D:\测试\闪屏\拍照攻略闪屏-67.png: 941x1672
[image-size] D:\测试\闪屏\拍照攻略闪屏-68.png: 941x1672
[image-size] D:\测试\闪屏\拍照攻略闪屏-69.png: 941x1672
[image-size] D:\测试\闪屏\拍照攻略闪屏-7.png: 941x1672
[image-size] D:\测试\闪屏\拍照攻略闪屏-70.png: 941x1672
[image-size] D:\测试\闪屏\拍照攻略闪屏-71.png: 941x1672
[image-size] D:\测试\闪屏\拍照攻略闪屏-72.png: 941x1672
[image-size] D:\测试\闪屏\拍照攻略闪屏-73.png: 941x1672
[image-size] D:\测试\闪屏\拍照攻略闪屏-74.png: 941x1672
[image-size] D:\测试\闪屏\拍照攻略闪屏-75.png: 941x1672
[image-size] D:\测试\闪屏\拍照攻略闪屏-76.png: 941x1672
[image-size] D:\测试\闪屏\拍照攻略闪屏-77.png: 941x1672
[image-size] D:\测试\闪屏\拍照攻略闪屏-78.png: 941x1672
[image-size] D:\测试\闪屏\拍照攻略闪屏-79.png: 941x1672
[image-size] D:\测试\闪屏\拍照攻略闪屏-8.png: 941x1672
[image-size] D:\测试\闪屏\拍照攻略闪屏-80.png: 941x1672
[image-size] D:\测试\闪屏\拍照攻略闪屏-81.png: 941x1672
[image-size] D:\测试\闪屏\拍照攻略闪屏-82.png: 941x1672
[image-size] D:\测试\闪屏\拍照攻略闪屏-83.png: 941x1672
[image-size] D:\测试\闪屏\拍照攻略闪屏-84.png: 941x1672
[image-size] D:\测试\闪屏\拍照攻略闪屏-85.png: 941x1672
[image-size] D:\测试\闪屏\拍照攻略闪屏-86.png: 941x1672
[image-size] D:\测试\闪屏\拍照攻略闪屏-87.png: 941x1672
[image-size] D:\测试\闪屏\拍照攻略闪屏-88.png: 941x1672
[image-size] D:\测试\闪屏\拍照攻略闪屏-89.png: 941x1672
[image-size] D:\测试\闪屏\拍照攻略闪屏-9.png: 941x1672
[image-size] D:\测试\闪屏\拍照攻略闪屏-90.png: 941x1672
[image-size] D:\测试\闪屏\拍照攻略闪屏-91.png: 941x1672
[image-size] D:\测试\闪屏\拍照攻略闪屏-92.png: 941x1672
[image-size] D:\测试\闪屏\拍照攻略闪屏-93.png: 941x1672
[image-size] D:\测试\闪屏\拍照攻略闪屏-94.png: 941x1672
[image-size] D:\测试\闪屏\拍照攻略闪屏-95.png: 941x1672
[image-size] D:\测试\闪屏\拍照攻略闪屏-96.png: 941x1672
[image-size] D:\测试\闪屏\拍照攻略闪屏-97.png: 941x1672
[image-size] D:\测试\闪屏\拍照攻略闪屏-98.png: 941x1672
[image-size] D:\测试\闪屏\拍照攻略闪屏-99.png: 941x1672
[image-size] D:\测试\闪屏\拍照攻略闪屏-1.png: 941x1672
[image-size] D:\测试\闪屏\拍照攻略闪屏-10.png: 941x1672
[image-size] D:\测试\闪屏\拍照攻略闪屏-100.png: 941x1672
[image-size] D:\测试\闪屏\拍照攻略闪屏-11.png: 941x1672
[image-size] D:\测试\闪屏\拍照攻略闪屏-12.png: 941x1672
[image-size] D:\测试\闪屏\拍照攻略闪屏-13.png: 941x1672
[image-size] D:\测试\闪屏\拍照攻略闪屏-14.png: 941x1672
[image-size] D:\测试\闪屏\拍照攻略闪屏-15.png: 941x1672
[image-size] D:\测试\闪屏\拍照攻略闪屏-16.png: 941x1672
[image-size] D:\测试\闪屏\拍照攻略闪屏-17.png: 941x1672
[image-size] D:\测试\闪屏\拍照攻略闪屏-18.png: 941x1672
[image-size] D:\测试\闪屏\拍照攻略闪屏-19.png: 941x1672
[image-size] D:\测试\闪屏\拍照攻略闪屏-2.png: 941x1672
[image-size] D:\测试\闪屏\拍照攻略闪屏-20.png: 941x1672
[image-size] D:\测试\闪屏\拍照攻略闪屏-21.png: 941x1672
[image-size] D:\测试\闪屏\拍照攻略闪屏-22.png: 941x1672
[image-size] D:\测试\闪屏\拍照攻略闪屏-23.png: 941x1672
[image-size] D:\测试\闪屏\拍照攻略闪屏-24.png: 941x1672
[image-size] D:\测试\闪屏\拍照攻略闪屏-25.png: 941x1672
[image-size] D:\测试\闪屏\拍照攻略闪屏-26.png: 941x1672
[image-size] D:\测试\闪屏\拍照攻略闪屏-27.png: 941x1672
[image-size] D:\测试\闪屏\拍照攻略闪屏-28.png: 941x1672
[image-size] D:\测试\闪屏\拍照攻略闪屏-29.png: 941x1672
[image-size] D:\测试\闪屏\拍照攻略闪屏-3.png: 941x1672
[image-size] D:\测试\闪屏\拍照攻略闪屏-30.png: 941x1672
[image-size] D:\测试\闪屏\拍照攻略闪屏-31.png: 941x1672
[image-size] D:\测试\闪屏\拍照攻略闪屏-32.png: 941x1672
[image-size] D:\测试\闪屏\拍照攻略闪屏-33.png: 941x1672
[image-size] D:\测试\闪屏\拍照攻略闪屏-34.png: 941x1672
[image-size] D:\测试\闪屏\拍照攻略闪屏-35.png: 941x1672
[image-size] D:\测试\闪屏\拍照攻略闪屏-36.png: 941x1672
[image-size] D:\测试\闪屏\拍照攻略闪屏-37.png: 941x1672
[image-size] D:\测试\闪屏\拍照攻略闪屏-38.png: 941x1672
[image-size] D:\测试\闪屏\拍照攻略闪屏-39.png: 941x1672
[image-size] D:\测试\闪屏\拍照攻略闪屏-4.png: 941x1672
[image-size] D:\测试\闪屏\拍照攻略闪屏-40.png: 941x1672
[image-size] D:\测试\闪屏\拍照攻略闪屏-41.png: 941x1672
[image-size] D:\测试\闪屏\拍照攻略闪屏-42.png: 941x1672
[image-size] D:\测试\闪屏\拍照攻略闪屏-43.png: 941x1672
[image-size] D:\测试\闪屏\拍照攻略闪屏-44.png: 941x1672
[image-size] D:\测试\闪屏\拍照攻略闪屏-45.png: 941x1672
[image-size] D:\测试\闪屏\拍照攻略闪屏-46.png: 941x1672
[image-size] D:\测试\闪屏\拍照攻略闪屏-47.png: 941x1672
[image-size] D:\测试\闪屏\拍照攻略闪屏-48.png: 941x1672
[image-size] D:\测试\闪屏\拍照攻略闪屏-49.png: 941x1672
[image-size] D:\测试\闪屏\拍照攻略闪屏-5.png: 941x1672
[image-size] D:\测试\闪屏\拍照攻略闪屏-50.png: 941x1672
[image-size] D:\测试\闪屏\拍照攻略闪屏-51.png: 941x1672
[image-size] D:\测试\闪屏\拍照攻略闪屏-52.png: 941x1672
[image-size] D:\测试\闪屏\拍照攻略闪屏-53.png: 941x1672
[image-size] D:\测试\闪屏\拍照攻略闪屏-54.png: 941x1672
[image-size] D:\测试\闪屏\拍照攻略闪屏-55.png: 941x1672
[image-size] D:\测试\闪屏\拍照攻略闪屏-56.png: 941x1672
[image-size] D:\测试\闪屏\拍照攻略闪屏-57.png: 941x1672
[image-size] D:\测试\闪屏\拍照攻略闪屏-58.png: 941x1672
[image-size] D:\测试\闪屏\拍照攻略闪屏-59.png: 941x1672
[image-size] D:\测试\闪屏\拍照攻略闪屏-6.png: 941x1672
[image-size] D:\测试\闪屏\拍照攻略闪屏-60.png: 941x1672
[image-size] D:\测试\闪屏\拍照攻略闪屏-61.png: 941x1672
[image-size] D:\测试\闪屏\拍照攻略闪屏-62.png: 941x1672
[image-size] D:\测试\闪屏\拍照攻略闪屏-63.png: 941x1672
[image-size] D:\测试\闪屏\拍照攻略闪屏-64.png: 941x1672
[image-size] D:\测试\闪屏\拍照攻略闪屏-65.png: 941x1672
[image-size] D:\测试\闪屏\拍照攻略闪屏-66.png: 941x1672
[image-size] D:\测试\闪屏\拍照攻略闪屏-67.png: 941x1672
[image-size] D:\测试\闪屏\拍照攻略闪屏-68.png: 941x1672
[image-size] D:\测试\闪屏\拍照攻略闪屏-69.png: 941x1672
[image-size] D:\测试\闪屏\拍照攻略闪屏-7.png: 941x1672
[image-size] D:\测试\闪屏\拍照攻略闪屏-70.png: 941x1672
[image-size] D:\测试\闪屏\拍照攻略闪屏-71.png: 941x1672
[image-size] D:\测试\闪屏\拍照攻略闪屏-72.png: 941x1672
[image-size] D:\测试\闪屏\拍照攻略闪屏-73.png: 941x1672
[image-size] D:\测试\闪屏\拍照攻略闪屏-74.png: 941x1672
[image-size] D:\测试\闪屏\拍照攻略闪屏-75.png: 941x1672
[image-size] D:\测试\闪屏\拍照攻略闪屏-76.png: 941x1672
[image-size] D:\测试\闪屏\拍照攻略闪屏-77.png: 941x1672
[image-size] D:\测试\闪屏\拍照攻略闪屏-78.png: 941x1672
[image-size] D:\测试\闪屏\拍照攻略闪屏-79.png: 941x1672
[image-size] D:\测试\闪屏\拍照攻略闪屏-8.png: 941x1672
[image-size] D:\测试\闪屏\拍照攻略闪屏-80.png: 941x1672
[image-size] D:\测试\闪屏\拍照攻略闪屏-81.png: 941x1672
[image-size] D:\测试\闪屏\拍照攻略闪屏-82.png: 941x1672
[image-size] D:\测试\闪屏\拍照攻略闪屏-83.png: 941x1672
[image-size] D:\测试\闪屏\拍照攻略闪屏-84.png: 941x1672
[image-size] D:\测试\闪屏\拍照攻略闪屏-85.png: 941x1672
[image-size] D:\测试\闪屏\拍照攻略闪屏-86.png: 941x1672
[image-size] D:\测试\闪屏\拍照攻略闪屏-87.png: 941x1672
[image-size] D:\测试\闪屏\拍照攻略闪屏-88.png: 941x1672
[image-size] D:\测试\闪屏\拍照攻略闪屏-89.png: 941x1672
[image-size] D:\测试\闪屏\拍照攻略闪屏-9.png: 941x1672
[image-size] D:\测试\闪屏\拍照攻略闪屏-90.png: 941x1672
[image-size] D:\测试\闪屏\拍照攻略闪屏-91.png: 941x1672
[image-size] D:\测试\闪屏\拍照攻略闪屏-92.png: 941x1672
[image-size] D:\测试\闪屏\拍照攻略闪屏-93.png: 941x1672
[image-size] D:\测试\闪屏\拍照攻略闪屏-94.png: 941x1672
[image-size] D:\测试\闪屏\拍照攻略闪屏-95.png: 941x1672
[image-size] D:\测试\闪屏\拍照攻略闪屏-96.png: 941x1672
[image-size] D:\测试\闪屏\拍照攻略闪屏-97.png: 941x1672
[image-size] D:\测试\闪屏\拍照攻略闪屏-98.png: 941x1672
[image-size] D:\测试\闪屏\拍照攻略闪屏-99.png: 941x1672
[image-size] D:\测试\闪屏\拍照攻略闪屏-1.png: 941x1672
[image-size] D:\测试\闪屏\拍照攻略闪屏-10.png: 941x1672
[image-size] D:\测试\闪屏\拍照攻略闪屏-100.png: 941x1672
[image-size] D:\测试\闪屏\拍照攻略闪屏-11.png: 941x1672
[image-size] D:\测试\闪屏\拍照攻略闪屏-12.png: 941x1672
[image-size] D:\测试\闪屏\拍照攻略闪屏-13.png: 941x1672
[image-size] D:\测试\闪屏\拍照攻略闪屏-14.png: 941x1672
[image-size] D:\测试\闪屏\拍照攻略闪屏-15.png: 941x1672
[image-size] D:\测试\闪屏\拍照攻略闪屏-16.png: 941x1672
[image-size] D:\测试\闪屏\拍照攻略闪屏-17.png: 941x1672
[image-size] D:\测试\闪屏\拍照攻略闪屏-18.png: 941x1672
[image-size] D:\测试\闪屏\拍照攻略闪屏-19.png: 941x1672
[image-size] D:\测试\闪屏\拍照攻略闪屏-2.png: 941x1672
[image-size] D:\测试\闪屏\拍照攻略闪屏-20.png: 941x1672
[image-size] D:\测试\闪屏\拍照攻略闪屏-21.png: 941x1672
[image-size] D:\测试\闪屏\拍照攻略闪屏-22.png: 941x1672
[image-size] D:\测试\闪屏\拍照攻略闪屏-23.png: 941x1672
[image-size] D:\测试\闪屏\拍照攻略闪屏-24.png: 941x1672
[image-size] D:\测试\闪屏\拍照攻略闪屏-25.png: 941x1672
[image-size] D:\测试\闪屏\拍照攻略闪屏-26.png: 941x1672
[image-size] D:\测试\闪屏\拍照攻略闪屏-27.png: 941x1672
[image-size] D:\测试\闪屏\拍照攻略闪屏-28.png: 941x1672
[image-size] D:\测试\闪屏\拍照攻略闪屏-29.png: 941x1672
[image-size] D:\测试\闪屏\拍照攻略闪屏-3.png: 941x1672
[image-size] D:\测试\闪屏\拍照攻略闪屏-30.png: 941x1672
[image-size] D:\测试\闪屏\拍照攻略闪屏-31.png: 941x1672
[image-size] D:\测试\闪屏\拍照攻略闪屏-32.png: 941x1672
[image-size] D:\测试\闪屏\拍照攻略闪屏-33.png: 941x1672
[image-size] D:\测试\闪屏\拍照攻略闪屏-34.png: 941x1672
[image-size] D:\测试\闪屏\拍照攻略闪屏-35.png: 941x1672
[image-size] D:\测试\闪屏\拍照攻略闪屏-36.png: 941x1672
[image-size] D:\测试\闪屏\拍照攻略闪屏-37.png: 941x1672
[image-size] D:\测试\闪屏\拍照攻略闪屏-38.png: 941x1672
[image-size] D:\测试\闪屏\拍照攻略闪屏-39.png: 941x1672
[image-size] D:\测试\闪屏\拍照攻略闪屏-4.png: 941x1672
[image-size] D:\测试\闪屏\拍照攻略闪屏-40.png: 941x1672
[image-size] D:\测试\闪屏\拍照攻略闪屏-41.png: 941x1672
[image-size] D:\测试\闪屏\拍照攻略闪屏-42.png: 941x1672
[image-size] D:\测试\闪屏\拍照攻略闪屏-43.png: 941x1672
[image-size] D:\测试\闪屏\拍照攻略闪屏-44.png: 941x1672
[image-size] D:\测试\闪屏\拍照攻略闪屏-45.png: 941x1672
[image-size] D:\测试\闪屏\拍照攻略闪屏-46.png: 941x1672
[image-size] D:\测试\闪屏\拍照攻略闪屏-47.png: 941x1672
[image-size] D:\测试\闪屏\拍照攻略闪屏-48.png: 941x1672
[image-size] D:\测试\闪屏\拍照攻略闪屏-49.png: 941x1672
[image-size] D:\测试\闪屏\拍照攻略闪屏-5.png: 941x1672
[image-size] D:\测试\闪屏\拍照攻略闪屏-50.png: 941x1672
[image-size] D:\测试\闪屏\拍照攻略闪屏-51.png: 941x1672
[image-size] D:\测试\闪屏\拍照攻略闪屏-52.png: 941x1672
[image-size] D:\测试\闪屏\拍照攻略闪屏-53.png: 941x1672
[image-size] D:\测试\闪屏\拍照攻略闪屏-54.png: 941x1672
[image-size] D:\测试\闪屏\拍照攻略闪屏-55.png: 941x1672
[image-size] D:\测试\闪屏\拍照攻略闪屏-56.png: 941x1672
[image-size] D:\测试\闪屏\拍照攻略闪屏-57.png: 941x1672
[image-size] D:\测试\闪屏\拍照攻略闪屏-58.png: 941x1672
[image-size] D:\测试\闪屏\拍照攻略闪屏-59.png: 941x1672
[image-size] D:\测试\闪屏\拍照攻略闪屏-6.png: 941x1672
[image-size] D:\测试\闪屏\拍照攻略闪屏-60.png: 941x1672
[image-size] D:\测试\闪屏\拍照攻略闪屏-61.png: 941x1672
[image-size] D:\测试\闪屏\拍照攻略闪屏-62.png: 941x1672
[image-size] D:\测试\闪屏\拍照攻略闪屏-63.png: 941x1672
[image-size] D:\测试\闪屏\拍照攻略闪屏-64.png: 941x1672
[image-size] D:\测试\闪屏\拍照攻略闪屏-65.png: 941x1672
[image-size] D:\测试\闪屏\拍照攻略闪屏-66.png: 941x1672
[image-size] D:\测试\闪屏\拍照攻略闪屏-67.png: 941x1672
[image-size] D:\测试\闪屏\拍照攻略闪屏-68.png: 941x1672
[image-size] D:\测试\闪屏\拍照攻略闪屏-69.png: 941x1672
[image-size] D:\测试\闪屏\拍照攻略闪屏-7.png: 941x1672
[image-size] D:\测试\闪屏\拍照攻略闪屏-70.png: 941x1672
[image-size] D:\测试\闪屏\拍照攻略闪屏-71.png: 941x1672
[image-size] D:\测试\闪屏\拍照攻略闪屏-72.png: 941x1672
[image-size] D:\测试\闪屏\拍照攻略闪屏-73.png: 941x1672
[image-size] D:\测试\闪屏\拍照攻略闪屏-74.png: 941x1672
[image-size] D:\测试\闪屏\拍照攻略闪屏-75.png: 941x1672
[image-size] D:\测试\闪屏\拍照攻略闪屏-76.png: 941x1672
[image-size] D:\测试\闪屏\拍照攻略闪屏-77.png: 941x1672
[image-size] D:\测试\闪屏\拍照攻略闪屏-78.png: 941x1672
[image-size] D:\测试\闪屏\拍照攻略闪屏-79.png: 941x1672
[image-size] D:\测试\闪屏\拍照攻略闪屏-8.png: 941x1672
[image-size] D:\测试\闪屏\拍照攻略闪屏-80.png: 941x1672
[image-size] D:\测试\闪屏\拍照攻略闪屏-81.png: 941x1672
[image-size] D:\测试\闪屏\拍照攻略闪屏-82.png: 941x1672
[image-size] D:\测试\闪屏\拍照攻略闪屏-83.png: 941x1672
[image-size] D:\测试\闪屏\拍照攻略闪屏-84.png: 941x1672
[image-size] D:\测试\闪屏\拍照攻略闪屏-85.png: 941x1672
[image-size] D:\测试\闪屏\拍照攻略闪屏-86.png: 941x1672
[image-size] D:\测试\闪屏\拍照攻略闪屏-87.png: 941x1672
[image-size] D:\测试\闪屏\拍照攻略闪屏-88.png: 941x1672
[image-size] D:\测试\闪屏\拍照攻略闪屏-89.png: 941x1672
[image-size] D:\测试\闪屏\拍照攻略闪屏-9.png: 941x1672
[image-size] D:\测试\闪屏\拍照攻略闪屏-90.png: 941x1672
[image-size] D:\测试\闪屏\拍照攻略闪屏-91.png: 941x1672
[image-size] D:\测试\闪屏\拍照攻略闪屏-92.png: 941x1672
[image-size] D:\测试\闪屏\拍照攻略闪屏-93.png: 941x1672
[image-size] D:\测试\闪屏\拍照攻略闪屏-94.png: 941x1672
[image-size] D:\测试\闪屏\拍照攻略闪屏-95.png: 941x1672
[image-size] D:\测试\闪屏\拍照攻略闪屏-96.png: 941x1672
[image-size] D:\测试\闪屏\拍照攻略闪屏-97.png: 941x1672
[image-size] D:\测试\闪屏\拍照攻略闪屏-98.png: 941x1672
[image-size] D:\测试\闪屏\拍照攻略闪屏-99.png: 941x1672
[image-size] D:\测试\闪屏\拍照攻略闪屏-1.png: 941x1672
[image-size] D:\测试\闪屏\拍照攻略闪屏-10.png: 941x1672
[image-size] D:\测试\闪屏\拍照攻略闪屏-100.png: 941x1672
[image-size] D:\测试\闪屏\拍照攻略闪屏-11.png: 941x1672
[image-size] D:\测试\闪屏\拍照攻略闪屏-12.png: 941x1672
[image-size] D:\测试\闪屏\拍照攻略闪屏-13.png: 941x1672
[image-size] D:\测试\闪屏\拍照攻略闪屏-14.png: 941x1672
[image-size] D:\测试\闪屏\拍照攻略闪屏-15.png: 941x1672
[image-size] D:\测试\闪屏\拍照攻略闪屏-16.png: 941x1672
[image-size] D:\测试\闪屏\拍照攻略闪屏-17.png: 941x1672
[image-size] D:\测试\闪屏\拍照攻略闪屏-18.png: 941x1672
[image-size] D:\测试\闪屏\拍照攻略闪屏-19.png: 941x1672
[image-size] D:\测试\闪屏\拍照攻略闪屏-2.png: 941x1672
[image-size] D:\测试\闪屏\拍照攻略闪屏-20.png: 941x1672
[image-size] D:\测试\闪屏\拍照攻略闪屏-21.png: 941x1672
[image-size] D:\测试\闪屏\拍照攻略闪屏-22.png: 941x1672
[image-size] D:\测试\闪屏\拍照攻略闪屏-23.png: 941x1672
[image-size] D:\测试\闪屏\拍照攻略闪屏-24.png: 941x1672
[image-size] D:\测试\闪屏\拍照攻略闪屏-25.png: 941x1672
[image-size] D:\测试\闪屏\拍照攻略闪屏-26.png: 941x1672
[image-size] D:\测试\闪屏\拍照攻略闪屏-27.png: 941x1672
[image-size] D:\测试\闪屏\拍照攻略闪屏-28.png: 941x1672
[image-size] D:\测试\闪屏\拍照攻略闪屏-29.png: 941x1672
[image-size] D:\测试\闪屏\拍照攻略闪屏-3.png: 941x1672
[image-size] D:\测试\闪屏\拍照攻略闪屏-30.png: 941x1672
[image-size] D:\测试\闪屏\拍照攻略闪屏-31.png: 941x1672
[image-size] D:\测试\闪屏\拍照攻略闪屏-32.png: 941x1672
[image-size] D:\测试\闪屏\拍照攻略闪屏-33.png: 941x1672
[image-size] D:\测试\闪屏\拍照攻略闪屏-34.png: 941x1672
[image-size] D:\测试\闪屏\拍照攻略闪屏-35.png: 941x1672
[image-size] D:\测试\闪屏\拍照攻略闪屏-36.png: 941x1672
[image-size] D:\测试\闪屏\拍照攻略闪屏-37.png: 941x1672
[image-size] D:\测试\闪屏\拍照攻略闪屏-38.png: 941x1672
[image-size] D:\测试\闪屏\拍照攻略闪屏-39.png: 941x1672
[image-size] D:\测试\闪屏\拍照攻略闪屏-4.png: 941x1672
[image-size] D:\测试\闪屏\拍照攻略闪屏-40.png: 941x1672
[image-size] D:\测试\闪屏\拍照攻略闪屏-41.png: 941x1672
[image-size] D:\测试\闪屏\拍照攻略闪屏-42.png: 941x1672
[image-size] D:\测试\闪屏\拍照攻略闪屏-43.png: 941x1672
[image-size] D:\测试\闪屏\拍照攻略闪屏-44.png: 941x1672
[image-size] D:\测试\闪屏\拍照攻略闪屏-45.png: 941x1672
[image-size] D:\测试\闪屏\拍照攻略闪屏-46.png: 941x1672
[image-size] D:\测试\闪屏\拍照攻略闪屏-47.png: 941x1672
[image-size] D:\测试\闪屏\拍照攻略闪屏-48.png: 941x1672
[image-size] D:\测试\闪屏\拍照攻略闪屏-49.png: 941x1672
[image-size] D:\测试\闪屏\拍照攻略闪屏-5.png: 941x1672
[image-size] D:\测试\闪屏\拍照攻略闪屏-50.png: 941x1672
[image-size] D:\测试\闪屏\拍照攻略闪屏-51.png: 941x1672
[image-size] D:\测试\闪屏\拍照攻略闪屏-52.png: 941x1672
[image-size] D:\测试\闪屏\拍照攻略闪屏-53.png: 941x1672
[image-size] D:\测试\闪屏\拍照攻略闪屏-54.png: 941x1672
[image-size] D:\测试\闪屏\拍照攻略闪屏-55.png: 941x1672
[image-size] D:\测试\闪屏\拍照攻略闪屏-56.png: 941x1672
[image-size] D:\测试\闪屏\拍照攻略闪屏-57.png: 941x1672
[image-size] D:\测试\闪屏\拍照攻略闪屏-58.png: 941x1672
[image-size] D:\测试\闪屏\拍照攻略闪屏-59.png: 941x1672
[image-size] D:\测试\闪屏\拍照攻略闪屏-6.png: 941x1672
[image-size] D:\测试\闪屏\拍照攻略闪屏-60.png: 941x1672
[image-size] D:\测试\闪屏\拍照攻略闪屏-61.png: 941x1672
[image-size] D:\测试\闪屏\拍照攻略闪屏-62.png: 941x1672
[image-size] D:\测试\闪屏\拍照攻略闪屏-63.png: 941x1672
[image-size] D:\测试\闪屏\拍照攻略闪屏-64.png: 941x1672
[image-size] D:\测试\闪屏\拍照攻略闪屏-65.png: 941x1672
[image-size] D:\测试\闪屏\拍照攻略闪屏-66.png: 941x1672
[image-size] D:\测试\闪屏\拍照攻略闪屏-67.png: 941x1672
[image-size] D:\测试\闪屏\拍照攻略闪屏-68.png: 941x1672
[image-size] D:\测试\闪屏\拍照攻略闪屏-69.png: 941x1672
[image-size] D:\测试\闪屏\拍照攻略闪屏-7.png: 941x1672
[image-size] D:\测试\闪屏\拍照攻略闪屏-70.png: 941x1672
[image-size] D:\测试\闪屏\拍照攻略闪屏-71.png: 941x1672
[image-size] D:\测试\闪屏\拍照攻略闪屏-72.png: 941x1672
[image-size] D:\测试\闪屏\拍照攻略闪屏-73.png: 941x1672
[image-size] D:\测试\闪屏\拍照攻略闪屏-74.png: 941x1672
[image-size] D:\测试\闪屏\拍照攻略闪屏-75.png: 941x1672
[image-size] D:\测试\闪屏\拍照攻略闪屏-76.png: 941x1672
[image-size] D:\测试\闪屏\拍照攻略闪屏-77.png: 941x1672
[image-size] D:\测试\闪屏\拍照攻略闪屏-78.png: 941x1672
[image-size] D:\测试\闪屏\拍照攻略闪屏-79.png: 941x1672
[image-size] D:\测试\闪屏\拍照攻略闪屏-8.png: 941x1672
[image-size] D:\测试\闪屏\拍照攻略闪屏-80.png: 941x1672
[image-size] D:\测试\闪屏\拍照攻略闪屏-81.png: 941x1672
[image-size] D:\测试\闪屏\拍照攻略闪屏-82.png: 941x1672
[image-size] D:\测试\闪屏\拍照攻略闪屏-83.png: 941x1672
[image-size] D:\测试\闪屏\拍照攻略闪屏-84.png: 941x1672
[image-size] D:\测试\闪屏\拍照攻略闪屏-85.png: 941x1672
[image-size] D:\测试\闪屏\拍照攻略闪屏-86.png: 941x1672
[image-size] D:\测试\闪屏\拍照攻略闪屏-87.png: 941x1672
[image-size] D:\测试\闪屏\拍照攻略闪屏-88.png: 941x1672
[image-size] D:\测试\闪屏\拍照攻略闪屏-89.png: 941x1672
[image-size] D:\测试\闪屏\拍照攻略闪屏-9.png: 941x1672
[image-size] D:\测试\闪屏\拍照攻略闪屏-90.png: 941x1672
[image-size] D:\测试\闪屏\拍照攻略闪屏-91.png: 941x1672
[image-size] D:\测试\闪屏\拍照攻略闪屏-92.png: 941x1672
[image-size] D:\测试\闪屏\拍照攻略闪屏-93.png: 941x1672
[image-size] D:\测试\闪屏\拍照攻略闪屏-94.png: 941x1672
[image-size] D:\测试\闪屏\拍照攻略闪屏-95.png: 941x1672
[image-size] D:\测试\闪屏\拍照攻略闪屏-96.png: 941x1672
[image-size] D:\测试\闪屏\拍照攻略闪屏-97.png: 941x1672
[image-size] D:\测试\闪屏\拍照攻略闪屏-98.png: 941x1672
[image-size] D:\测试\闪屏\拍照攻略闪屏-99.png: 941x1672
[image-size] D:\测试\大图\拍照攻略大图-1.png: 1672x941
[image-size] D:\测试\大图\拍照攻略大图-10.png: 1672x941
[image-size] D:\测试\大图\拍照攻略大图-100.png: 1672x941
[image-size] D:\测试\大图\拍照攻略大图-11.png: 1672x941
[image-size] D:\测试\大图\拍照攻略大图-12.png: 1672x941
[image-size] D:\测试\大图\拍照攻略大图-13.png: 1672x941
[image-size] D:\测试\大图\拍照攻略大图-14.png: 1672x941
[image-size] D:\测试\大图\拍照攻略大图-15.png: 1672x941
[image-size] D:\测试\大图\拍照攻略大图-16.png: 1672x941
[image-size] D:\测试\大图\拍照攻略大图-17.png: 1672x941
[image-size] D:\测试\大图\拍照攻略大图-18.png: 1672x941
[image-size] D:\测试\大图\拍照攻略大图-19.png: 1672x941
[image-size] D:\测试\大图\拍照攻略大图-2.png: 1672x941
[image-size] D:\测试\大图\拍照攻略大图-20.png: 1672x941
[image-size] D:\测试\大图\拍照攻略大图-21.png: 1672x941
[image-size] D:\测试\大图\拍照攻略大图-22.png: 1672x941
[image-size] D:\测试\大图\拍照攻略大图-23.png: 1672x941
[image-size] D:\测试\大图\拍照攻略大图-24.png: 1672x941
[image-size] D:\测试\大图\拍照攻略大图-25.png: 1672x941
[image-size] D:\测试\大图\拍照攻略大图-26.png: 1672x941
[image-size] D:\测试\大图\拍照攻略大图-27.png: 1672x941
[image-size] D:\测试\大图\拍照攻略大图-28.png: 1672x941
[image-size] D:\测试\大图\拍照攻略大图-29.png: 1672x941
[image-size] D:\测试\大图\拍照攻略大图-3.png: 1672x941
[image-size] D:\测试\大图\拍照攻略大图-30.png: 1672x941
[image-size] D:\测试\大图\拍照攻略大图-31.png: 1672x941
[image-size] D:\测试\大图\拍照攻略大图-32.png: 1672x941
[image-size] D:\测试\大图\拍照攻略大图-33.png: 1672x941
[image-size] D:\测试\大图\拍照攻略大图-34.png: 1672x941
[image-size] D:\测试\大图\拍照攻略大图-35.png: 1672x941
[image-size] D:\测试\大图\拍照攻略大图-36.png: 1672x941
[image-size] D:\测试\大图\拍照攻略大图-37.png: 1672x941
[image-size] D:\测试\大图\拍照攻略大图-38.png: 1672x941
[image-size] D:\测试\大图\拍照攻略大图-39.png: 1672x941
[image-size] D:\测试\大图\拍照攻略大图-4.png: 1672x941
[image-size] D:\测试\大图\拍照攻略大图-40.png: 1672x941
[image-size] D:\测试\大图\拍照攻略大图-41.png: 1672x941
[image-size] D:\测试\大图\拍照攻略大图-42.png: 1672x941
[image-size] D:\测试\大图\拍照攻略大图-43.png: 1672x941
[image-size] D:\测试\大图\拍照攻略大图-44.png: 1672x941
[image-size] D:\测试\大图\拍照攻略大图-45.png: 1672x941
[image-size] D:\测试\大图\拍照攻略大图-46.png: 1672x941
[image-size] D:\测试\大图\拍照攻略大图-47.png: 1672x941
[image-size] D:\测试\大图\拍照攻略大图-48.png: 1672x941
[image-size] D:\测试\大图\拍照攻略大图-49.png: 1672x941
[image-size] D:\测试\大图\拍照攻略大图-5.png: 1672x941
[image-size] D:\测试\大图\拍照攻略大图-50.png: 1672x941
[image-size] D:\测试\大图\拍照攻略大图-51.png: 1672x941
[image-size] D:\测试\大图\拍照攻略大图-52.png: 1672x941
[image-size] D:\测试\大图\拍照攻略大图-53.png: 1672x941
[image-size] D:\测试\大图\拍照攻略大图-54.png: 1672x941
[image-size] D:\测试\大图\拍照攻略大图-55.png: 1672x941
[image-size] D:\测试\大图\拍照攻略大图-56.png: 1672x941
[image-size] D:\测试\大图\拍照攻略大图-57.png: 1672x941
[image-size] D:\测试\大图\拍照攻略大图-58.png: 1672x941
[image-size] D:\测试\大图\拍照攻略大图-59.png: 1672x941
[image-size] D:\测试\大图\拍照攻略大图-6.png: 1672x941
[image-size] D:\测试\大图\拍照攻略大图-60.png: 1672x941
[image-size] D:\测试\大图\拍照攻略大图-61.png: 1672x941
[image-size] D:\测试\大图\拍照攻略大图-62.png: 1672x941
[image-size] D:\测试\大图\拍照攻略大图-63.png: 1672x941
[image-size] D:\测试\大图\拍照攻略大图-64.png: 1672x941
[image-size] D:\测试\大图\拍照攻略大图-65.png: 1672x941
[image-size] D:\测试\大图\拍照攻略大图-66.png: 1672x941
[image-size] D:\测试\大图\拍照攻略大图-67.png: 1672x941
[image-size] D:\测试\大图\拍照攻略大图-68.png: 1672x941
[image-size] D:\测试\大图\拍照攻略大图-69.png: 1672x941
[image-size] D:\测试\大图\拍照攻略大图-7.png: 1672x941
[image-size] D:\测试\大图\拍照攻略大图-70.png: 1672x941
[image-size] D:\测试\大图\拍照攻略大图-71.png: 1672x941
[image-size] D:\测试\大图\拍照攻略大图-72.png: 1672x941
[image-size] D:\测试\大图\拍照攻略大图-73.png: 1672x941
[image-size] D:\测试\大图\拍照攻略大图-74.png: 1672x941
[image-size] D:\测试\大图\拍照攻略大图-75.png: 1672x941
[image-size] D:\测试\大图\拍照攻略大图-76.png: 1672x941
[image-size] D:\测试\大图\拍照攻略大图-77.png: 1672x941
[image-size] D:\测试\大图\拍照攻略大图-78.png: 1672x941
[image-size] D:\测试\大图\拍照攻略大图-79.png: 1672x941
[image-size] D:\测试\大图\拍照攻略大图-8.png: 1672x941
[image-size] D:\测试\大图\拍照攻略大图-80.png: 1672x941
[image-size] D:\测试\大图\拍照攻略大图-81.png: 1672x941
[image-size] D:\测试\大图\拍照攻略大图-82.png: 1672x941
[image-size] D:\测试\大图\拍照攻略大图-83.png: 1672x941
[image-size] D:\测试\大图\拍照攻略大图-84.png: 1672x941
[image-size] D:\测试\大图\拍照攻略大图-85.png: 1672x941
[image-size] D:\测试\大图\拍照攻略大图-86.png: 1672x941
[image-size] D:\测试\大图\拍照攻略大图-87.png: 1672x941
[image-size] D:\测试\大图\拍照攻略大图-88.png: 1672x941
[image-size] D:\测试\大图\拍照攻略大图-89.png: 1672x941
[image-size] D:\测试\大图\拍照攻略大图-9.png: 1672x941
[image-size] D:\测试\大图\拍照攻略大图-90.png: 1672x941
[image-size] D:\测试\大图\拍照攻略大图-91.png: 1672x941
[image-size] D:\测试\大图\拍照攻略大图-92.png: 1672x941
[image-size] D:\测试\大图\拍照攻略大图-93.png: 1672x941
[image-size] D:\测试\大图\拍照攻略大图-94.png: 1672x941
[image-size] D:\测试\大图\拍照攻略大图-95.png: 1672x941
[image-size] D:\测试\大图\拍照攻略大图-96.png: 1672x941
[image-size] D:\测试\大图\拍照攻略大图-97.png: 1672x941
[image-size] D:\测试\大图\拍照攻略大图-98.png: 1672x941
[image-size] D:\测试\大图\拍照攻略大图-99.png: 1672x941
[image-size] D:\测试\闪屏\拍照攻略闪屏-1.png: 941x1672
[image-size] D:\测试\闪屏\拍照攻略闪屏-10.png: 941x1672
[image-size] D:\测试\闪屏\拍照攻略闪屏-100.png: 941x1672
[image-size] D:\测试\闪屏\拍照攻略闪屏-11.png: 941x1672
[image-size] D:\测试\闪屏\拍照攻略闪屏-12.png: 941x1672
[image-size] D:\测试\闪屏\拍照攻略闪屏-13.png: 941x1672
[image-size] D:\测试\闪屏\拍照攻略闪屏-14.png: 941x1672
[image-size] D:\测试\闪屏\拍照攻略闪屏-15.png: 941x1672
[image-size] D:\测试\闪屏\拍照攻略闪屏-16.png: 941x1672
[image-size] D:\测试\闪屏\拍照攻略闪屏-17.png: 941x1672
[image-size] D:\测试\闪屏\拍照攻略闪屏-18.png: 941x1672
[image-size] D:\测试\闪屏\拍照攻略闪屏-19.png: 941x1672
[image-size] D:\测试\闪屏\拍照攻略闪屏-2.png: 941x1672
[image-size] D:\测试\闪屏\拍照攻略闪屏-20.png: 941x1672
[image-size] D:\测试\闪屏\拍照攻略闪屏-21.png: 941x1672
[image-size] D:\测试\闪屏\拍照攻略闪屏-22.png: 941x1672
[image-size] D:\测试\闪屏\拍照攻略闪屏-23.png: 941x1672
[image-size] D:\测试\闪屏\拍照攻略闪屏-24.png: 941x1672
[image-size] D:\测试\闪屏\拍照攻略闪屏-25.png: 941x1672
[image-size] D:\测试\闪屏\拍照攻略闪屏-26.png: 941x1672
[image-size] D:\测试\闪屏\拍照攻略闪屏-27.png: 941x1672
[image-size] D:\测试\闪屏\拍照攻略闪屏-28.png: 941x1672
[image-size] D:\测试\闪屏\拍照攻略闪屏-29.png: 941x1672
[image-size] D:\测试\闪屏\拍照攻略闪屏-3.png: 941x1672
[image-size] D:\测试\闪屏\拍照攻略闪屏-30.png: 941x1672
[image-size] D:\测试\闪屏\拍照攻略闪屏-31.png: 941x1672
[image-size] D:\测试\闪屏\拍照攻略闪屏-32.png: 941x1672
[image-size] D:\测试\闪屏\拍照攻略闪屏-33.png: 941x1672
[image-size] D:\测试\闪屏\拍照攻略闪屏-34.png: 941x1672
[image-size] D:\测试\闪屏\拍照攻略闪屏-35.png: 941x1672
[image-size] D:\测试\闪屏\拍照攻略闪屏-36.png: 941x1672
[image-size] D:\测试\闪屏\拍照攻略闪屏-37.png: 941x1672
[image-size] D:\测试\闪屏\拍照攻略闪屏-38.png: 941x1672
[image-size] D:\测试\闪屏\拍照攻略闪屏-39.png: 941x1672
[image-size] D:\测试\闪屏\拍照攻略闪屏-4.png: 941x1672
[image-size] D:\测试\闪屏\拍照攻略闪屏-40.png: 941x1672
[image-size] D:\测试\闪屏\拍照攻略闪屏-41.png: 941x1672
[image-size] D:\测试\闪屏\拍照攻略闪屏-42.png: 941x1672
[image-size] D:\测试\闪屏\拍照攻略闪屏-43.png: 941x1672
[image-size] D:\测试\闪屏\拍照攻略闪屏-44.png: 941x1672
[image-size] D:\测试\闪屏\拍照攻略闪屏-45.png: 941x1672
[image-size] D:\测试\闪屏\拍照攻略闪屏-46.png: 941x1672
[image-size] D:\测试\闪屏\拍照攻略闪屏-47.png: 941x1672
[image-size] D:\测试\闪屏\拍照攻略闪屏-48.png: 941x1672
[image-size] D:\测试\闪屏\拍照攻略闪屏-49.png: 941x1672
[image-size] D:\测试\闪屏\拍照攻略闪屏-5.png: 941x1672
[image-size] D:\测试\闪屏\拍照攻略闪屏-50.png: 941x1672
[image-size] D:\测试\闪屏\拍照攻略闪屏-51.png: 941x1672
[image-size] D:\测试\闪屏\拍照攻略闪屏-52.png: 941x1672
[image-size] D:\测试\闪屏\拍照攻略闪屏-53.png: 941x1672
[image-size] D:\测试\闪屏\拍照攻略闪屏-54.png: 941x1672
[image-size] D:\测试\闪屏\拍照攻略闪屏-55.png: 941x1672
[image-size] D:\测试\闪屏\拍照攻略闪屏-56.png: 941x1672
[image-size] D:\测试\闪屏\拍照攻略闪屏-57.png: 941x1672
[image-size] D:\测试\闪屏\拍照攻略闪屏-58.png: 941x1672
[image-size] D:\测试\闪屏\拍照攻略闪屏-59.png: 941x1672
[image-size] D:\测试\闪屏\拍照攻略闪屏-6.png: 941x1672
[image-size] D:\测试\闪屏\拍照攻略闪屏-60.png: 941x1672
[image-size] D:\测试\闪屏\拍照攻略闪屏-61.png: 941x1672
[image-size] D:\测试\闪屏\拍照攻略闪屏-62.png: 941x1672
[image-size] D:\测试\闪屏\拍照攻略闪屏-63.png: 941x1672
[image-size] D:\测试\闪屏\拍照攻略闪屏-64.png: 941x1672
[image-size] D:\测试\闪屏\拍照攻略闪屏-65.png: 941x1672
[image-size] D:\测试\闪屏\拍照攻略闪屏-66.png: 941x1672
[image-size] D:\测试\闪屏\拍照攻略闪屏-67.png: 941x1672
[image-size] D:\测试\闪屏\拍照攻略闪屏-68.png: 941x1672
[image-size] D:\测试\闪屏\拍照攻略闪屏-69.png: 941x1672
[image-size] D:\测试\闪屏\拍照攻略闪屏-7.png: 941x1672
[image-size] D:\测试\闪屏\拍照攻略闪屏-70.png: 941x1672
[image-size] D:\测试\闪屏\拍照攻略闪屏-71.png: 941x1672
[image-size] D:\测试\闪屏\拍照攻略闪屏-72.png: 941x1672
[image-size] D:\测试\闪屏\拍照攻略闪屏-73.png: 941x1672
[image-size] D:\测试\闪屏\拍照攻略闪屏-74.png: 941x1672
[image-size] D:\测试\闪屏\拍照攻略闪屏-75.png: 941x1672
[image-size] D:\测试\闪屏\拍照攻略闪屏-76.png: 941x1672
[image-size] D:\测试\闪屏\拍照攻略闪屏-77.png: 941x1672
[image-size] D:\测试\闪屏\拍照攻略闪屏-78.png: 941x1672
[image-size] D:\测试\闪屏\拍照攻略闪屏-79.png: 941x1672
[image-size] D:\测试\闪屏\拍照攻略闪屏-8.png: 941x1672
[image-size] D:\测试\闪屏\拍照攻略闪屏-80.png: 941x1672
[image-size] D:\测试\闪屏\拍照攻略闪屏-81.png: 941x1672
[image-size] D:\测试\闪屏\拍照攻略闪屏-82.png: 941x1672
[image-size] D:\测试\闪屏\拍照攻略闪屏-83.png: 941x1672
[image-size] D:\测试\闪屏\拍照攻略闪屏-84.png: 941x1672
[image-size] D:\测试\闪屏\拍照攻略闪屏-85.png: 941x1672
[image-size] D:\测试\闪屏\拍照攻略闪屏-86.png: 941x1672
[image-size] D:\测试\闪屏\拍照攻略闪屏-87.png: 941x1672
[image-size] D:\测试\闪屏\拍照攻略闪屏-88.png: 941x1672
[image-size] D:\测试\闪屏\拍照攻略闪屏-89.png: 941x1672
[image-size] D:\测试\闪屏\拍照攻略闪屏-9.png: 941x1672
[image-size] D:\测试\闪屏\拍照攻略闪屏-90.png: 941x1672
[image-size] D:\测试\闪屏\拍照攻略闪屏-91.png: 941x1672
[image-size] D:\测试\闪屏\拍照攻略闪屏-92.png: 941x1672
[image-size] D:\测试\闪屏\拍照攻略闪屏-93.png: 941x1672
[image-size] D:\测试\闪屏\拍照攻略闪屏-94.png: 941x1672
[image-size] D:\测试\闪屏\拍照攻略闪屏-95.png: 941x1672
[image-size] D:\测试\闪屏\拍照攻略闪屏-96.png: 941x1672
[image-size] D:\测试\闪屏\拍照攻略闪屏-97.png: 941x1672
[image-size] D:\测试\闪屏\拍照攻略闪屏-98.png: 941x1672
[image-size] D:\测试\闪屏\拍照攻略闪屏-99.png: 941x1672
[image-size] D:\测试\大图\拍照攻略大图-1.png: 1672x941
[image-size] D:\测试\大图\拍照攻略大图-10.png: 1672x941
[image-size] D:\测试\大图\拍照攻略大图-100.png: 1672x941
[image-size] D:\测试\大图\拍照攻略大图-11.png: 1672x941
[image-size] D:\测试\大图\拍照攻略大图-12.png: 1672x941
[image-size] D:\测试\大图\拍照攻略大图-13.png: 1672x941
[image-size] D:\测试\大图\拍照攻略大图-14.png: 1672x941
[image-size] D:\测试\大图\拍照攻略大图-15.png: 1672x941
[image-size] D:\测试\大图\拍照攻略大图-16.png: 1672x941
[image-size] D:\测试\大图\拍照攻略大图-17.png: 1672x941
[image-size] D:\测试\大图\拍照攻略大图-18.png: 1672x941
[image-size] D:\测试\大图\拍照攻略大图-19.png: 1672x941
[image-size] D:\测试\大图\拍照攻略大图-2.png: 1672x941
[image-size] D:\测试\大图\拍照攻略大图-20.png: 1672x941
[image-size] D:\测试\大图\拍照攻略大图-21.png: 1672x941
[image-size] D:\测试\大图\拍照攻略大图-22.png: 1672x941
[image-size] D:\测试\大图\拍照攻略大图-23.png: 1672x941
[image-size] D:\测试\大图\拍照攻略大图-24.png: 1672x941
[image-size] D:\测试\大图\拍照攻略大图-25.png: 1672x941
[image-size] D:\测试\大图\拍照攻略大图-26.png: 1672x941
[image-size] D:\测试\大图\拍照攻略大图-27.png: 1672x941
[image-size] D:\测试\大图\拍照攻略大图-28.png: 1672x941
[image-size] D:\测试\大图\拍照攻略大图-29.png: 1672x941
[image-size] D:\测试\大图\拍照攻略大图-3.png: 1672x941
[image-size] D:\测试\大图\拍照攻略大图-30.png: 1672x941
[image-size] D:\测试\大图\拍照攻略大图-31.png: 1672x941
[image-size] D:\测试\大图\拍照攻略大图-32.png: 1672x941
[image-size] D:\测试\大图\拍照攻略大图-33.png: 1672x941
[image-size] D:\测试\大图\拍照攻略大图-34.png: 1672x941
[image-size] D:\测试\大图\拍照攻略大图-35.png: 1672x941
[image-size] D:\测试\大图\拍照攻略大图-36.png: 1672x941
[image-size] D:\测试\大图\拍照攻略大图-37.png: 1672x941
[image-size] D:\测试\大图\拍照攻略大图-38.png: 1672x941
[image-size] D:\测试\大图\拍照攻略大图-39.png: 1672x941
[image-size] D:\测试\大图\拍照攻略大图-4.png: 1672x941
[image-size] D:\测试\大图\拍照攻略大图-40.png: 1672x941
[image-size] D:\测试\大图\拍照攻略大图-41.png: 1672x941
[image-size] D:\测试\大图\拍照攻略大图-42.png: 1672x941
[image-size] D:\测试\大图\拍照攻略大图-43.png: 1672x941
[image-size] D:\测试\大图\拍照攻略大图-44.png: 1672x941
[image-size] D:\测试\大图\拍照攻略大图-45.png: 1672x941
[image-size] D:\测试\大图\拍照攻略大图-46.png: 1672x941
[image-size] D:\测试\大图\拍照攻略大图-47.png: 1672x941
[image-size] D:\测试\大图\拍照攻略大图-48.png: 1672x941
[image-size] D:\测试\大图\拍照攻略大图-49.png: 1672x941
[image-size] D:\测试\大图\拍照攻略大图-5.png: 1672x941
[image-size] D:\测试\大图\拍照攻略大图-50.png: 1672x941
[image-size] D:\测试\大图\拍照攻略大图-51.png: 1672x941
[image-size] D:\测试\大图\拍照攻略大图-52.png: 1672x941
[image-size] D:\测试\大图\拍照攻略大图-53.png: 1672x941
[image-size] D:\测试\大图\拍照攻略大图-54.png: 1672x941
[image-size] D:\测试\大图\拍照攻略大图-55.png: 1672x941
[image-size] D:\测试\大图\拍照攻略大图-56.png: 1672x941
[image-size] D:\测试\大图\拍照攻略大图-57.png: 1672x941
[image-size] D:\测试\大图\拍照攻略大图-58.png: 1672x941
[image-size] D:\测试\大图\拍照攻略大图-59.png: 1672x941
[image-size] D:\测试\大图\拍照攻略大图-6.png: 1672x941
[image-size] D:\测试\大图\拍照攻略大图-60.png: 1672x941
[image-size] D:\测试\大图\拍照攻略大图-61.png: 1672x941
[image-size] D:\测试\大图\拍照攻略大图-62.png: 1672x941
[image-size] D:\测试\大图\拍照攻略大图-63.png: 1672x941
[image-size] D:\测试\大图\拍照攻略大图-64.png: 1672x941
[image-size] D:\测试\大图\拍照攻略大图-65.png: 1672x941
[image-size] D:\测试\大图\拍照攻略大图-66.png: 1672x941
[image-size] D:\测试\大图\拍照攻略大图-67.png: 1672x941
[image-size] D:\测试\大图\拍照攻略大图-68.png: 1672x941
[image-size] D:\测试\大图\拍照攻略大图-69.png: 1672x941
[image-size] D:\测试\大图\拍照攻略大图-7.png: 1672x941
[image-size] D:\测试\大图\拍照攻略大图-70.png: 1672x941
[image-size] D:\测试\大图\拍照攻略大图-71.png: 1672x941
[image-size] D:\测试\大图\拍照攻略大图-72.png: 1672x941
[image-size] D:\测试\大图\拍照攻略大图-73.png: 1672x941
[image-size] D:\测试\大图\拍照攻略大图-74.png: 1672x941
[image-size] D:\测试\大图\拍照攻略大图-75.png: 1672x941
[image-size] D:\测试\大图\拍照攻略大图-76.png: 1672x941
[image-size] D:\测试\大图\拍照攻略大图-77.png: 1672x941
[image-size] D:\测试\大图\拍照攻略大图-78.png: 1672x941
[image-size] D:\测试\大图\拍照攻略大图-79.png: 1672x941
[image-size] D:\测试\大图\拍照攻略大图-8.png: 1672x941
[image-size] D:\测试\大图\拍照攻略大图-80.png: 1672x941
[image-size] D:\测试\大图\拍照攻略大图-81.png: 1672x941
[image-size] D:\测试\大图\拍照攻略大图-82.png: 1672x941
[image-size] D:\测试\大图\拍照攻略大图-83.png: 1672x941
[image-size] D:\测试\大图\拍照攻略大图-84.png: 1672x941
[image-size] D:\测试\大图\拍照攻略大图-85.png: 1672x941
[image-size] D:\测试\大图\拍照攻略大图-86.png: 1672x941
[image-size] D:\测试\大图\拍照攻略大图-87.png: 1672x941
[image-size] D:\测试\大图\拍照攻略大图-88.png: 1672x941
[image-size] D:\测试\大图\拍照攻略大图-89.png: 1672x941
[image-size] D:\测试\大图\拍照攻略大图-9.png: 1672x941
[image-size] D:\测试\大图\拍照攻略大图-90.png: 1672x941
[image-size] D:\测试\大图\拍照攻略大图-91.png: 1672x941
[image-size] D:\测试\大图\拍照攻略大图-92.png: 1672x941
[image-size] D:\测试\大图\拍照攻略大图-93.png: 1672x941
[image-size] D:\测试\大图\拍照攻略大图-94.png: 1672x941
[image-size] D:\测试\大图\拍照攻略大图-95.png: 1672x941
[image-size] D:\测试\大图\拍照攻略大图-96.png: 1672x941
[image-size] D:\测试\大图\拍照攻略大图-97.png: 1672x941
[image-size] D:\测试\大图\拍照攻略大图-98.png: 1672x941
[image-size] D:\测试\大图\拍照攻略大图-99.png: 1672x941
[2m10:08:29[22m [36m[1m[vite][22m[39m [90m[2m(client)[22m[39m [32mhmr update [39m[2m/src/features/composite/components/BatchExportTab.tsx, /src/index.css[22m
[2m10:14:15[22m [36m[1m[vite][22m[39m [90m[2m(client)[22m[39m [32mpage reload [39m[2m.superpowers/brainstorm/594-1782869471/content/folder-layout-comparison.html[22m
[image-size] D:\测试\闪屏\拍照攻略闪屏-1.png: 941x1672
[image-size] D:\测试\闪屏\拍照攻略闪屏-10.png: 941x1672
[image-size] D:\测试\闪屏\拍照攻略闪屏-100.png: 941x1672
[image-size] D:\测试\闪屏\拍照攻略闪屏-11.png: 941x1672
[image-size] D:\测试\闪屏\拍照攻略闪屏-12.png: 941x1672
[image-size] D:\测试\闪屏\拍照攻略闪屏-13.png: 941x1672
[image-size] D:\测试\闪屏\拍照攻略闪屏-14.png: 941x1672
[image-size] D:\测试\闪屏\拍照攻略闪屏-15.png: 941x1672
[image-size] D:\测试\闪屏\拍照攻略闪屏-16.png: 941x1672
[image-size] D:\测试\闪屏\拍照攻略闪屏-17.png: 941x1672
[image-size] D:\测试\闪屏\拍照攻略闪屏-18.png: 941x1672
[image-size] D:\测试\闪屏\拍照攻略闪屏-19.png: 941x1672
[image-size] D:\测试\闪屏\拍照攻略闪屏-2.png: 941x1672
[image-size] D:\测试\闪屏\拍照攻略闪屏-20.png: 941x1672
[image-size] D:\测试\闪屏\拍照攻略闪屏-21.png: 941x1672
[image-size] D:\测试\闪屏\拍照攻略闪屏-22.png: 941x1672
[image-size] D:\测试\闪屏\拍照攻略闪屏-23.png: 941x1672
[image-size] D:\测试\闪屏\拍照攻略闪屏-24.png: 941x1672
[image-size] D:\测试\闪屏\拍照攻略闪屏-25.png: 941x1672
[image-size] D:\测试\闪屏\拍照攻略闪屏-26.png: 941x1672
[image-size] D:\测试\闪屏\拍照攻略闪屏-27.png: 941x1672
[image-size] D:\测试\闪屏\拍照攻略闪屏-28.png: 941x1672
[image-size] D:\测试\闪屏\拍照攻略闪屏-29.png: 941x1672
[image-size] D:\测试\闪屏\拍照攻略闪屏-3.png: 941x1672
[image-size] D:\测试\闪屏\拍照攻略闪屏-30.png: 941x1672
[image-size] D:\测试\闪屏\拍照攻略闪屏-31.png: 941x1672
[image-size] D:\测试\闪屏\拍照攻略闪屏-32.png: 941x1672
[image-size] D:\测试\闪屏\拍照攻略闪屏-33.png: 941x1672
[image-size] D:\测试\闪屏\拍照攻略闪屏-34.png: 941x1672
[image-size] D:\测试\闪屏\拍照攻略闪屏-35.png: 941x1672
[image-size] D:\测试\闪屏\拍照攻略闪屏-36.png: 941x1672
[image-size] D:\测试\闪屏\拍照攻略闪屏-37.png: 941x1672
[image-size] D:\测试\闪屏\拍照攻略闪屏-38.png: 941x1672
[image-size] D:\测试\闪屏\拍照攻略闪屏-39.png: 941x1672
[image-size] D:\测试\闪屏\拍照攻略闪屏-4.png: 941x1672
[image-size] D:\测试\闪屏\拍照攻略闪屏-40.png: 941x1672
[image-size] D:\测试\闪屏\拍照攻略闪屏-41.png: 941x1672
[image-size] D:\测试\闪屏\拍照攻略闪屏-42.png: 941x1672
[image-size] D:\测试\闪屏\拍照攻略闪屏-43.png: 941x1672
[image-size] D:\测试\闪屏\拍照攻略闪屏-44.png: 941x1672
[image-size] D:\测试\闪屏\拍照攻略闪屏-45.png: 941x1672
[image-size] D:\测试\闪屏\拍照攻略闪屏-46.png: 941x1672
[image-size] D:\测试\闪屏\拍照攻略闪屏-47.png: 941x1672
[image-size] D:\测试\闪屏\拍照攻略闪屏-48.png: 941x1672
[image-size] D:\测试\闪屏\拍照攻略闪屏-49.png: 941x1672
[image-size] D:\测试\闪屏\拍照攻略闪屏-5.png: 941x1672
[image-size] D:\测试\闪屏\拍照攻略闪屏-50.png: 941x1672
[image-size] D:\测试\闪屏\拍照攻略闪屏-51.png: 941x1672
[image-size] D:\测试\闪屏\拍照攻略闪屏-52.png: 941x1672
[image-size] D:\测试\闪屏\拍照攻略闪屏-53.png: 941x1672
[image-size] D:\测试\闪屏\拍照攻略闪屏-54.png: 941x1672
[image-size] D:\测试\闪屏\拍照攻略闪屏-55.png: 941x1672
[image-size] D:\测试\闪屏\拍照攻略闪屏-56.png: 941x1672
[image-size] D:\测试\闪屏\拍照攻略闪屏-57.png: 941x1672
[image-size] D:\测试\闪屏\拍照攻略闪屏-58.png: 941x1672
[image-size] D:\测试\闪屏\拍照攻略闪屏-59.png: 941x1672
[image-size] D:\测试\闪屏\拍照攻略闪屏-6.png: 941x1672
[image-size] D:\测试\闪屏\拍照攻略闪屏-60.png: 941x1672
[image-size] D:\测试\闪屏\拍照攻略闪屏-61.png: 941x1672
[image-size] D:\测试\闪屏\拍照攻略闪屏-62.png: 941x1672
[image-size] D:\测试\闪屏\拍照攻略闪屏-63.png: 941x1672
[image-size] D:\测试\闪屏\拍照攻略闪屏-64.png: 941x1672
[image-size] D:\测试\闪屏\拍照攻略闪屏-65.png: 941x1672
[image-size] D:\测试\闪屏\拍照攻略闪屏-66.png: 941x1672
[image-size] D:\测试\闪屏\拍照攻略闪屏-67.png: 941x1672
[image-size] D:\测试\闪屏\拍照攻略闪屏-68.png: 941x1672
[image-size] D:\测试\闪屏\拍照攻略闪屏-69.png: 941x1672
[image-size] D:\测试\闪屏\拍照攻略闪屏-7.png: 941x1672
[image-size] D:\测试\闪屏\拍照攻略闪屏-70.png: 941x1672
[image-size] D:\测试\闪屏\拍照攻略闪屏-71.png: 941x1672
[image-size] D:\测试\闪屏\拍照攻略闪屏-72.png: 941x1672
[image-size] D:\测试\闪屏\拍照攻略闪屏-73.png: 941x1672
[image-size] D:\测试\闪屏\拍照攻略闪屏-74.png: 941x1672
[image-size] D:\测试\闪屏\拍照攻略闪屏-75.png: 941x1672
[image-size] D:\测试\闪屏\拍照攻略闪屏-76.png: 941x1672
[image-size] D:\测试\闪屏\拍照攻略闪屏-77.png: 941x1672
[image-size] D:\测试\闪屏\拍照攻略闪屏-78.png: 941x1672
[image-size] D:\测试\闪屏\拍照攻略闪屏-79.png: 941x1672
[image-size] D:\测试\闪屏\拍照攻略闪屏-8.png: 941x1672
[image-size] D:\测试\闪屏\拍照攻略闪屏-80.png: 941x1672
[image-size] D:\测试\闪屏\拍照攻略闪屏-81.png: 941x1672
[image-size] D:\测试\闪屏\拍照攻略闪屏-82.png: 941x1672
[image-size] D:\测试\闪屏\拍照攻略闪屏-83.png: 941x1672
[image-size] D:\测试\闪屏\拍照攻略闪屏-84.png: 941x1672
[image-size] D:\测试\闪屏\拍照攻略闪屏-85.png: 941x1672
[image-size] D:\测试\闪屏\拍照攻略闪屏-86.png: 941x1672
[image-size] D:\测试\闪屏\拍照攻略闪屏-87.png: 941x1672
[image-size] D:\测试\闪屏\拍照攻略闪屏-88.png: 941x1672
[image-size] D:\测试\闪屏\拍照攻略闪屏-89.png: 941x1672
[image-size] D:\测试\闪屏\拍照攻略闪屏-9.png: 941x1672
[image-size] D:\测试\闪屏\拍照攻略闪屏-90.png: 941x1672
[image-size] D:\测试\闪屏\拍照攻略闪屏-91.png: 941x1672
[image-size] D:\测试\闪屏\拍照攻略闪屏-92.png: 941x1672
[image-size] D:\测试\闪屏\拍照攻略闪屏-93.png: 941x1672
[image-size] D:\测试\闪屏\拍照攻略闪屏-94.png: 941x1672
[image-size] D:\测试\闪屏\拍照攻略闪屏-95.png: 941x1672
[image-size] D:\测试\闪屏\拍照攻略闪屏-96.png: 941x1672
[image-size] D:\测试\闪屏\拍照攻略闪屏-97.png: 941x1672
[image-size] D:\测试\闪屏\拍照攻略闪屏-98.png: 941x1672
[image-size] D:\测试\闪屏\拍照攻略闪屏-99.png: 941x1672
[image-size] D:\测试\闪屏\拍照攻略闪屏-1.png: 941x1672
[image-size] D:\测试\闪屏\拍照攻略闪屏-10.png: 941x1672
[image-size] D:\测试\闪屏\拍照攻略闪屏-100.png: 941x1672
[image-size] D:\测试\闪屏\拍照攻略闪屏-11.png: 941x1672
[image-size] D:\测试\闪屏\拍照攻略闪屏-12.png: 941x1672
[image-size] D:\测试\闪屏\拍照攻略闪屏-13.png: 941x1672
[image-size] D:\测试\闪屏\拍照攻略闪屏-14.png: 941x1672
[image-size] D:\测试\闪屏\拍照攻略闪屏-15.png: 941x1672
[image-size] D:\测试\闪屏\拍照攻略闪屏-16.png: 941x1672
[image-size] D:\测试\闪屏\拍照攻略闪屏-17.png: 941x1672
[image-size] D:\测试\闪屏\拍照攻略闪屏-18.png: 941x1672
[image-size] D:\测试\闪屏\拍照攻略闪屏-19.png: 941x1672
[image-size] D:\测试\闪屏\拍照攻略闪屏-2.png: 941x1672
[image-size] D:\测试\闪屏\拍照攻略闪屏-20.png: 941x1672
[image-size] D:\测试\闪屏\拍照攻略闪屏-21.png: 941x1672
[image-size] D:\测试\闪屏\拍照攻略闪屏-22.png: 941x1672
[image-size] D:\测试\闪屏\拍照攻略闪屏-23.png: 941x1672
[image-size] D:\测试\闪屏\拍照攻略闪屏-24.png: 941x1672
[image-size] D:\测试\闪屏\拍照攻略闪屏-25.png: 941x1672
[image-size] D:\测试\闪屏\拍照攻略闪屏-26.png: 941x1672
[image-size] D:\测试\闪屏\拍照攻略闪屏-27.png: 941x1672
[image-size] D:\测试\闪屏\拍照攻略闪屏-28.png: 941x1672
[image-size] D:\测试\闪屏\拍照攻略闪屏-29.png: 941x1672
[image-size] D:\测试\闪屏\拍照攻略闪屏-3.png: 941x1672
[image-size] D:\测试\闪屏\拍照攻略闪屏-30.png: 941x1672
[image-size] D:\测试\闪屏\拍照攻略闪屏-31.png: 941x1672
[image-size] D:\测试\闪屏\拍照攻略闪屏-32.png: 941x1672
[image-size] D:\测试\闪屏\拍照攻略闪屏-33.png: 941x1672
[image-size] D:\测试\闪屏\拍照攻略闪屏-34.png: 941x1672
[image-size] D:\测试\闪屏\拍照攻略闪屏-35.png: 941x1672
[image-size] D:\测试\闪屏\拍照攻略闪屏-36.png: 941x1672
[image-size] D:\测试\闪屏\拍照攻略闪屏-37.png: 941x1672
[image-size] D:\测试\闪屏\拍照攻略闪屏-38.png: 941x1672
[image-size] D:\测试\闪屏\拍照攻略闪屏-39.png: 941x1672
[image-size] D:\测试\闪屏\拍照攻略闪屏-4.png: 941x1672
[image-size] D:\测试\闪屏\拍照攻略闪屏-40.png: 941x1672
[image-size] D:\测试\闪屏\拍照攻略闪屏-41.png: 941x1672
[image-size] D:\测试\闪屏\拍照攻略闪屏-42.png: 941x1672
[image-size] D:\测试\闪屏\拍照攻略闪屏-43.png: 941x1672
[image-size] D:\测试\闪屏\拍照攻略闪屏-44.png: 941x1672
[image-size] D:\测试\闪屏\拍照攻略闪屏-45.png: 941x1672
[image-size] D:\测试\闪屏\拍照攻略闪屏-46.png: 941x1672
[image-size] D:\测试\闪屏\拍照攻略闪屏-47.png: 941x1672
[image-size] D:\测试\闪屏\拍照攻略闪屏-48.png: 941x1672
[image-size] D:\测试\闪屏\拍照攻略闪屏-49.png: 941x1672
[image-size] D:\测试\闪屏\拍照攻略闪屏-5.png: 941x1672
[image-size] D:\测试\闪屏\拍照攻略闪屏-50.png: 941x1672
[image-size] D:\测试\闪屏\拍照攻略闪屏-51.png: 941x1672
[image-size] D:\测试\闪屏\拍照攻略闪屏-52.png: 941x1672
[image-size] D:\测试\闪屏\拍照攻略闪屏-53.png: 941x1672
[image-size] D:\测试\闪屏\拍照攻略闪屏-54.png: 941x1672
[image-size] D:\测试\闪屏\拍照攻略闪屏-55.png: 941x1672
[image-size] D:\测试\闪屏\拍照攻略闪屏-56.png: 941x1672
[image-size] D:\测试\闪屏\拍照攻略闪屏-57.png: 941x1672
[image-size] D:\测试\闪屏\拍照攻略闪屏-58.png: 941x1672
[image-size] D:\测试\闪屏\拍照攻略闪屏-59.png: 941x1672
[image-size] D:\测试\闪屏\拍照攻略闪屏-6.png: 941x1672
[image-size] D:\测试\闪屏\拍照攻略闪屏-60.png: 941x1672
[image-size] D:\测试\闪屏\拍照攻略闪屏-61.png: 941x1672
[image-size] D:\测试\闪屏\拍照攻略闪屏-62.png: 941x1672
[image-size] D:\测试\闪屏\拍照攻略闪屏-63.png: 941x1672
[image-size] D:\测试\闪屏\拍照攻略闪屏-64.png: 941x1672
[image-size] D:\测试\闪屏\拍照攻略闪屏-65.png: 941x1672
[image-size] D:\测试\闪屏\拍照攻略闪屏-66.png: 941x1672
[image-size] D:\测试\闪屏\拍照攻略闪屏-67.png: 941x1672
[image-size] D:\测试\闪屏\拍照攻略闪屏-68.png: 941x1672
[image-size] D:\测试\闪屏\拍照攻略闪屏-69.png: 941x1672
[image-size] D:\测试\闪屏\拍照攻略闪屏-7.png: 941x1672
[image-size] D:\测试\闪屏\拍照攻略闪屏-70.png: 941x1672
[image-size] D:\测试\闪屏\拍照攻略闪屏-71.png: 941x1672
[image-size] D:\测试\闪屏\拍照攻略闪屏-72.png: 941x1672
[image-size] D:\测试\闪屏\拍照攻略闪屏-73.png: 941x1672
[image-size] D:\测试\闪屏\拍照攻略闪屏-74.png: 941x1672
[image-size] D:\测试\闪屏\拍照攻略闪屏-75.png: 941x1672
[image-size] D:\测试\闪屏\拍照攻略闪屏-76.png: 941x1672
[image-size] D:\测试\闪屏\拍照攻略闪屏-77.png: 941x1672
[image-size] D:\测试\闪屏\拍照攻略闪屏-78.png: 941x1672
[image-size] D:\测试\闪屏\拍照攻略闪屏-79.png: 941x1672
[image-size] D:\测试\闪屏\拍照攻略闪屏-8.png: 941x1672
[image-size] D:\测试\闪屏\拍照攻略闪屏-80.png: 941x1672
[image-size] D:\测试\闪屏\拍照攻略闪屏-81.png: 941x1672
[image-size] D:\测试\闪屏\拍照攻略闪屏-82.png: 941x1672
[image-size] D:\测试\闪屏\拍照攻略闪屏-83.png: 941x1672
[image-size] D:\测试\闪屏\拍照攻略闪屏-84.png: 941x1672
[image-size] D:\测试\闪屏\拍照攻略闪屏-85.png: 941x1672
[image-size] D:\测试\闪屏\拍照攻略闪屏-86.png: 941x1672
[image-size] D:\测试\闪屏\拍照攻略闪屏-87.png: 941x1672
[image-size] D:\测试\闪屏\拍照攻略闪屏-88.png: 941x1672
[image-size] D:\测试\闪屏\拍照攻略闪屏-89.png: 941x1672
[image-size] D:\测试\闪屏\拍照攻略闪屏-9.png: 941x1672
[image-size] D:\测试\闪屏\拍照攻略闪屏-90.png: 941x1672
[image-size] D:\测试\闪屏\拍照攻略闪屏-91.png: 941x1672
[image-size] D:\测试\闪屏\拍照攻略闪屏-92.png: 941x1672
[image-size] D:\测试\闪屏\拍照攻略闪屏-93.png: 941x1672
[image-size] D:\测试\闪屏\拍照攻略闪屏-94.png: 941x1672
[image-size] D:\测试\闪屏\拍照攻略闪屏-95.png: 941x1672
[image-size] D:\测试\闪屏\拍照攻略闪屏-96.png: 941x1672
[image-size] D:\测试\闪屏\拍照攻略闪屏-97.png: 941x1672
[image-size] D:\测试\闪屏\拍照攻略闪屏-98.png: 941x1672
[image-size] D:\测试\闪屏\拍照攻略闪屏-99.png: 941x1672
[image-size] D:\测试\大图\拍照攻略大图-1.png: 1672x941
[image-size] D:\测试\大图\拍照攻略大图-10.png: 1672x941
[image-size] D:\测试\大图\拍照攻略大图-100.png: 1672x941
[image-size] D:\测试\大图\拍照攻略大图-11.png: 1672x941
[image-size] D:\测试\大图\拍照攻略大图-12.png: 1672x941
[image-size] D:\测试\大图\拍照攻略大图-13.png: 1672x941
[image-size] D:\测试\大图\拍照攻略大图-14.png: 1672x941
[image-size] D:\测试\大图\拍照攻略大图-15.png: 1672x941
[image-size] D:\测试\大图\拍照攻略大图-16.png: 1672x941
[image-size] D:\测试\大图\拍照攻略大图-17.png: 1672x941
[image-size] D:\测试\大图\拍照攻略大图-18.png: 1672x941
[image-size] D:\测试\大图\拍照攻略大图-19.png: 1672x941
[image-size] D:\测试\大图\拍照攻略大图-2.png: 1672x941
[image-size] D:\测试\大图\拍照攻略大图-20.png: 1672x941
[image-size] D:\测试\大图\拍照攻略大图-21.png: 1672x941
[image-size] D:\测试\大图\拍照攻略大图-22.png: 1672x941
[image-size] D:\测试\大图\拍照攻略大图-23.png: 1672x941
[image-size] D:\测试\大图\拍照攻略大图-24.png: 1672x941
[image-size] D:\测试\大图\拍照攻略大图-25.png: 1672x941
[image-size] D:\测试\大图\拍照攻略大图-26.png: 1672x941
[image-size] D:\测试\大图\拍照攻略大图-27.png: 1672x941
[image-size] D:\测试\大图\拍照攻略大图-28.png: 1672x941
[image-size] D:\测试\大图\拍照攻略大图-29.png: 1672x941
[image-size] D:\测试\大图\拍照攻略大图-3.png: 1672x941
[image-size] D:\测试\大图\拍照攻略大图-30.png: 1672x941
[image-size] D:\测试\大图\拍照攻略大图-31.png: 1672x941
[image-size] D:\测试\大图\拍照攻略大图-32.png: 1672x941
[image-size] D:\测试\大图\拍照攻略大图-33.png: 1672x941
[image-size] D:\测试\大图\拍照攻略大图-34.png: 1672x941
[image-size] D:\测试\大图\拍照攻略大图-35.png: 1672x941
[image-size] D:\测试\大图\拍照攻略大图-36.png: 1672x941
[image-size] D:\测试\大图\拍照攻略大图-37.png: 1672x941
[image-size] D:\测试\大图\拍照攻略大图-38.png: 1672x941
[image-size] D:\测试\大图\拍照攻略大图-39.png: 1672x941
[image-size] D:\测试\大图\拍照攻略大图-4.png: 1672x941
[image-size] D:\测试\大图\拍照攻略大图-40.png: 1672x941
[image-size] D:\测试\大图\拍照攻略大图-41.png: 1672x941
[image-size] D:\测试\大图\拍照攻略大图-42.png: 1672x941
[image-size] D:\测试\大图\拍照攻略大图-43.png: 1672x941
[image-size] D:\测试\大图\拍照攻略大图-44.png: 1672x941
[image-size] D:\测试\大图\拍照攻略大图-45.png: 1672x941
[image-size] D:\测试\大图\拍照攻略大图-46.png: 1672x941
[image-size] D:\测试\大图\拍照攻略大图-47.png: 1672x941
[image-size] D:\测试\大图\拍照攻略大图-48.png: 1672x941
[image-size] D:\测试\大图\拍照攻略大图-49.png: 1672x941
[image-size] D:\测试\大图\拍照攻略大图-5.png: 1672x941
[image-size] D:\测试\大图\拍照攻略大图-50.png: 1672x941
[image-size] D:\测试\大图\拍照攻略大图-51.png: 1672x941
[image-size] D:\测试\大图\拍照攻略大图-52.png: 1672x941
[image-size] D:\测试\大图\拍照攻略大图-53.png: 1672x941
[image-size] D:\测试\大图\拍照攻略大图-54.png: 1672x941
[image-size] D:\测试\大图\拍照攻略大图-55.png: 1672x941
[image-size] D:\测试\大图\拍照攻略大图-56.png: 1672x941
[image-size] D:\测试\大图\拍照攻略大图-57.png: 1672x941
[image-size] D:\测试\大图\拍照攻略大图-58.png: 1672x941
[image-size] D:\测试\大图\拍照攻略大图-59.png: 1672x941
[image-size] D:\测试\大图\拍照攻略大图-6.png: 1672x941
[image-size] D:\测试\大图\拍照攻略大图-60.png: 1672x941
[image-size] D:\测试\大图\拍照攻略大图-61.png: 1672x941
[image-size] D:\测试\大图\拍照攻略大图-62.png: 1672x941
[image-size] D:\测试\大图\拍照攻略大图-63.png: 1672x941
[image-size] D:\测试\大图\拍照攻略大图-64.png: 1672x941
[image-size] D:\测试\大图\拍照攻略大图-65.png: 1672x941
[image-size] D:\测试\大图\拍照攻略大图-66.png: 1672x941
[image-size] D:\测试\大图\拍照攻略大图-67.png: 1672x941
[image-size] D:\测试\大图\拍照攻略大图-68.png: 1672x941
[image-size] D:\测试\大图\拍照攻略大图-69.png: 1672x941
[image-size] D:\测试\大图\拍照攻略大图-7.png: 1672x941
[image-size] D:\测试\大图\拍照攻略大图-70.png: 1672x941
[image-size] D:\测试\大图\拍照攻略大图-71.png: 1672x941
[image-size] D:\测试\大图\拍照攻略大图-72.png: 1672x941
[image-size] D:\测试\大图\拍照攻略大图-73.png: 1672x941
[image-size] D:\测试\大图\拍照攻略大图-74.png: 1672x941
[image-size] D:\测试\大图\拍照攻略大图-75.png: 1672x941
[image-size] D:\测试\大图\拍照攻略大图-76.png: 1672x941
[image-size] D:\测试\大图\拍照攻略大图-77.png: 1672x941
[image-size] D:\测试\大图\拍照攻略大图-78.png: 1672x941
[image-size] D:\测试\大图\拍照攻略大图-79.png: 1672x941
[image-size] D:\测试\大图\拍照攻略大图-8.png: 1672x941
[image-size] D:\测试\大图\拍照攻略大图-80.png: 1672x941
[image-size] D:\测试\大图\拍照攻略大图-81.png: 1672x941
[image-size] D:\测试\大图\拍照攻略大图-82.png: 1672x941
[image-size] D:\测试\大图\拍照攻略大图-83.png: 1672x941
[image-size] D:\测试\大图\拍照攻略大图-84.png: 1672x941
[image-size] D:\测试\大图\拍照攻略大图-85.png: 1672x941
[image-size] D:\测试\大图\拍照攻略大图-86.png: 1672x941
[image-size] D:\测试\大图\拍照攻略大图-87.png: 1672x941
[image-size] D:\测试\大图\拍照攻略大图-88.png: 1672x941
[image-size] D:\测试\大图\拍照攻略大图-89.png: 1672x941
[image-size] D:\测试\大图\拍照攻略大图-9.png: 1672x941
[image-size] D:\测试\大图\拍照攻略大图-90.png: 1672x941
[image-size] D:\测试\大图\拍照攻略大图-91.png: 1672x941
[image-size] D:\测试\大图\拍照攻略大图-92.png: 1672x941
[image-size] D:\测试\大图\拍照攻略大图-93.png: 1672x941
[image-size] D:\测试\大图\拍照攻略大图-94.png: 1672x941
[image-size] D:\测试\大图\拍照攻略大图-95.png: 1672x941
[image-size] D:\测试\大图\拍照攻略大图-96.png: 1672x941
[image-size] D:\测试\大图\拍照攻略大图-97.png: 1672x941
[image-size] D:\测试\大图\拍照攻略大图-98.png: 1672x941
[image-size] D:\测试\大图\拍照攻略大图-99.png: 1672x941
[2m10:18:43[22m [36m[1m[vite][22m[39m [90m[2m(client)[22m[39m [32mpage reload [39m[2msrc/features/composite/components/BatchExportTab.test.tsx[22m
[image-size] D:\测试\闪屏\拍照攻略闪屏-1.png: 941x1672
[image-size] D:\测试\闪屏\拍照攻略闪屏-10.png: 941x1672
[image-size] D:\测试\闪屏\拍照攻略闪屏-100.png: 941x1672
[image-size] D:\测试\闪屏\拍照攻略闪屏-11.png: 941x1672
[image-size] D:\测试\闪屏\拍照攻略闪屏-12.png: 941x1672
[image-size] D:\测试\闪屏\拍照攻略闪屏-13.png: 941x1672
[image-size] D:\测试\闪屏\拍照攻略闪屏-14.png: 941x1672
[image-size] D:\测试\闪屏\拍照攻略闪屏-15.png: 941x1672
[image-size] D:\测试\闪屏\拍照攻略闪屏-16.png: 941x1672
[image-size] D:\测试\闪屏\拍照攻略闪屏-17.png: 941x1672
[image-size] D:\测试\闪屏\拍照攻略闪屏-18.png: 941x1672
[image-size] D:\测试\闪屏\拍照攻略闪屏-19.png: 941x1672
[image-size] D:\测试\闪屏\拍照攻略闪屏-2.png: 941x1672
[image-size] D:\测试\闪屏\拍照攻略闪屏-20.png: 941x1672
[image-size] D:\测试\闪屏\拍照攻略闪屏-21.png: 941x1672
[image-size] D:\测试\闪屏\拍照攻略闪屏-22.png: 941x1672
[image-size] D:\测试\闪屏\拍照攻略闪屏-23.png: 941x1672
[image-size] D:\测试\闪屏\拍照攻略闪屏-24.png: 941x1672
[image-size] D:\测试\闪屏\拍照攻略闪屏-25.png: 941x1672
[image-size] D:\测试\闪屏\拍照攻略闪屏-26.png: 941x1672
[image-size] D:\测试\闪屏\拍照攻略闪屏-27.png: 941x1672
[image-size] D:\测试\闪屏\拍照攻略闪屏-28.png: 941x1672
[image-size] D:\测试\闪屏\拍照攻略闪屏-29.png: 941x1672
[image-size] D:\测试\闪屏\拍照攻略闪屏-3.png: 941x1672
[image-size] D:\测试\闪屏\拍照攻略闪屏-30.png: 941x1672
[image-size] D:\测试\闪屏\拍照攻略闪屏-31.png: 941x1672
[image-size] D:\测试\闪屏\拍照攻略闪屏-32.png: 941x1672
[image-size] D:\测试\闪屏\拍照攻略闪屏-33.png: 941x1672
[image-size] D:\测试\闪屏\拍照攻略闪屏-34.png: 941x1672
[image-size] D:\测试\闪屏\拍照攻略闪屏-35.png: 941x1672
[image-size] D:\测试\闪屏\拍照攻略闪屏-36.png: 941x1672
[image-size] D:\测试\闪屏\拍照攻略闪屏-37.png: 941x1672
[image-size] D:\测试\闪屏\拍照攻略闪屏-38.png: 941x1672
[image-size] D:\测试\闪屏\拍照攻略闪屏-39.png: 941x1672
[image-size] D:\测试\闪屏\拍照攻略闪屏-4.png: 941x1672
[image-size] D:\测试\闪屏\拍照攻略闪屏-40.png: 941x1672
[image-size] D:\测试\闪屏\拍照攻略闪屏-41.png: 941x1672
[image-size] D:\测试\闪屏\拍照攻略闪屏-42.png: 941x1672
[image-size] D:\测试\闪屏\拍照攻略闪屏-43.png: 941x1672
[image-size] D:\测试\闪屏\拍照攻略闪屏-44.png: 941x1672
[image-size] D:\测试\闪屏\拍照攻略闪屏-45.png: 941x1672
[image-size] D:\测试\闪屏\拍照攻略闪屏-46.png: 941x1672
[image-size] D:\测试\闪屏\拍照攻略闪屏-47.png: 941x1672
[image-size] D:\测试\闪屏\拍照攻略闪屏-48.png: 941x1672
[image-size] D:\测试\闪屏\拍照攻略闪屏-49.png: 941x1672
[image-size] D:\测试\闪屏\拍照攻略闪屏-5.png: 941x1672
[image-size] D:\测试\闪屏\拍照攻略闪屏-50.png: 941x1672
[image-size] D:\测试\闪屏\拍照攻略闪屏-51.png: 941x1672
[image-size] D:\测试\闪屏\拍照攻略闪屏-52.png: 941x1672
[image-size] D:\测试\闪屏\拍照攻略闪屏-53.png: 941x1672
[image-size] D:\测试\闪屏\拍照攻略闪屏-54.png: 941x1672
[image-size] D:\测试\闪屏\拍照攻略闪屏-55.png: 941x1672
[image-size] D:\测试\闪屏\拍照攻略闪屏-56.png: 941x1672
[image-size] D:\测试\闪屏\拍照攻略闪屏-57.png: 941x1672
[image-size] D:\测试\闪屏\拍照攻略闪屏-58.png: 941x1672
[image-size] D:\测试\闪屏\拍照攻略闪屏-59.png: 941x1672
[image-size] D:\测试\闪屏\拍照攻略闪屏-6.png: 941x1672
[image-size] D:\测试\闪屏\拍照攻略闪屏-60.png: 941x1672
[image-size] D:\测试\闪屏\拍照攻略闪屏-61.png: 941x1672
[image-size] D:\测试\闪屏\拍照攻略闪屏-62.png: 941x1672
[image-size] D:\测试\闪屏\拍照攻略闪屏-63.png: 941x1672
[image-size] D:\测试\闪屏\拍照攻略闪屏-64.png: 941x1672
[image-size] D:\测试\闪屏\拍照攻略闪屏-65.png: 941x1672
[image-size] D:\测试\闪屏\拍照攻略闪屏-66.png: 941x1672
[image-size] D:\测试\闪屏\拍照攻略闪屏-67.png: 941x1672
[image-size] D:\测试\闪屏\拍照攻略闪屏-68.png: 941x1672
[image-size] D:\测试\闪屏\拍照攻略闪屏-69.png: 941x1672
[image-size] D:\测试\闪屏\拍照攻略闪屏-7.png: 941x1672
[image-size] D:\测试\闪屏\拍照攻略闪屏-70.png: 941x1672
[image-size] D:\测试\闪屏\拍照攻略闪屏-71.png: 941x1672
[image-size] D:\测试\闪屏\拍照攻略闪屏-72.png: 941x1672
[image-size] D:\测试\闪屏\拍照攻略闪屏-73.png: 941x1672
[image-size] D:\测试\闪屏\拍照攻略闪屏-74.png: 941x1672
[image-size] D:\测试\闪屏\拍照攻略闪屏-75.png: 941x1672
[image-size] D:\测试\闪屏\拍照攻略闪屏-76.png: 941x1672
[image-size] D:\测试\闪屏\拍照攻略闪屏-77.png: 941x1672
[image-size] D:\测试\闪屏\拍照攻略闪屏-78.png: 941x1672
[image-size] D:\测试\闪屏\拍照攻略闪屏-79.png: 941x1672
[image-size] D:\测试\闪屏\拍照攻略闪屏-8.png: 941x1672
[image-size] D:\测试\闪屏\拍照攻略闪屏-80.png: 941x1672
[image-size] D:\测试\闪屏\拍照攻略闪屏-81.png: 941x1672
[image-size] D:\测试\闪屏\拍照攻略闪屏-82.png: 941x1672
[image-size] D:\测试\闪屏\拍照攻略闪屏-83.png: 941x1672
[image-size] D:\测试\闪屏\拍照攻略闪屏-84.png: 941x1672
[image-size] D:\测试\闪屏\拍照攻略闪屏-85.png: 941x1672
[image-size] D:\测试\闪屏\拍照攻略闪屏-86.png: 941x1672
[image-size] D:\测试\闪屏\拍照攻略闪屏-87.png: 941x1672
[image-size] D:\测试\闪屏\拍照攻略闪屏-88.png: 941x1672
[image-size] D:\测试\闪屏\拍照攻略闪屏-89.png: 941x1672
[image-size] D:\测试\闪屏\拍照攻略闪屏-9.png: 941x1672
[image-size] D:\测试\闪屏\拍照攻略闪屏-90.png: 941x1672
[image-size] D:\测试\闪屏\拍照攻略闪屏-91.png: 941x1672
[image-size] D:\测试\闪屏\拍照攻略闪屏-92.png: 941x1672
[image-size] D:\测试\闪屏\拍照攻略闪屏-93.png: 941x1672
[image-size] D:\测试\闪屏\拍照攻略闪屏-94.png: 941x1672
[image-size] D:\测试\闪屏\拍照攻略闪屏-95.png: 941x1672
[image-size] D:\测试\闪屏\拍照攻略闪屏-96.png: 941x1672
[image-size] D:\测试\闪屏\拍照攻略闪屏-97.png: 941x1672
[image-size] D:\测试\闪屏\拍照攻略闪屏-98.png: 941x1672
[image-size] D:\测试\闪屏\拍照攻略闪屏-99.png: 941x1672
[image-size] D:\测试\闪屏\拍照攻略闪屏-1.png: 941x1672
[image-size] D:\测试\闪屏\拍照攻略闪屏-10.png: 941x1672
[image-size] D:\测试\闪屏\拍照攻略闪屏-100.png: 941x1672
[image-size] D:\测试\闪屏\拍照攻略闪屏-11.png: 941x1672
[image-size] D:\测试\闪屏\拍照攻略闪屏-12.png: 941x1672
[image-size] D:\测试\闪屏\拍照攻略闪屏-13.png: 941x1672
[image-size] D:\测试\闪屏\拍照攻略闪屏-14.png: 941x1672
[image-size] D:\测试\闪屏\拍照攻略闪屏-15.png: 941x1672
[image-size] D:\测试\闪屏\拍照攻略闪屏-16.png: 941x1672
[image-size] D:\测试\闪屏\拍照攻略闪屏-17.png: 941x1672
[image-size] D:\测试\闪屏\拍照攻略闪屏-18.png: 941x1672
[image-size] D:\测试\闪屏\拍照攻略闪屏-19.png: 941x1672
[image-size] D:\测试\闪屏\拍照攻略闪屏-2.png: 941x1672
[image-size] D:\测试\闪屏\拍照攻略闪屏-20.png: 941x1672
[image-size] D:\测试\闪屏\拍照攻略闪屏-21.png: 941x1672
[image-size] D:\测试\闪屏\拍照攻略闪屏-22.png: 941x1672
[image-size] D:\测试\闪屏\拍照攻略闪屏-23.png: 941x1672
[image-size] D:\测试\闪屏\拍照攻略闪屏-24.png: 941x1672
[image-size] D:\测试\闪屏\拍照攻略闪屏-25.png: 941x1672
[image-size] D:\测试\闪屏\拍照攻略闪屏-26.png: 941x1672
[image-size] D:\测试\闪屏\拍照攻略闪屏-27.png: 941x1672
[image-size] D:\测试\闪屏\拍照攻略闪屏-28.png: 941x1672
[image-size] D:\测试\闪屏\拍照攻略闪屏-29.png: 941x1672
[image-size] D:\测试\闪屏\拍照攻略闪屏-3.png: 941x1672
[image-size] D:\测试\闪屏\拍照攻略闪屏-30.png: 941x1672
[image-size] D:\测试\闪屏\拍照攻略闪屏-31.png: 941x1672
[image-size] D:\测试\闪屏\拍照攻略闪屏-32.png: 941x1672
[image-size] D:\测试\闪屏\拍照攻略闪屏-33.png: 941x1672
[image-size] D:\测试\闪屏\拍照攻略闪屏-34.png: 941x1672
[image-size] D:\测试\闪屏\拍照攻略闪屏-35.png: 941x1672
[image-size] D:\测试\闪屏\拍照攻略闪屏-36.png: 941x1672
[image-size] D:\测试\闪屏\拍照攻略闪屏-37.png: 941x1672
[image-size] D:\测试\闪屏\拍照攻略闪屏-38.png: 941x1672
[image-size] D:\测试\闪屏\拍照攻略闪屏-39.png: 941x1672
[image-size] D:\测试\闪屏\拍照攻略闪屏-4.png: 941x1672
[image-size] D:\测试\闪屏\拍照攻略闪屏-40.png: 941x1672
[image-size] D:\测试\闪屏\拍照攻略闪屏-41.png: 941x1672
[image-size] D:\测试\闪屏\拍照攻略闪屏-42.png: 941x1672
[image-size] D:\测试\闪屏\拍照攻略闪屏-43.png: 941x1672
[image-size] D:\测试\闪屏\拍照攻略闪屏-44.png: 941x1672
[image-size] D:\测试\闪屏\拍照攻略闪屏-45.png: 941x1672
[image-size] D:\测试\闪屏\拍照攻略闪屏-46.png: 941x1672
[image-size] D:\测试\闪屏\拍照攻略闪屏-47.png: 941x1672
[image-size] D:\测试\闪屏\拍照攻略闪屏-48.png: 941x1672
[image-size] D:\测试\闪屏\拍照攻略闪屏-49.png: 941x1672
[image-size] D:\测试\闪屏\拍照攻略闪屏-5.png: 941x1672
[image-size] D:\测试\闪屏\拍照攻略闪屏-50.png: 941x1672
[image-size] D:\测试\闪屏\拍照攻略闪屏-51.png: 941x1672
[image-size] D:\测试\闪屏\拍照攻略闪屏-52.png: 941x1672
[image-size] D:\测试\闪屏\拍照攻略闪屏-53.png: 941x1672
[image-size] D:\测试\闪屏\拍照攻略闪屏-54.png: 941x1672
[image-size] D:\测试\闪屏\拍照攻略闪屏-55.png: 941x1672
[image-size] D:\测试\闪屏\拍照攻略闪屏-56.png: 941x1672
[image-size] D:\测试\闪屏\拍照攻略闪屏-57.png: 941x1672
[image-size] D:\测试\闪屏\拍照攻略闪屏-58.png: 941x1672
[image-size] D:\测试\闪屏\拍照攻略闪屏-59.png: 941x1672
[image-size] D:\测试\闪屏\拍照攻略闪屏-6.png: 941x1672
[image-size] D:\测试\闪屏\拍照攻略闪屏-60.png: 941x1672
[image-size] D:\测试\闪屏\拍照攻略闪屏-61.png: 941x1672
[image-size] D:\测试\闪屏\拍照攻略闪屏-62.png: 941x1672
[image-size] D:\测试\闪屏\拍照攻略闪屏-63.png: 941x1672
[image-size] D:\测试\闪屏\拍照攻略闪屏-64.png: 941x1672
[image-size] D:\测试\闪屏\拍照攻略闪屏-65.png: 941x1672
[image-size] D:\测试\闪屏\拍照攻略闪屏-66.png: 941x1672
[image-size] D:\测试\闪屏\拍照攻略闪屏-67.png: 941x1672
[image-size] D:\测试\闪屏\拍照攻略闪屏-68.png: 941x1672
[image-size] D:\测试\闪屏\拍照攻略闪屏-69.png: 941x1672
[image-size] D:\测试\闪屏\拍照攻略闪屏-7.png: 941x1672
[image-size] D:\测试\闪屏\拍照攻略闪屏-70.png: 941x1672
[image-size] D:\测试\闪屏\拍照攻略闪屏-71.png: 941x1672
[image-size] D:\测试\闪屏\拍照攻略闪屏-72.png: 941x1672
[image-size] D:\测试\闪屏\拍照攻略闪屏-73.png: 941x1672
[image-size] D:\测试\闪屏\拍照攻略闪屏-74.png: 941x1672
[image-size] D:\测试\闪屏\拍照攻略闪屏-75.png: 941x1672
[image-size] D:\测试\闪屏\拍照攻略闪屏-76.png: 941x1672
[image-size] D:\测试\闪屏\拍照攻略闪屏-77.png: 941x1672
[image-size] D:\测试\闪屏\拍照攻略闪屏-78.png: 941x1672
[image-size] D:\测试\闪屏\拍照攻略闪屏-79.png: 941x1672
[image-size] D:\测试\闪屏\拍照攻略闪屏-8.png: 941x1672
[image-size] D:\测试\闪屏\拍照攻略闪屏-80.png: 941x1672
[image-size] D:\测试\闪屏\拍照攻略闪屏-81.png: 941x1672
[image-size] D:\测试\闪屏\拍照攻略闪屏-82.png: 941x1672
[image-size] D:\测试\闪屏\拍照攻略闪屏-83.png: 941x1672
[image-size] D:\测试\闪屏\拍照攻略闪屏-84.png: 941x1672
[image-size] D:\测试\闪屏\拍照攻略闪屏-85.png: 941x1672
[image-size] D:\测试\闪屏\拍照攻略闪屏-86.png: 941x1672
[image-size] D:\测试\闪屏\拍照攻略闪屏-87.png: 941x1672
[image-size] D:\测试\闪屏\拍照攻略闪屏-88.png: 941x1672
[image-size] D:\测试\闪屏\拍照攻略闪屏-89.png: 941x1672
[image-size] D:\测试\闪屏\拍照攻略闪屏-9.png: 941x1672
[image-size] D:\测试\闪屏\拍照攻略闪屏-90.png: 941x1672
[image-size] D:\测试\闪屏\拍照攻略闪屏-91.png: 941x1672
[image-size] D:\测试\闪屏\拍照攻略闪屏-92.png: 941x1672
[image-size] D:\测试\闪屏\拍照攻略闪屏-93.png: 941x1672
[image-size] D:\测试\闪屏\拍照攻略闪屏-94.png: 941x1672
[image-size] D:\测试\闪屏\拍照攻略闪屏-95.png: 941x1672
[image-size] D:\测试\闪屏\拍照攻略闪屏-96.png: 941x1672
[image-size] D:\测试\闪屏\拍照攻略闪屏-97.png: 941x1672
[image-size] D:\测试\闪屏\拍照攻略闪屏-98.png: 941x1672
[image-size] D:\测试\闪屏\拍照攻略闪屏-99.png: 941x1672
[image-size] D:\测试\大图\拍照攻略大图-1.png: 1672x941
[image-size] D:\测试\大图\拍照攻略大图-10.png: 1672x941
[image-size] D:\测试\大图\拍照攻略大图-100.png: 1672x941
[image-size] D:\测试\大图\拍照攻略大图-11.png: 1672x941
[image-size] D:\测试\大图\拍照攻略大图-12.png: 1672x941
[image-size] D:\测试\大图\拍照攻略大图-13.png: 1672x941
[image-size] D:\测试\大图\拍照攻略大图-14.png: 1672x941
[image-size] D:\测试\大图\拍照攻略大图-15.png: 1672x941
[image-size] D:\测试\大图\拍照攻略大图-16.png: 1672x941
[image-size] D:\测试\大图\拍照攻略大图-17.png: 1672x941
[image-size] D:\测试\大图\拍照攻略大图-18.png: 1672x941
[image-size] D:\测试\大图\拍照攻略大图-19.png: 1672x941
[image-size] D:\测试\大图\拍照攻略大图-2.png: 1672x941
[image-size] D:\测试\大图\拍照攻略大图-20.png: 1672x941
[image-size] D:\测试\大图\拍照攻略大图-21.png: 1672x941
[image-size] D:\测试\大图\拍照攻略大图-22.png: 1672x941
[image-size] D:\测试\大图\拍照攻略大图-23.png: 1672x941
[image-size] D:\测试\大图\拍照攻略大图-24.png: 1672x941
[image-size] D:\测试\大图\拍照攻略大图-25.png: 1672x941
[image-size] D:\测试\大图\拍照攻略大图-26.png: 1672x941
[image-size] D:\测试\大图\拍照攻略大图-27.png: 1672x941
[image-size] D:\测试\大图\拍照攻略大图-28.png: 1672x941
[image-size] D:\测试\大图\拍照攻略大图-29.png: 1672x941
[image-size] D:\测试\大图\拍照攻略大图-3.png: 1672x941
[image-size] D:\测试\大图\拍照攻略大图-30.png: 1672x941
[image-size] D:\测试\大图\拍照攻略大图-31.png: 1672x941
[image-size] D:\测试\大图\拍照攻略大图-32.png: 1672x941
[image-size] D:\测试\大图\拍照攻略大图-33.png: 1672x941
[image-size] D:\测试\大图\拍照攻略大图-34.png: 1672x941
[image-size] D:\测试\大图\拍照攻略大图-35.png: 1672x941
[image-size] D:\测试\大图\拍照攻略大图-36.png: 1672x941
[image-size] D:\测试\大图\拍照攻略大图-37.png: 1672x941
[image-size] D:\测试\大图\拍照攻略大图-38.png: 1672x941
[image-size] D:\测试\大图\拍照攻略大图-39.png: 1672x941
[image-size] D:\测试\大图\拍照攻略大图-4.png: 1672x941
[image-size] D:\测试\大图\拍照攻略大图-40.png: 1672x941
[image-size] D:\测试\大图\拍照攻略大图-41.png: 1672x941
[image-size] D:\测试\大图\拍照攻略大图-42.png: 1672x941
[image-size] D:\测试\大图\拍照攻略大图-43.png: 1672x941
[image-size] D:\测试\大图\拍照攻略大图-44.png: 1672x941
[image-size] D:\测试\大图\拍照攻略大图-45.png: 1672x941
[image-size] D:\测试\大图\拍照攻略大图-46.png: 1672x941
[image-size] D:\测试\大图\拍照攻略大图-47.png: 1672x941
[image-size] D:\测试\大图\拍照攻略大图-48.png: 1672x941
[image-size] D:\测试\大图\拍照攻略大图-49.png: 1672x941
[image-size] D:\测试\大图\拍照攻略大图-5.png: 1672x941
[image-size] D:\测试\大图\拍照攻略大图-50.png: 1672x941
[image-size] D:\测试\大图\拍照攻略大图-51.png: 1672x941
[image-size] D:\测试\大图\拍照攻略大图-52.png: 1672x941
[image-size] D:\测试\大图\拍照攻略大图-53.png: 1672x941
[image-size] D:\测试\大图\拍照攻略大图-54.png: 1672x941
[image-size] D:\测试\大图\拍照攻略大图-55.png: 1672x941
[image-size] D:\测试\大图\拍照攻略大图-56.png: 1672x941
[image-size] D:\测试\大图\拍照攻略大图-57.png: 1672x941
[image-size] D:\测试\大图\拍照攻略大图-58.png: 1672x941
[image-size] D:\测试\大图\拍照攻略大图-59.png: 1672x941
[image-size] D:\测试\大图\拍照攻略大图-6.png: 1672x941
[image-size] D:\测试\大图\拍照攻略大图-60.png: 1672x941
[image-size] D:\测试\大图\拍照攻略大图-61.png: 1672x941
[image-size] D:\测试\大图\拍照攻略大图-62.png: 1672x941
[image-size] D:\测试\大图\拍照攻略大图-63.png: 1672x941
[image-size] D:\测试\大图\拍照攻略大图-64.png: 1672x941
[image-size] D:\测试\大图\拍照攻略大图-65.png: 1672x941
[image-size] D:\测试\大图\拍照攻略大图-66.png: 1672x941
[image-size] D:\测试\大图\拍照攻略大图-67.png: 1672x941
[image-size] D:\测试\大图\拍照攻略大图-68.png: 1672x941
[image-size] D:\测试\大图\拍照攻略大图-69.png: 1672x941
[image-size] D:\测试\大图\拍照攻略大图-7.png: 1672x941
[image-size] D:\测试\大图\拍照攻略大图-70.png: 1672x941
[image-size] D:\测试\大图\拍照攻略大图-71.png: 1672x941
[image-size] D:\测试\大图\拍照攻略大图-72.png: 1672x941
[image-size] D:\测试\大图\拍照攻略大图-73.png: 1672x941
[image-size] D:\测试\大图\拍照攻略大图-74.png: 1672x941
[image-size] D:\测试\大图\拍照攻略大图-75.png: 1672x941
[image-size] D:\测试\大图\拍照攻略大图-76.png: 1672x941
[image-size] D:\测试\大图\拍照攻略大图-77.png: 1672x941
[image-size] D:\测试\大图\拍照攻略大图-78.png: 1672x941
[image-size] D:\测试\大图\拍照攻略大图-79.png: 1672x941
[image-size] D:\测试\大图\拍照攻略大图-8.png: 1672x941
[image-size] D:\测试\大图\拍照攻略大图-80.png: 1672x941
[image-size] D:\测试\大图\拍照攻略大图-81.png: 1672x941
[image-size] D:\测试\大图\拍照攻略大图-82.png: 1672x941
[image-size] D:\测试\大图\拍照攻略大图-83.png: 1672x941
[image-size] D:\测试\大图\拍照攻略大图-84.png: 1672x941
[image-size] D:\测试\大图\拍照攻略大图-85.png: 1672x941
[image-size] D:\测试\大图\拍照攻略大图-86.png: 1672x941
[image-size] D:\测试\大图\拍照攻略大图-87.png: 1672x941
[image-size] D:\测试\大图\拍照攻略大图-88.png: 1672x941
[image-size] D:\测试\大图\拍照攻略大图-89.png: 1672x941
[image-size] D:\测试\大图\拍照攻略大图-9.png: 1672x941
[image-size] D:\测试\大图\拍照攻略大图-90.png: 1672x941
[image-size] D:\测试\大图\拍照攻略大图-91.png: 1672x941
[image-size] D:\测试\大图\拍照攻略大图-92.png: 1672x941
[image-size] D:\测试\大图\拍照攻略大图-93.png: 1672x941
[image-size] D:\测试\大图\拍照攻略大图-94.png: 1672x941
[image-size] D:\测试\大图\拍照攻略大图-95.png: 1672x941
[image-size] D:\测试\大图\拍照攻略大图-96.png: 1672x941
[image-size] D:\测试\大图\拍照攻略大图-97.png: 1672x941
[image-size] D:\测试\大图\拍照攻略大图-98.png: 1672x941
[image-size] D:\测试\大图\拍照攻略大图-99.png: 1672x941
[2m10:20:05[22m [36m[1m[vite][22m[39m [90m[2m(client)[22m[39m [32mhmr update [39m[2m/src/features/composite/components/BatchExportTab.tsx, /src/index.css[22m
[2m10:37:37[22m [36m[1m[vite][22m[39m [90m[2m(client)[22m[39m [32mhmr update [39m[2m/src/index.css, /src/features/composite/components/BatchExportTab.tsx, /src/features/composite/components/PresetManagementTab.tsx, /src/features/composite/components/DistributionSettingsPanel.tsx, /src/features/composite/components/PresetCanvasEditor.tsx, /src/features/composite/components/ExportResultsPanel.tsx, /src/features/composite/components/GlobalOutputRulesPanel.tsx[22m
[2m10:37:48[22m [36m[1m[vite][22m[39m [90m[2m(client)[22m[39m [32mhmr update [39m[2m/src/index.css, /src/features/composite/components/BatchExportTab.tsx, /src/features/composite/components/PresetManagementTab.tsx, /src/features/composite/components/DistributionSettingsPanel.tsx, /src/features/composite/components/PresetCanvasEditor.tsx, /src/features/composite/components/ExportResultsPanel.tsx, /src/features/composite/components/GlobalOutputRulesPanel.tsx[22m
[2m10:38:00[22m [36m[1m[vite][22m[39m [90m[2m(client)[22m[39m [32mhmr update [39m[2m/src/index.css, /src/features/composite/components/BatchExportTab.tsx, /src/features/composite/components/PresetManagementTab.tsx, /src/features/composite/components/DistributionSettingsPanel.tsx, /src/features/composite/components/PresetCanvasEditor.tsx, /src/features/composite/components/ExportResultsPanel.tsx, /src/features/composite/components/GlobalOutputRulesPanel.tsx[22m
[2m10:38:25[22m [36m[1m[vite][22m[39m [90m[2m(client)[22m[39m [32mhmr update [39m[2m/src/index.css, /src/features/composite/components/BatchExportTab.tsx, /src/features/composite/components/PresetManagementTab.tsx, /src/features/composite/components/DistributionSettingsPanel.tsx, /src/features/composite/components/PresetCanvasEditor.tsx, /src/features/composite/components/ExportResultsPanel.tsx, /src/features/composite/components/GlobalOutputRulesPanel.tsx[22m
[2m10:38:25[22m [36m[1m[vite][22m[39m [90m[2m(client)[22m[39m [32mhmr update [39m[2m/src/index.css, /src/features/composite/components/BatchExportTab.tsx, /src/features/composite/components/PresetManagementTab.tsx, /src/features/composite/components/DistributionSettingsPanel.tsx, /src/features/composite/components/PresetCanvasEditor.tsx, /src/features/composite/components/ExportResultsPanel.tsx, /src/features/composite/components/GlobalOutputRulesPanel.tsx[22m
[2m10:38:44[22m [36m[1m[vite][22m[39m [90m[2m(client)[22m[39m [32mhmr update [39m[2m/src/index.css, /src/features/composite/components/BatchExportTab.tsx, /src/features/composite/components/PresetManagementTab.tsx, /src/features/composite/components/DistributionSettingsPanel.tsx, /src/features/composite/components/PresetCanvasEditor.tsx, /src/features/composite/components/ExportResultsPanel.tsx, /src/features/composite/components/GlobalOutputRulesPanel.tsx[22m
[2m10:38:54[22m [36m[1m[vite][22m[39m [90m[2m(client)[22m[39m [32mpage reload [39m[2msrc/features/composite/lib/compositeV2Types.ts[22m
[image-size] D:\测试\闪屏\拍照攻略闪屏-1.png: 941x1672
[image-size] D:\测试\闪屏\拍照攻略闪屏-10.png: 941x1672
[image-size] D:\测试\闪屏\拍照攻略闪屏-100.png: 941x1672
[image-size] D:\测试\闪屏\拍照攻略闪屏-11.png: 941x1672
[image-size] D:\测试\闪屏\拍照攻略闪屏-12.png: 941x1672
[image-size] D:\测试\闪屏\拍照攻略闪屏-13.png: 941x1672
[image-size] D:\测试\闪屏\拍照攻略闪屏-14.png: 941x1672
[image-size] D:\测试\闪屏\拍照攻略闪屏-15.png: 941x1672
[image-size] D:\测试\闪屏\拍照攻略闪屏-16.png: 941x1672
[image-size] D:\测试\闪屏\拍照攻略闪屏-17.png: 941x1672
[image-size] D:\测试\闪屏\拍照攻略闪屏-18.png: 941x1672
[image-size] D:\测试\闪屏\拍照攻略闪屏-19.png: 941x1672
[image-size] D:\测试\闪屏\拍照攻略闪屏-2.png: 941x1672
[image-size] D:\测试\闪屏\拍照攻略闪屏-20.png: 941x1672
[image-size] D:\测试\闪屏\拍照攻略闪屏-21.png: 941x1672
[image-size] D:\测试\闪屏\拍照攻略闪屏-22.png: 941x1672
[image-size] D:\测试\闪屏\拍照攻略闪屏-23.png: 941x1672
[image-size] D:\测试\闪屏\拍照攻略闪屏-24.png: 941x1672
[image-size] D:\测试\闪屏\拍照攻略闪屏-25.png: 941x1672
[image-size] D:\测试\闪屏\拍照攻略闪屏-26.png: 941x1672
[image-size] D:\测试\闪屏\拍照攻略闪屏-27.png: 941x1672
[image-size] D:\测试\闪屏\拍照攻略闪屏-28.png: 941x1672
[image-size] D:\测试\闪屏\拍照攻略闪屏-29.png: 941x1672
[image-size] D:\测试\闪屏\拍照攻略闪屏-3.png: 941x1672
[image-size] D:\测试\闪屏\拍照攻略闪屏-30.png: 941x1672
[image-size] D:\测试\闪屏\拍照攻略闪屏-31.png: 941x1672
[image-size] D:\测试\闪屏\拍照攻略闪屏-32.png: 941x1672
[image-size] D:\测试\闪屏\拍照攻略闪屏-33.png: 941x1672
[image-size] D:\测试\闪屏\拍照攻略闪屏-34.png: 941x1672
[image-size] D:\测试\闪屏\拍照攻略闪屏-35.png: 941x1672
[image-size] D:\测试\闪屏\拍照攻略闪屏-36.png: 941x1672
[image-size] D:\测试\闪屏\拍照攻略闪屏-37.png: 941x1672
[image-size] D:\测试\闪屏\拍照攻略闪屏-38.png: 941x1672
[image-size] D:\测试\闪屏\拍照攻略闪屏-39.png: 941x1672
[image-size] D:\测试\闪屏\拍照攻略闪屏-4.png: 941x1672
[image-size] D:\测试\闪屏\拍照攻略闪屏-40.png: 941x1672
[image-size] D:\测试\闪屏\拍照攻略闪屏-41.png: 941x1672
[image-size] D:\测试\闪屏\拍照攻略闪屏-42.png: 941x1672
[image-size] D:\测试\闪屏\拍照攻略闪屏-43.png: 941x1672
[image-size] D:\测试\闪屏\拍照攻略闪屏-44.png: 941x1672
[image-size] D:\测试\闪屏\拍照攻略闪屏-45.png: 941x1672
[image-size] D:\测试\闪屏\拍照攻略闪屏-46.png: 941x1672
[image-size] D:\测试\闪屏\拍照攻略闪屏-47.png: 941x1672
[image-size] D:\测试\闪屏\拍照攻略闪屏-48.png: 941x1672
[image-size] D:\测试\闪屏\拍照攻略闪屏-49.png: 941x1672
[image-size] D:\测试\闪屏\拍照攻略闪屏-5.png: 941x1672
[image-size] D:\测试\闪屏\拍照攻略闪屏-50.png: 941x1672
[image-size] D:\测试\闪屏\拍照攻略闪屏-51.png: 941x1672
[image-size] D:\测试\闪屏\拍照攻略闪屏-52.png: 941x1672
[image-size] D:\测试\闪屏\拍照攻略闪屏-53.png: 941x1672
[image-size] D:\测试\闪屏\拍照攻略闪屏-54.png: 941x1672
[image-size] D:\测试\闪屏\拍照攻略闪屏-55.png: 941x1672
[image-size] D:\测试\闪屏\拍照攻略闪屏-56.png: 941x1672
[image-size] D:\测试\闪屏\拍照攻略闪屏-57.png: 941x1672
[image-size] D:\测试\闪屏\拍照攻略闪屏-58.png: 941x1672
[image-size] D:\测试\闪屏\拍照攻略闪屏-59.png: 941x1672
[image-size] D:\测试\闪屏\拍照攻略闪屏-6.png: 941x1672
[image-size] D:\测试\闪屏\拍照攻略闪屏-60.png: 941x1672
[image-size] D:\测试\闪屏\拍照攻略闪屏-61.png: 941x1672
[image-size] D:\测试\闪屏\拍照攻略闪屏-62.png: 941x1672
[image-size] D:\测试\闪屏\拍照攻略闪屏-63.png: 941x1672
[image-size] D:\测试\闪屏\拍照攻略闪屏-64.png: 941x1672
[image-size] D:\测试\闪屏\拍照攻略闪屏-65.png: 941x1672
[image-size] D:\测试\闪屏\拍照攻略闪屏-66.png: 941x1672
[image-size] D:\测试\闪屏\拍照攻略闪屏-67.png: 941x1672
[image-size] D:\测试\闪屏\拍照攻略闪屏-68.png: 941x1672
[image-size] D:\测试\闪屏\拍照攻略闪屏-69.png: 941x1672
[image-size] D:\测试\闪屏\拍照攻略闪屏-7.png: 941x1672
[image-size] D:\测试\闪屏\拍照攻略闪屏-70.png: 941x1672
[image-size] D:\测试\闪屏\拍照攻略闪屏-71.png: 941x1672
[image-size] D:\测试\闪屏\拍照攻略闪屏-72.png: 941x1672
[image-size] D:\测试\闪屏\拍照攻略闪屏-73.png: 941x1672
[image-size] D:\测试\闪屏\拍照攻略闪屏-74.png: 941x1672
[image-size] D:\测试\闪屏\拍照攻略闪屏-75.png: 941x1672
[image-size] D:\测试\闪屏\拍照攻略闪屏-76.png: 941x1672
[image-size] D:\测试\闪屏\拍照攻略闪屏-77.png: 941x1672
[image-size] D:\测试\闪屏\拍照攻略闪屏-78.png: 941x1672
[image-size] D:\测试\闪屏\拍照攻略闪屏-79.png: 941x1672
[image-size] D:\测试\闪屏\拍照攻略闪屏-8.png: 941x1672
[image-size] D:\测试\闪屏\拍照攻略闪屏-80.png: 941x1672
[image-size] D:\测试\闪屏\拍照攻略闪屏-81.png: 941x1672
[image-size] D:\测试\闪屏\拍照攻略闪屏-82.png: 941x1672
[image-size] D:\测试\闪屏\拍照攻略闪屏-83.png: 941x1672
[image-size] D:\测试\闪屏\拍照攻略闪屏-84.png: 941x1672
[image-size] D:\测试\闪屏\拍照攻略闪屏-85.png: 941x1672
[image-size] D:\测试\闪屏\拍照攻略闪屏-86.png: 941x1672
[image-size] D:\测试\闪屏\拍照攻略闪屏-87.png: 941x1672
[image-size] D:\测试\闪屏\拍照攻略闪屏-88.png: 941x1672
[image-size] D:\测试\闪屏\拍照攻略闪屏-89.png: 941x1672
[image-size] D:\测试\闪屏\拍照攻略闪屏-9.png: 941x1672
[image-size] D:\测试\闪屏\拍照攻略闪屏-90.png: 941x1672
[image-size] D:\测试\闪屏\拍照攻略闪屏-91.png: 941x1672
[image-size] D:\测试\闪屏\拍照攻略闪屏-92.png: 941x1672
[image-size] D:\测试\闪屏\拍照攻略闪屏-93.png: 941x1672
[image-size] D:\测试\闪屏\拍照攻略闪屏-94.png: 941x1672
[image-size] D:\测试\闪屏\拍照攻略闪屏-95.png: 941x1672
[image-size] D:\测试\闪屏\拍照攻略闪屏-96.png: 941x1672
[image-size] D:\测试\闪屏\拍照攻略闪屏-97.png: 941x1672
[image-size] D:\测试\闪屏\拍照攻略闪屏-98.png: 941x1672
[image-size] D:\测试\闪屏\拍照攻略闪屏-99.png: 941x1672
[image-size] D:\测试\闪屏\拍照攻略闪屏-1.png: 941x1672
[image-size] D:\测试\闪屏\拍照攻略闪屏-10.png: 941x1672
[image-size] D:\测试\闪屏\拍照攻略闪屏-100.png: 941x1672
[image-size] D:\测试\闪屏\拍照攻略闪屏-11.png: 941x1672
[image-size] D:\测试\闪屏\拍照攻略闪屏-12.png: 941x1672
[image-size] D:\测试\闪屏\拍照攻略闪屏-13.png: 941x1672
[image-size] D:\测试\闪屏\拍照攻略闪屏-14.png: 941x1672
[image-size] D:\测试\闪屏\拍照攻略闪屏-15.png: 941x1672
[image-size] D:\测试\闪屏\拍照攻略闪屏-16.png: 941x1672
[image-size] D:\测试\闪屏\拍照攻略闪屏-17.png: 941x1672
[image-size] D:\测试\闪屏\拍照攻略闪屏-18.png: 941x1672
[image-size] D:\测试\闪屏\拍照攻略闪屏-19.png: 941x1672
[image-size] D:\测试\闪屏\拍照攻略闪屏-2.png: 941x1672
[image-size] D:\测试\闪屏\拍照攻略闪屏-20.png: 941x1672
[image-size] D:\测试\闪屏\拍照攻略闪屏-21.png: 941x1672
[image-size] D:\测试\闪屏\拍照攻略闪屏-22.png: 941x1672
[image-size] D:\测试\闪屏\拍照攻略闪屏-23.png: 941x1672
[image-size] D:\测试\闪屏\拍照攻略闪屏-24.png: 941x1672
[image-size] D:\测试\闪屏\拍照攻略闪屏-25.png: 941x1672
[image-size] D:\测试\闪屏\拍照攻略闪屏-26.png: 941x1672
[image-size] D:\测试\闪屏\拍照攻略闪屏-27.png: 941x1672
[image-size] D:\测试\闪屏\拍照攻略闪屏-28.png: 941x1672
[image-size] D:\测试\闪屏\拍照攻略闪屏-29.png: 941x1672
[image-size] D:\测试\闪屏\拍照攻略闪屏-3.png: 941x1672
[image-size] D:\测试\闪屏\拍照攻略闪屏-30.png: 941x1672
[image-size] D:\测试\闪屏\拍照攻略闪屏-31.png: 941x1672
[image-size] D:\测试\闪屏\拍照攻略闪屏-32.png: 941x1672
[image-size] D:\测试\闪屏\拍照攻略闪屏-33.png: 941x1672
[image-size] D:\测试\闪屏\拍照攻略闪屏-34.png: 941x1672
[image-size] D:\测试\闪屏\拍照攻略闪屏-35.png: 941x1672
[image-size] D:\测试\闪屏\拍照攻略闪屏-36.png: 941x1672
[image-size] D:\测试\闪屏\拍照攻略闪屏-37.png: 941x1672
[image-size] D:\测试\闪屏\拍照攻略闪屏-38.png: 941x1672
[image-size] D:\测试\闪屏\拍照攻略闪屏-39.png: 941x1672
[image-size] D:\测试\闪屏\拍照攻略闪屏-4.png: 941x1672
[image-size] D:\测试\闪屏\拍照攻略闪屏-40.png: 941x1672
[image-size] D:\测试\闪屏\拍照攻略闪屏-41.png: 941x1672
[image-size] D:\测试\闪屏\拍照攻略闪屏-42.png: 941x1672
[image-size] D:\测试\闪屏\拍照攻略闪屏-43.png: 941x1672
[image-size] D:\测试\闪屏\拍照攻略闪屏-44.png: 941x1672
[image-size] D:\测试\闪屏\拍照攻略闪屏-45.png: 941x1672
[image-size] D:\测试\闪屏\拍照攻略闪屏-46.png: 941x1672
[image-size] D:\测试\闪屏\拍照攻略闪屏-47.png: 941x1672
[image-size] D:\测试\闪屏\拍照攻略闪屏-48.png: 941x1672
[image-size] D:\测试\闪屏\拍照攻略闪屏-49.png: 941x1672
[image-size] D:\测试\闪屏\拍照攻略闪屏-5.png: 941x1672
[image-size] D:\测试\闪屏\拍照攻略闪屏-50.png: 941x1672
[image-size] D:\测试\闪屏\拍照攻略闪屏-51.png: 941x1672
[image-size] D:\测试\闪屏\拍照攻略闪屏-52.png: 941x1672
[image-size] D:\测试\闪屏\拍照攻略闪屏-53.png: 941x1672
[image-size] D:\测试\闪屏\拍照攻略闪屏-54.png: 941x1672
[image-size] D:\测试\闪屏\拍照攻略闪屏-55.png: 941x1672
[image-size] D:\测试\闪屏\拍照攻略闪屏-56.png: 941x1672
[image-size] D:\测试\闪屏\拍照攻略闪屏-57.png: 941x1672
[image-size] D:\测试\闪屏\拍照攻略闪屏-58.png: 941x1672
[image-size] D:\测试\闪屏\拍照攻略闪屏-59.png: 941x1672
[image-size] D:\测试\闪屏\拍照攻略闪屏-6.png: 941x1672
[image-size] D:\测试\闪屏\拍照攻略闪屏-60.png: 941x1672
[image-size] D:\测试\闪屏\拍照攻略闪屏-61.png: 941x1672
[image-size] D:\测试\闪屏\拍照攻略闪屏-62.png: 941x1672
[image-size] D:\测试\闪屏\拍照攻略闪屏-63.png: 941x1672
[image-size] D:\测试\闪屏\拍照攻略闪屏-64.png: 941x1672
[image-size] D:\测试\闪屏\拍照攻略闪屏-65.png: 941x1672
[image-size] D:\测试\闪屏\拍照攻略闪屏-66.png: 941x1672
[image-size] D:\测试\闪屏\拍照攻略闪屏-67.png: 941x1672
[image-size] D:\测试\闪屏\拍照攻略闪屏-68.png: 941x1672
[image-size] D:\测试\闪屏\拍照攻略闪屏-69.png: 941x1672
[image-size] D:\测试\闪屏\拍照攻略闪屏-7.png: 941x1672
[image-size] D:\测试\闪屏\拍照攻略闪屏-70.png: 941x1672
[image-size] D:\测试\闪屏\拍照攻略闪屏-71.png: 941x1672
[image-size] D:\测试\闪屏\拍照攻略闪屏-72.png: 941x1672
[image-size] D:\测试\闪屏\拍照攻略闪屏-73.png: 941x1672
[image-size] D:\测试\闪屏\拍照攻略闪屏-74.png: 941x1672
[image-size] D:\测试\闪屏\拍照攻略闪屏-75.png: 941x1672
[image-size] D:\测试\闪屏\拍照攻略闪屏-76.png: 941x1672
[image-size] D:\测试\闪屏\拍照攻略闪屏-77.png: 941x1672
[image-size] D:\测试\闪屏\拍照攻略闪屏-78.png: 941x1672
[image-size] D:\测试\闪屏\拍照攻略闪屏-79.png: 941x1672
[image-size] D:\测试\闪屏\拍照攻略闪屏-8.png: 941x1672
[image-size] D:\测试\闪屏\拍照攻略闪屏-80.png: 941x1672
[image-size] D:\测试\闪屏\拍照攻略闪屏-81.png: 941x1672
[image-size] D:\测试\闪屏\拍照攻略闪屏-82.png: 941x1672
[image-size] D:\测试\闪屏\拍照攻略闪屏-83.png: 941x1672
[image-size] D:\测试\闪屏\拍照攻略闪屏-84.png: 941x1672
[image-size] D:\测试\闪屏\拍照攻略闪屏-85.png: 941x1672
[image-size] D:\测试\闪屏\拍照攻略闪屏-86.png: 941x1672
[image-size] D:\测试\闪屏\拍照攻略闪屏-87.png: 941x1672
[image-size] D:\测试\闪屏\拍照攻略闪屏-88.png: 941x1672
[image-size] D:\测试\闪屏\拍照攻略闪屏-89.png: 941x1672
[image-size] D:\测试\闪屏\拍照攻略闪屏-9.png: 941x1672
[image-size] D:\测试\闪屏\拍照攻略闪屏-90.png: 941x1672
[image-size] D:\测试\闪屏\拍照攻略闪屏-91.png: 941x1672
[image-size] D:\测试\闪屏\拍照攻略闪屏-92.png: 941x1672
[image-size] D:\测试\闪屏\拍照攻略闪屏-93.png: 941x1672
[image-size] D:\测试\闪屏\拍照攻略闪屏-94.png: 941x1672
[image-size] D:\测试\闪屏\拍照攻略闪屏-95.png: 941x1672
[image-size] D:\测试\闪屏\拍照攻略闪屏-96.png: 941x1672
[image-size] D:\测试\闪屏\拍照攻略闪屏-97.png: 941x1672
[image-size] D:\测试\闪屏\拍照攻略闪屏-98.png: 941x1672
[image-size] D:\测试\闪屏\拍照攻略闪屏-99.png: 941x1672
[image-size] D:\测试\大图\拍照攻略大图-1.png: 1672x941
[image-size] D:\测试\大图\拍照攻略大图-10.png: 1672x941
[image-size] D:\测试\大图\拍照攻略大图-100.png: 1672x941
[image-size] D:\测试\大图\拍照攻略大图-11.png: 1672x941
[image-size] D:\测试\大图\拍照攻略大图-12.png: 1672x941
[image-size] D:\测试\大图\拍照攻略大图-13.png: 1672x941
[image-size] D:\测试\大图\拍照攻略大图-14.png: 1672x941
[image-size] D:\测试\大图\拍照攻略大图-15.png: 1672x941
[image-size] D:\测试\大图\拍照攻略大图-16.png: 1672x941
[image-size] D:\测试\大图\拍照攻略大图-17.png: 1672x941
[image-size] D:\测试\大图\拍照攻略大图-18.png: 1672x941
[image-size] D:\测试\大图\拍照攻略大图-19.png: 1672x941
[image-size] D:\测试\大图\拍照攻略大图-2.png: 1672x941
[image-size] D:\测试\大图\拍照攻略大图-20.png: 1672x941
[image-size] D:\测试\大图\拍照攻略大图-21.png: 1672x941
[image-size] D:\测试\大图\拍照攻略大图-22.png: 1672x941
[image-size] D:\测试\大图\拍照攻略大图-23.png: 1672x941
[image-size] D:\测试\大图\拍照攻略大图-24.png: 1672x941
[image-size] D:\测试\大图\拍照攻略大图-25.png: 1672x941
[image-size] D:\测试\大图\拍照攻略大图-26.png: 1672x941
[image-size] D:\测试\大图\拍照攻略大图-27.png: 1672x941
[image-size] D:\测试\大图\拍照攻略大图-28.png: 1672x941
[image-size] D:\测试\大图\拍照攻略大图-29.png: 1672x941
[image-size] D:\测试\大图\拍照攻略大图-3.png: 1672x941
[image-size] D:\测试\大图\拍照攻略大图-30.png: 1672x941
[image-size] D:\测试\大图\拍照攻略大图-31.png: 1672x941
[image-size] D:\测试\大图\拍照攻略大图-32.png: 1672x941
[image-size] D:\测试\大图\拍照攻略大图-33.png: 1672x941
[image-size] D:\测试\大图\拍照攻略大图-34.png: 1672x941
[image-size] D:\测试\大图\拍照攻略大图-35.png: 1672x941
[image-size] D:\测试\大图\拍照攻略大图-36.png: 1672x941
[image-size] D:\测试\大图\拍照攻略大图-37.png: 1672x941
[image-size] D:\测试\大图\拍照攻略大图-38.png: 1672x941
[image-size] D:\测试\大图\拍照攻略大图-39.png: 1672x941
[image-size] D:\测试\大图\拍照攻略大图-4.png: 1672x941
[image-size] D:\测试\大图\拍照攻略大图-40.png: 1672x941
[image-size] D:\测试\大图\拍照攻略大图-41.png: 1672x941
[image-size] D:\测试\大图\拍照攻略大图-42.png: 1672x941
[image-size] D:\测试\大图\拍照攻略大图-43.png: 1672x941
[image-size] D:\测试\大图\拍照攻略大图-44.png: 1672x941
[image-size] D:\测试\大图\拍照攻略大图-45.png: 1672x941
[image-size] D:\测试\大图\拍照攻略大图-46.png: 1672x941
[image-size] D:\测试\大图\拍照攻略大图-47.png: 1672x941
[image-size] D:\测试\大图\拍照攻略大图-48.png: 1672x941
[image-size] D:\测试\大图\拍照攻略大图-49.png: 1672x941
[image-size] D:\测试\大图\拍照攻略大图-5.png: 1672x941
[image-size] D:\测试\大图\拍照攻略大图-50.png: 1672x941
[image-size] D:\测试\大图\拍照攻略大图-51.png: 1672x941
[image-size] D:\测试\大图\拍照攻略大图-52.png: 1672x941
[image-size] D:\测试\大图\拍照攻略大图-53.png: 1672x941
[image-size] D:\测试\大图\拍照攻略大图-54.png: 1672x941
[image-size] D:\测试\大图\拍照攻略大图-55.png: 1672x941
[image-size] D:\测试\大图\拍照攻略大图-56.png: 1672x941
[image-size] D:\测试\大图\拍照攻略大图-57.png: 1672x941
[image-size] D:\测试\大图\拍照攻略大图-58.png: 1672x941
[image-size] D:\测试\大图\拍照攻略大图-59.png: 1672x941
[image-size] D:\测试\大图\拍照攻略大图-6.png: 1672x941
[image-size] D:\测试\大图\拍照攻略大图-60.png: 1672x941
[image-size] D:\测试\大图\拍照攻略大图-61.png: 1672x941
[image-size] D:\测试\大图\拍照攻略大图-62.png: 1672x941
[image-size] D:\测试\大图\拍照攻略大图-63.png: 1672x941
[image-size] D:\测试\大图\拍照攻略大图-64.png: 1672x941
[image-size] D:\测试\大图\拍照攻略大图-65.png: 1672x941
[image-size] D:\测试\大图\拍照攻略大图-66.png: 1672x941
[image-size] D:\测试\大图\拍照攻略大图-67.png: 1672x941
[image-size] D:\测试\大图\拍照攻略大图-68.png: 1672x941
[image-size] D:\测试\大图\拍照攻略大图-69.png: 1672x941
[image-size] D:\测试\大图\拍照攻略大图-7.png: 1672x941
[image-size] D:\测试\大图\拍照攻略大图-70.png: 1672x941
[image-size] D:\测试\大图\拍照攻略大图-71.png: 1672x941
[image-size] D:\测试\大图\拍照攻略大图-72.png: 1672x941
[image-size] D:\测试\大图\拍照攻略大图-73.png: 1672x941
[image-size] D:\测试\大图\拍照攻略大图-74.png: 1672x941
[image-size] D:\测试\大图\拍照攻略大图-75.png: 1672x941
[image-size] D:\测试\大图\拍照攻略大图-76.png: 1672x941
[image-size] D:\测试\大图\拍照攻略大图-77.png: 1672x941
[image-size] D:\测试\大图\拍照攻略大图-78.png: 1672x941
[image-size] D:\测试\大图\拍照攻略大图-79.png: 1672x941
[image-size] D:\测试\大图\拍照攻略大图-8.png: 1672x941
[image-size] D:\测试\大图\拍照攻略大图-80.png: 1672x941
[image-size] D:\测试\大图\拍照攻略大图-81.png: 1672x941
[image-size] D:\测试\大图\拍照攻略大图-82.png: 1672x941
[image-size] D:\测试\大图\拍照攻略大图-83.png: 1672x941
[image-size] D:\测试\大图\拍照攻略大图-84.png: 1672x941
[image-size] D:\测试\大图\拍照攻略大图-85.png: 1672x941
[image-size] D:\测试\大图\拍照攻略大图-86.png: 1672x941
[image-size] D:\测试\大图\拍照攻略大图-87.png: 1672x941
[image-size] D:\测试\大图\拍照攻略大图-88.png: 1672x941
[image-size] D:\测试\大图\拍照攻略大图-89.png: 1672x941
[image-size] D:\测试\大图\拍照攻略大图-9.png: 1672x941
[image-size] D:\测试\大图\拍照攻略大图-90.png: 1672x941
[image-size] D:\测试\大图\拍照攻略大图-91.png: 1672x941
[image-size] D:\测试\大图\拍照攻略大图-92.png: 1672x941
[image-size] D:\测试\大图\拍照攻略大图-93.png: 1672x941
[image-size] D:\测试\大图\拍照攻略大图-94.png: 1672x941
[image-size] D:\测试\大图\拍照攻略大图-95.png: 1672x941
[image-size] D:\测试\大图\拍照攻略大图-96.png: 1672x941
[image-size] D:\测试\大图\拍照攻略大图-97.png: 1672x941
[image-size] D:\测试\大图\拍照攻略大图-98.png: 1672x941
[image-size] D:\测试\大图\拍照攻略大图-99.png: 1672x941
[2m10:39:06[22m [36m[1m[vite][22m[39m [90m[2m(client)[22m[39m [32mhmr update [39m[2m/src/index.css, /src/features/composite/components/BatchExportTab.tsx[22m
[2m10:39:06[22m [36m[1m[vite][22m[39m [90m[2m(client)[22m[39m [32mhmr update [39m[2m/src/index.css, /src/features/composite/components/BatchExportTab.tsx[22m
[2m10:39:16[22m [36m[1m[vite][22m[39m [90m[2m(client)[22m[39m [32mhmr update [39m[2m/src/index.css, /src/features/composite/components/BatchExportTab.tsx[22m
[2m10:39:41[22m [36m[1m[vite][22m[39m [90m[2m(client)[22m[39m [32mpage reload [39m[2msrc/features/composite/lib/compositeExportPlan.test.ts[22m
[image-size] D:\测试\闪屏\拍照攻略闪屏-1.png: 941x1672
[image-size] D:\测试\闪屏\拍照攻略闪屏-10.png: 941x1672
[image-size] D:\测试\闪屏\拍照攻略闪屏-100.png: 941x1672
[image-size] D:\测试\闪屏\拍照攻略闪屏-11.png: 941x1672
[image-size] D:\测试\闪屏\拍照攻略闪屏-12.png: 941x1672
[image-size] D:\测试\闪屏\拍照攻略闪屏-13.png: 941x1672
[image-size] D:\测试\闪屏\拍照攻略闪屏-14.png: 941x1672
[image-size] D:\测试\闪屏\拍照攻略闪屏-15.png: 941x1672
[image-size] D:\测试\闪屏\拍照攻略闪屏-16.png: 941x1672
[image-size] D:\测试\闪屏\拍照攻略闪屏-17.png: 941x1672
[image-size] D:\测试\闪屏\拍照攻略闪屏-18.png: 941x1672
[image-size] D:\测试\闪屏\拍照攻略闪屏-19.png: 941x1672
[image-size] D:\测试\闪屏\拍照攻略闪屏-2.png: 941x1672
[image-size] D:\测试\闪屏\拍照攻略闪屏-20.png: 941x1672
[image-size] D:\测试\闪屏\拍照攻略闪屏-21.png: 941x1672
[image-size] D:\测试\闪屏\拍照攻略闪屏-22.png: 941x1672
[image-size] D:\测试\闪屏\拍照攻略闪屏-23.png: 941x1672
[image-size] D:\测试\闪屏\拍照攻略闪屏-24.png: 941x1672
[image-size] D:\测试\闪屏\拍照攻略闪屏-25.png: 941x1672
[image-size] D:\测试\闪屏\拍照攻略闪屏-26.png: 941x1672
[image-size] D:\测试\闪屏\拍照攻略闪屏-27.png: 941x1672
[image-size] D:\测试\闪屏\拍照攻略闪屏-28.png: 941x1672
[image-size] D:\测试\闪屏\拍照攻略闪屏-29.png: 941x1672
[image-size] D:\测试\闪屏\拍照攻略闪屏-3.png: 941x1672
[image-size] D:\测试\闪屏\拍照攻略闪屏-30.png: 941x1672
[image-size] D:\测试\闪屏\拍照攻略闪屏-31.png: 941x1672
[image-size] D:\测试\闪屏\拍照攻略闪屏-32.png: 941x1672
[image-size] D:\测试\闪屏\拍照攻略闪屏-33.png: 941x1672
[image-size] D:\测试\闪屏\拍照攻略闪屏-34.png: 941x1672
[image-size] D:\测试\闪屏\拍照攻略闪屏-35.png: 941x1672
[image-size] D:\测试\闪屏\拍照攻略闪屏-36.png: 941x1672
[image-size] D:\测试\闪屏\拍照攻略闪屏-37.png: 941x1672
[image-size] D:\测试\闪屏\拍照攻略闪屏-38.png: 941x1672
[image-size] D:\测试\闪屏\拍照攻略闪屏-39.png: 941x1672
[image-size] D:\测试\闪屏\拍照攻略闪屏-4.png: 941x1672
[image-size] D:\测试\闪屏\拍照攻略闪屏-40.png: 941x1672
[image-size] D:\测试\闪屏\拍照攻略闪屏-41.png: 941x1672
[image-size] D:\测试\闪屏\拍照攻略闪屏-42.png: 941x1672
[image-size] D:\测试\闪屏\拍照攻略闪屏-43.png: 941x1672
[image-size] D:\测试\闪屏\拍照攻略闪屏-44.png: 941x1672
[image-size] D:\测试\闪屏\拍照攻略闪屏-45.png: 941x1672
[image-size] D:\测试\闪屏\拍照攻略闪屏-46.png: 941x1672
[image-size] D:\测试\闪屏\拍照攻略闪屏-47.png: 941x1672
[image-size] D:\测试\闪屏\拍照攻略闪屏-48.png: 941x1672
[image-size] D:\测试\闪屏\拍照攻略闪屏-49.png: 941x1672
[image-size] D:\测试\闪屏\拍照攻略闪屏-5.png: 941x1672
[image-size] D:\测试\闪屏\拍照攻略闪屏-50.png: 941x1672
[image-size] D:\测试\闪屏\拍照攻略闪屏-51.png: 941x1672
[image-size] D:\测试\闪屏\拍照攻略闪屏-52.png: 941x1672
[image-size] D:\测试\闪屏\拍照攻略闪屏-53.png: 941x1672
[image-size] D:\测试\闪屏\拍照攻略闪屏-54.png: 941x1672
[image-size] D:\测试\闪屏\拍照攻略闪屏-55.png: 941x1672
[image-size] D:\测试\闪屏\拍照攻略闪屏-56.png: 941x1672
[image-size] D:\测试\闪屏\拍照攻略闪屏-57.png: 941x1672
[image-size] D:\测试\闪屏\拍照攻略闪屏-58.png: 941x1672
[image-size] D:\测试\闪屏\拍照攻略闪屏-59.png: 941x1672
[image-size] D:\测试\闪屏\拍照攻略闪屏-6.png: 941x1672
[image-size] D:\测试\闪屏\拍照攻略闪屏-60.png: 941x1672
[image-size] D:\测试\闪屏\拍照攻略闪屏-61.png: 941x1672
[image-size] D:\测试\闪屏\拍照攻略闪屏-62.png: 941x1672
[image-size] D:\测试\闪屏\拍照攻略闪屏-63.png: 941x1672
[image-size] D:\测试\闪屏\拍照攻略闪屏-64.png: 941x1672
[image-size] D:\测试\闪屏\拍照攻略闪屏-65.png: 941x1672
[image-size] D:\测试\闪屏\拍照攻略闪屏-66.png: 941x1672
[image-size] D:\测试\闪屏\拍照攻略闪屏-67.png: 941x1672
[image-size] D:\测试\闪屏\拍照攻略闪屏-68.png: 941x1672
[image-size] D:\测试\闪屏\拍照攻略闪屏-69.png: 941x1672
[image-size] D:\测试\闪屏\拍照攻略闪屏-7.png: 941x1672
[image-size] D:\测试\闪屏\拍照攻略闪屏-70.png: 941x1672
[image-size] D:\测试\闪屏\拍照攻略闪屏-71.png: 941x1672
[image-size] D:\测试\闪屏\拍照攻略闪屏-72.png: 941x1672
[image-size] D:\测试\闪屏\拍照攻略闪屏-73.png: 941x1672
[image-size] D:\测试\闪屏\拍照攻略闪屏-74.png: 941x1672
[image-size] D:\测试\闪屏\拍照攻略闪屏-75.png: 941x1672
[image-size] D:\测试\闪屏\拍照攻略闪屏-76.png: 941x1672
[image-size] D:\测试\闪屏\拍照攻略闪屏-77.png: 941x1672
[image-size] D:\测试\闪屏\拍照攻略闪屏-78.png: 941x1672
[image-size] D:\测试\闪屏\拍照攻略闪屏-79.png: 941x1672
[image-size] D:\测试\闪屏\拍照攻略闪屏-8.png: 941x1672
[image-size] D:\测试\闪屏\拍照攻略闪屏-80.png: 941x1672
[image-size] D:\测试\闪屏\拍照攻略闪屏-81.png: 941x1672
[image-size] D:\测试\闪屏\拍照攻略闪屏-82.png: 941x1672
[image-size] D:\测试\闪屏\拍照攻略闪屏-83.png: 941x1672
[image-size] D:\测试\闪屏\拍照攻略闪屏-84.png: 941x1672
[image-size] D:\测试\闪屏\拍照攻略闪屏-85.png: 941x1672
[image-size] D:\测试\闪屏\拍照攻略闪屏-86.png: 941x1672
[image-size] D:\测试\闪屏\拍照攻略闪屏-87.png: 941x1672
[image-size] D:\测试\闪屏\拍照攻略闪屏-88.png: 941x1672
[image-size] D:\测试\闪屏\拍照攻略闪屏-89.png: 941x1672
[image-size] D:\测试\闪屏\拍照攻略闪屏-9.png: 941x1672
[image-size] D:\测试\闪屏\拍照攻略闪屏-90.png: 941x1672
[image-size] D:\测试\闪屏\拍照攻略闪屏-91.png: 941x1672
[image-size] D:\测试\闪屏\拍照攻略闪屏-92.png: 941x1672
[image-size] D:\测试\闪屏\拍照攻略闪屏-93.png: 941x1672
[image-size] D:\测试\闪屏\拍照攻略闪屏-94.png: 941x1672
[image-size] D:\测试\闪屏\拍照攻略闪屏-95.png: 941x1672
[image-size] D:\测试\闪屏\拍照攻略闪屏-96.png: 941x1672
[image-size] D:\测试\闪屏\拍照攻略闪屏-97.png: 941x1672
[image-size] D:\测试\闪屏\拍照攻略闪屏-98.png: 941x1672
[image-size] D:\测试\闪屏\拍照攻略闪屏-99.png: 941x1672
[image-size] D:\测试\闪屏\拍照攻略闪屏-1.png: 941x1672
[image-size] D:\测试\闪屏\拍照攻略闪屏-10.png: 941x1672
[image-size] D:\测试\闪屏\拍照攻略闪屏-100.png: 941x1672
[image-size] D:\测试\闪屏\拍照攻略闪屏-11.png: 941x1672
[image-size] D:\测试\闪屏\拍照攻略闪屏-12.png: 941x1672
[image-size] D:\测试\闪屏\拍照攻略闪屏-13.png: 941x1672
[image-size] D:\测试\闪屏\拍照攻略闪屏-14.png: 941x1672
[image-size] D:\测试\闪屏\拍照攻略闪屏-15.png: 941x1672
[image-size] D:\测试\闪屏\拍照攻略闪屏-16.png: 941x1672
[image-size] D:\测试\闪屏\拍照攻略闪屏-17.png: 941x1672
[image-size] D:\测试\闪屏\拍照攻略闪屏-18.png: 941x1672
[image-size] D:\测试\闪屏\拍照攻略闪屏-19.png: 941x1672
[image-size] D:\测试\闪屏\拍照攻略闪屏-2.png: 941x1672
[image-size] D:\测试\闪屏\拍照攻略闪屏-20.png: 941x1672
[image-size] D:\测试\闪屏\拍照攻略闪屏-21.png: 941x1672
[image-size] D:\测试\闪屏\拍照攻略闪屏-22.png: 941x1672
[image-size] D:\测试\闪屏\拍照攻略闪屏-23.png: 941x1672
[image-size] D:\测试\闪屏\拍照攻略闪屏-24.png: 941x1672
[image-size] D:\测试\闪屏\拍照攻略闪屏-25.png: 941x1672
[image-size] D:\测试\闪屏\拍照攻略闪屏-26.png: 941x1672
[image-size] D:\测试\闪屏\拍照攻略闪屏-27.png: 941x1672
[image-size] D:\测试\闪屏\拍照攻略闪屏-28.png: 941x1672
[image-size] D:\测试\闪屏\拍照攻略闪屏-29.png: 941x1672
[image-size] D:\测试\闪屏\拍照攻略闪屏-3.png: 941x1672
[image-size] D:\测试\闪屏\拍照攻略闪屏-30.png: 941x1672
[image-size] D:\测试\闪屏\拍照攻略闪屏-31.png: 941x1672
[image-size] D:\测试\闪屏\拍照攻略闪屏-32.png: 941x1672
[image-size] D:\测试\闪屏\拍照攻略闪屏-33.png: 941x1672
[image-size] D:\测试\闪屏\拍照攻略闪屏-34.png: 941x1672
[image-size] D:\测试\闪屏\拍照攻略闪屏-35.png: 941x1672
[image-size] D:\测试\闪屏\拍照攻略闪屏-36.png: 941x1672
[image-size] D:\测试\闪屏\拍照攻略闪屏-37.png: 941x1672
[image-size] D:\测试\闪屏\拍照攻略闪屏-38.png: 941x1672
[image-size] D:\测试\闪屏\拍照攻略闪屏-39.png: 941x1672
[image-size] D:\测试\闪屏\拍照攻略闪屏-4.png: 941x1672
[image-size] D:\测试\闪屏\拍照攻略闪屏-40.png: 941x1672
[image-size] D:\测试\闪屏\拍照攻略闪屏-41.png: 941x1672
[image-size] D:\测试\闪屏\拍照攻略闪屏-42.png: 941x1672
[image-size] D:\测试\闪屏\拍照攻略闪屏-43.png: 941x1672
[image-size] D:\测试\闪屏\拍照攻略闪屏-44.png: 941x1672
[image-size] D:\测试\闪屏\拍照攻略闪屏-45.png: 941x1672
[image-size] D:\测试\闪屏\拍照攻略闪屏-46.png: 941x1672
[image-size] D:\测试\闪屏\拍照攻略闪屏-47.png: 941x1672
[image-size] D:\测试\闪屏\拍照攻略闪屏-48.png: 941x1672
[image-size] D:\测试\闪屏\拍照攻略闪屏-49.png: 941x1672
[image-size] D:\测试\闪屏\拍照攻略闪屏-5.png: 941x1672
[image-size] D:\测试\闪屏\拍照攻略闪屏-50.png: 941x1672
[image-size] D:\测试\闪屏\拍照攻略闪屏-51.png: 941x1672
[image-size] D:\测试\闪屏\拍照攻略闪屏-52.png: 941x1672
[image-size] D:\测试\闪屏\拍照攻略闪屏-53.png: 941x1672
[image-size] D:\测试\闪屏\拍照攻略闪屏-54.png: 941x1672
[image-size] D:\测试\闪屏\拍照攻略闪屏-55.png: 941x1672
[image-size] D:\测试\闪屏\拍照攻略闪屏-56.png: 941x1672
[image-size] D:\测试\闪屏\拍照攻略闪屏-57.png: 941x1672
[image-size] D:\测试\闪屏\拍照攻略闪屏-58.png: 941x1672
[image-size] D:\测试\闪屏\拍照攻略闪屏-59.png: 941x1672
[image-size] D:\测试\闪屏\拍照攻略闪屏-6.png: 941x1672
[image-size] D:\测试\闪屏\拍照攻略闪屏-60.png: 941x1672
[image-size] D:\测试\闪屏\拍照攻略闪屏-61.png: 941x1672
[image-size] D:\测试\闪屏\拍照攻略闪屏-62.png: 941x1672
[image-size] D:\测试\闪屏\拍照攻略闪屏-63.png: 941x1672
[image-size] D:\测试\闪屏\拍照攻略闪屏-64.png: 941x1672
[image-size] D:\测试\闪屏\拍照攻略闪屏-65.png: 941x1672
[image-size] D:\测试\闪屏\拍照攻略闪屏-66.png: 941x1672
[image-size] D:\测试\闪屏\拍照攻略闪屏-67.png: 941x1672
[image-size] D:\测试\闪屏\拍照攻略闪屏-68.png: 941x1672
[image-size] D:\测试\闪屏\拍照攻略闪屏-69.png: 941x1672
[image-size] D:\测试\闪屏\拍照攻略闪屏-7.png: 941x1672
[image-size] D:\测试\闪屏\拍照攻略闪屏-70.png: 941x1672
[image-size] D:\测试\闪屏\拍照攻略闪屏-71.png: 941x1672
[image-size] D:\测试\闪屏\拍照攻略闪屏-72.png: 941x1672
[image-size] D:\测试\闪屏\拍照攻略闪屏-73.png: 941x1672
[image-size] D:\测试\闪屏\拍照攻略闪屏-74.png: 941x1672
[image-size] D:\测试\闪屏\拍照攻略闪屏-75.png: 941x1672
[image-size] D:\测试\闪屏\拍照攻略闪屏-76.png: 941x1672
[image-size] D:\测试\闪屏\拍照攻略闪屏-77.png: 941x1672
[image-size] D:\测试\闪屏\拍照攻略闪屏-78.png: 941x1672
[image-size] D:\测试\闪屏\拍照攻略闪屏-79.png: 941x1672
[image-size] D:\测试\闪屏\拍照攻略闪屏-8.png: 941x1672
[image-size] D:\测试\闪屏\拍照攻略闪屏-80.png: 941x1672
[image-size] D:\测试\闪屏\拍照攻略闪屏-81.png: 941x1672
[image-size] D:\测试\闪屏\拍照攻略闪屏-82.png: 941x1672
[image-size] D:\测试\闪屏\拍照攻略闪屏-83.png: 941x1672
[image-size] D:\测试\闪屏\拍照攻略闪屏-84.png: 941x1672
[image-size] D:\测试\闪屏\拍照攻略闪屏-85.png: 941x1672
[image-size] D:\测试\闪屏\拍照攻略闪屏-86.png: 941x1672
[image-size] D:\测试\闪屏\拍照攻略闪屏-87.png: 941x1672
[image-size] D:\测试\闪屏\拍照攻略闪屏-88.png: 941x1672
[image-size] D:\测试\闪屏\拍照攻略闪屏-89.png: 941x1672
[image-size] D:\测试\闪屏\拍照攻略闪屏-9.png: 941x1672
[image-size] D:\测试\闪屏\拍照攻略闪屏-90.png: 941x1672
[image-size] D:\测试\闪屏\拍照攻略闪屏-91.png: 941x1672
[image-size] D:\测试\闪屏\拍照攻略闪屏-92.png: 941x1672
[image-size] D:\测试\闪屏\拍照攻略闪屏-93.png: 941x1672
[image-size] D:\测试\闪屏\拍照攻略闪屏-94.png: 941x1672
[image-size] D:\测试\闪屏\拍照攻略闪屏-95.png: 941x1672
[image-size] D:\测试\闪屏\拍照攻略闪屏-96.png: 941x1672
[image-size] D:\测试\闪屏\拍照攻略闪屏-97.png: 941x1672
[image-size] D:\测试\闪屏\拍照攻略闪屏-98.png: 941x1672
[image-size] D:\测试\闪屏\拍照攻略闪屏-99.png: 941x1672
[image-size] D:\测试\大图\拍照攻略大图-1.png: 1672x941
[image-size] D:\测试\大图\拍照攻略大图-10.png: 1672x941
[image-size] D:\测试\大图\拍照攻略大图-100.png: 1672x941
[image-size] D:\测试\大图\拍照攻略大图-11.png: 1672x941
[image-size] D:\测试\大图\拍照攻略大图-12.png: 1672x941
[image-size] D:\测试\大图\拍照攻略大图-13.png: 1672x941
[image-size] D:\测试\大图\拍照攻略大图-14.png: 1672x941
[image-size] D:\测试\大图\拍照攻略大图-15.png: 1672x941
[image-size] D:\测试\大图\拍照攻略大图-16.png: 1672x941
[image-size] D:\测试\大图\拍照攻略大图-17.png: 1672x941
[image-size] D:\测试\大图\拍照攻略大图-18.png: 1672x941
[image-size] D:\测试\大图\拍照攻略大图-19.png: 1672x941
[image-size] D:\测试\大图\拍照攻略大图-2.png: 1672x941
[image-size] D:\测试\大图\拍照攻略大图-20.png: 1672x941
[image-size] D:\测试\大图\拍照攻略大图-21.png: 1672x941
[image-size] D:\测试\大图\拍照攻略大图-22.png: 1672x941
[image-size] D:\测试\大图\拍照攻略大图-23.png: 1672x941
[image-size] D:\测试\大图\拍照攻略大图-24.png: 1672x941
[image-size] D:\测试\大图\拍照攻略大图-25.png: 1672x941
[image-size] D:\测试\大图\拍照攻略大图-26.png: 1672x941
[image-size] D:\测试\大图\拍照攻略大图-27.png: 1672x941
[image-size] D:\测试\大图\拍照攻略大图-28.png: 1672x941
[image-size] D:\测试\大图\拍照攻略大图-29.png: 1672x941
[image-size] D:\测试\大图\拍照攻略大图-3.png: 1672x941
[image-size] D:\测试\大图\拍照攻略大图-30.png: 1672x941
[image-size] D:\测试\大图\拍照攻略大图-31.png: 1672x941
[image-size] D:\测试\大图\拍照攻略大图-32.png: 1672x941
[image-size] D:\测试\大图\拍照攻略大图-33.png: 1672x941
[image-size] D:\测试\大图\拍照攻略大图-34.png: 1672x941
[image-size] D:\测试\大图\拍照攻略大图-35.png: 1672x941
[image-size] D:\测试\大图\拍照攻略大图-36.png: 1672x941
[image-size] D:\测试\大图\拍照攻略大图-37.png: 1672x941
[image-size] D:\测试\大图\拍照攻略大图-38.png: 1672x941
[image-size] D:\测试\大图\拍照攻略大图-39.png: 1672x941
[image-size] D:\测试\大图\拍照攻略大图-4.png: 1672x941
[image-size] D:\测试\大图\拍照攻略大图-40.png: 1672x941
[image-size] D:\测试\大图\拍照攻略大图-41.png: 1672x941
[image-size] D:\测试\大图\拍照攻略大图-42.png: 1672x941
[image-size] D:\测试\大图\拍照攻略大图-43.png: 1672x941
[image-size] D:\测试\大图\拍照攻略大图-44.png: 1672x941
[image-size] D:\测试\大图\拍照攻略大图-45.png: 1672x941
[image-size] D:\测试\大图\拍照攻略大图-46.png: 1672x941
[image-size] D:\测试\大图\拍照攻略大图-47.png: 1672x941
[image-size] D:\测试\大图\拍照攻略大图-48.png: 1672x941
[image-size] D:\测试\大图\拍照攻略大图-49.png: 1672x941
[image-size] D:\测试\大图\拍照攻略大图-5.png: 1672x941
[image-size] D:\测试\大图\拍照攻略大图-50.png: 1672x941
[image-size] D:\测试\大图\拍照攻略大图-51.png: 1672x941
[image-size] D:\测试\大图\拍照攻略大图-52.png: 1672x941
[image-size] D:\测试\大图\拍照攻略大图-53.png: 1672x941
[image-size] D:\测试\大图\拍照攻略大图-54.png: 1672x941
[image-size] D:\测试\大图\拍照攻略大图-55.png: 1672x941
[image-size] D:\测试\大图\拍照攻略大图-56.png: 1672x941
[image-size] D:\测试\大图\拍照攻略大图-57.png: 1672x941
[image-size] D:\测试\大图\拍照攻略大图-58.png: 1672x941
[image-size] D:\测试\大图\拍照攻略大图-59.png: 1672x941
[image-size] D:\测试\大图\拍照攻略大图-6.png: 1672x941
[image-size] D:\测试\大图\拍照攻略大图-60.png: 1672x941
[image-size] D:\测试\大图\拍照攻略大图-61.png: 1672x941
[image-size] D:\测试\大图\拍照攻略大图-62.png: 1672x941
[image-size] D:\测试\大图\拍照攻略大图-63.png: 1672x941
[image-size] D:\测试\大图\拍照攻略大图-64.png: 1672x941
[image-size] D:\测试\大图\拍照攻略大图-65.png: 1672x941
[image-size] D:\测试\大图\拍照攻略大图-66.png: 1672x941
[image-size] D:\测试\大图\拍照攻略大图-67.png: 1672x941
[image-size] D:\测试\大图\拍照攻略大图-68.png: 1672x941
[image-size] D:\测试\大图\拍照攻略大图-69.png: 1672x941
[image-size] D:\测试\大图\拍照攻略大图-7.png: 1672x941
[image-size] D:\测试\大图\拍照攻略大图-70.png: 1672x941
[image-size] D:\测试\大图\拍照攻略大图-71.png: 1672x941
[image-size] D:\测试\大图\拍照攻略大图-72.png: 1672x941
[image-size] D:\测试\大图\拍照攻略大图-73.png: 1672x941
[image-size] D:\测试\大图\拍照攻略大图-74.png: 1672x941
[image-size] D:\测试\大图\拍照攻略大图-75.png: 1672x941
[image-size] D:\测试\大图\拍照攻略大图-76.png: 1672x941
[image-size] D:\测试\大图\拍照攻略大图-77.png: 1672x941
[image-size] D:\测试\大图\拍照攻略大图-78.png: 1672x941
[image-size] D:\测试\大图\拍照攻略大图-79.png: 1672x941
[image-size] D:\测试\大图\拍照攻略大图-8.png: 1672x941
[image-size] D:\测试\大图\拍照攻略大图-80.png: 1672x941
[image-size] D:\测试\大图\拍照攻略大图-81.png: 1672x941
[image-size] D:\测试\大图\拍照攻略大图-82.png: 1672x941
[image-size] D:\测试\大图\拍照攻略大图-83.png: 1672x941
[image-size] D:\测试\大图\拍照攻略大图-84.png: 1672x941
[image-size] D:\测试\大图\拍照攻略大图-85.png: 1672x941
[image-size] D:\测试\大图\拍照攻略大图-86.png: 1672x941
[image-size] D:\测试\大图\拍照攻略大图-87.png: 1672x941
[image-size] D:\测试\大图\拍照攻略大图-88.png: 1672x941
[image-size] D:\测试\大图\拍照攻略大图-89.png: 1672x941
[image-size] D:\测试\大图\拍照攻略大图-9.png: 1672x941
[image-size] D:\测试\大图\拍照攻略大图-90.png: 1672x941
[image-size] D:\测试\大图\拍照攻略大图-91.png: 1672x941
[image-size] D:\测试\大图\拍照攻略大图-92.png: 1672x941
[image-size] D:\测试\大图\拍照攻略大图-93.png: 1672x941
[image-size] D:\测试\大图\拍照攻略大图-94.png: 1672x941
[image-size] D:\测试\大图\拍照攻略大图-95.png: 1672x941
[image-size] D:\测试\大图\拍照攻略大图-96.png: 1672x941
[image-size] D:\测试\大图\拍照攻略大图-97.png: 1672x941
[image-size] D:\测试\大图\拍照攻略大图-98.png: 1672x941
[image-size] D:\测试\大图\拍照攻略大图-99.png: 1672x941
[2m10:40:11[22m [36m[1m[vite][22m[39m [90m[2m(client)[22m[39m [32mpage reload [39m[2msrc/features/composite/lib/compositeExportPlan.test.ts[22m
[image-size] D:\测试\闪屏\拍照攻略闪屏-1.png: 941x1672
[image-size] D:\测试\闪屏\拍照攻略闪屏-10.png: 941x1672
[image-size] D:\测试\闪屏\拍照攻略闪屏-100.png: 941x1672
[image-size] D:\测试\闪屏\拍照攻略闪屏-11.png: 941x1672
[image-size] D:\测试\闪屏\拍照攻略闪屏-12.png: 941x1672
[image-size] D:\测试\闪屏\拍照攻略闪屏-13.png: 941x1672
[image-size] D:\测试\闪屏\拍照攻略闪屏-14.png: 941x1672
[image-size] D:\测试\闪屏\拍照攻略闪屏-15.png: 941x1672
[image-size] D:\测试\闪屏\拍照攻略闪屏-16.png: 941x1672
[image-size] D:\测试\闪屏\拍照攻略闪屏-17.png: 941x1672
[image-size] D:\测试\闪屏\拍照攻略闪屏-18.png: 941x1672
[image-size] D:\测试\闪屏\拍照攻略闪屏-19.png: 941x1672
[image-size] D:\测试\闪屏\拍照攻略闪屏-2.png: 941x1672
[image-size] D:\测试\闪屏\拍照攻略闪屏-20.png: 941x1672
[image-size] D:\测试\闪屏\拍照攻略闪屏-21.png: 941x1672
[image-size] D:\测试\闪屏\拍照攻略闪屏-22.png: 941x1672
[image-size] D:\测试\闪屏\拍照攻略闪屏-23.png: 941x1672
[image-size] D:\测试\闪屏\拍照攻略闪屏-24.png: 941x1672
[image-size] D:\测试\闪屏\拍照攻略闪屏-25.png: 941x1672
[image-size] D:\测试\闪屏\拍照攻略闪屏-26.png: 941x1672
[image-size] D:\测试\闪屏\拍照攻略闪屏-27.png: 941x1672
[image-size] D:\测试\闪屏\拍照攻略闪屏-28.png: 941x1672
[image-size] D:\测试\闪屏\拍照攻略闪屏-29.png: 941x1672
[image-size] D:\测试\闪屏\拍照攻略闪屏-3.png: 941x1672
[image-size] D:\测试\闪屏\拍照攻略闪屏-30.png: 941x1672
[image-size] D:\测试\闪屏\拍照攻略闪屏-31.png: 941x1672
[image-size] D:\测试\闪屏\拍照攻略闪屏-32.png: 941x1672
[image-size] D:\测试\闪屏\拍照攻略闪屏-33.png: 941x1672
[image-size] D:\测试\闪屏\拍照攻略闪屏-34.png: 941x1672
[image-size] D:\测试\闪屏\拍照攻略闪屏-35.png: 941x1672
[image-size] D:\测试\闪屏\拍照攻略闪屏-36.png: 941x1672
[image-size] D:\测试\闪屏\拍照攻略闪屏-37.png: 941x1672
[image-size] D:\测试\闪屏\拍照攻略闪屏-38.png: 941x1672
[image-size] D:\测试\闪屏\拍照攻略闪屏-39.png: 941x1672
[image-size] D:\测试\闪屏\拍照攻略闪屏-4.png: 941x1672
[image-size] D:\测试\闪屏\拍照攻略闪屏-40.png: 941x1672
[image-size] D:\测试\闪屏\拍照攻略闪屏-41.png: 941x1672
[image-size] D:\测试\闪屏\拍照攻略闪屏-42.png: 941x1672
[image-size] D:\测试\闪屏\拍照攻略闪屏-43.png: 941x1672
[image-size] D:\测试\闪屏\拍照攻略闪屏-44.png: 941x1672
[image-size] D:\测试\闪屏\拍照攻略闪屏-45.png: 941x1672
[image-size] D:\测试\闪屏\拍照攻略闪屏-46.png: 941x1672
[image-size] D:\测试\闪屏\拍照攻略闪屏-47.png: 941x1672
[image-size] D:\测试\闪屏\拍照攻略闪屏-48.png: 941x1672
[image-size] D:\测试\闪屏\拍照攻略闪屏-49.png: 941x1672
[image-size] D:\测试\闪屏\拍照攻略闪屏-5.png: 941x1672
[image-size] D:\测试\闪屏\拍照攻略闪屏-50.png: 941x1672
[image-size] D:\测试\闪屏\拍照攻略闪屏-51.png: 941x1672
[image-size] D:\测试\闪屏\拍照攻略闪屏-52.png: 941x1672
[image-size] D:\测试\闪屏\拍照攻略闪屏-53.png: 941x1672
[image-size] D:\测试\闪屏\拍照攻略闪屏-54.png: 941x1672
[image-size] D:\测试\闪屏\拍照攻略闪屏-55.png: 941x1672
[image-size] D:\测试\闪屏\拍照攻略闪屏-56.png: 941x1672
[image-size] D:\测试\闪屏\拍照攻略闪屏-57.png: 941x1672
[image-size] D:\测试\闪屏\拍照攻略闪屏-58.png: 941x1672
[image-size] D:\测试\闪屏\拍照攻略闪屏-59.png: 941x1672
[image-size] D:\测试\闪屏\拍照攻略闪屏-6.png: 941x1672
[image-size] D:\测试\闪屏\拍照攻略闪屏-60.png: 941x1672
[image-size] D:\测试\闪屏\拍照攻略闪屏-61.png: 941x1672
[image-size] D:\测试\闪屏\拍照攻略闪屏-62.png: 941x1672
[image-size] D:\测试\闪屏\拍照攻略闪屏-63.png: 941x1672
[image-size] D:\测试\闪屏\拍照攻略闪屏-64.png: 941x1672
[image-size] D:\测试\闪屏\拍照攻略闪屏-65.png: 941x1672
[image-size] D:\测试\闪屏\拍照攻略闪屏-66.png: 941x1672
[image-size] D:\测试\闪屏\拍照攻略闪屏-67.png: 941x1672
[image-size] D:\测试\闪屏\拍照攻略闪屏-68.png: 941x1672
[image-size] D:\测试\闪屏\拍照攻略闪屏-69.png: 941x1672
[image-size] D:\测试\闪屏\拍照攻略闪屏-7.png: 941x1672
[image-size] D:\测试\闪屏\拍照攻略闪屏-70.png: 941x1672
[image-size] D:\测试\闪屏\拍照攻略闪屏-71.png: 941x1672
[image-size] D:\测试\闪屏\拍照攻略闪屏-72.png: 941x1672
[image-size] D:\测试\闪屏\拍照攻略闪屏-73.png: 941x1672
[image-size] D:\测试\闪屏\拍照攻略闪屏-74.png: 941x1672
[image-size] D:\测试\闪屏\拍照攻略闪屏-75.png: 941x1672
[image-size] D:\测试\闪屏\拍照攻略闪屏-76.png: 941x1672
[image-size] D:\测试\闪屏\拍照攻略闪屏-77.png: 941x1672
[image-size] D:\测试\闪屏\拍照攻略闪屏-78.png: 941x1672
[image-size] D:\测试\闪屏\拍照攻略闪屏-79.png: 941x1672
[image-size] D:\测试\闪屏\拍照攻略闪屏-8.png: 941x1672
[image-size] D:\测试\闪屏\拍照攻略闪屏-80.png: 941x1672
[image-size] D:\测试\闪屏\拍照攻略闪屏-81.png: 941x1672
[image-size] D:\测试\闪屏\拍照攻略闪屏-82.png: 941x1672
[image-size] D:\测试\闪屏\拍照攻略闪屏-83.png: 941x1672
[image-size] D:\测试\闪屏\拍照攻略闪屏-84.png: 941x1672
[image-size] D:\测试\闪屏\拍照攻略闪屏-85.png: 941x1672
[image-size] D:\测试\闪屏\拍照攻略闪屏-86.png: 941x1672
[image-size] D:\测试\闪屏\拍照攻略闪屏-87.png: 941x1672
[image-size] D:\测试\闪屏\拍照攻略闪屏-88.png: 941x1672
[image-size] D:\测试\闪屏\拍照攻略闪屏-89.png: 941x1672
[image-size] D:\测试\闪屏\拍照攻略闪屏-9.png: 941x1672
[image-size] D:\测试\闪屏\拍照攻略闪屏-90.png: 941x1672
[image-size] D:\测试\闪屏\拍照攻略闪屏-91.png: 941x1672
[image-size] D:\测试\闪屏\拍照攻略闪屏-92.png: 941x1672
[image-size] D:\测试\闪屏\拍照攻略闪屏-93.png: 941x1672
[image-size] D:\测试\闪屏\拍照攻略闪屏-94.png: 941x1672
[image-size] D:\测试\闪屏\拍照攻略闪屏-95.png: 941x1672
[image-size] D:\测试\闪屏\拍照攻略闪屏-96.png: 941x1672
[image-size] D:\测试\闪屏\拍照攻略闪屏-97.png: 941x1672
[image-size] D:\测试\闪屏\拍照攻略闪屏-98.png: 941x1672
[image-size] D:\测试\闪屏\拍照攻略闪屏-99.png: 941x1672
[image-size] D:\测试\闪屏\拍照攻略闪屏-1.png: 941x1672
[image-size] D:\测试\闪屏\拍照攻略闪屏-10.png: 941x1672
[image-size] D:\测试\闪屏\拍照攻略闪屏-100.png: 941x1672
[image-size] D:\测试\闪屏\拍照攻略闪屏-11.png: 941x1672
[image-size] D:\测试\闪屏\拍照攻略闪屏-12.png: 941x1672
[image-size] D:\测试\闪屏\拍照攻略闪屏-13.png: 941x1672
[image-size] D:\测试\闪屏\拍照攻略闪屏-14.png: 941x1672
[image-size] D:\测试\闪屏\拍照攻略闪屏-15.png: 941x1672
[image-size] D:\测试\闪屏\拍照攻略闪屏-16.png: 941x1672
[image-size] D:\测试\闪屏\拍照攻略闪屏-17.png: 941x1672
[image-size] D:\测试\闪屏\拍照攻略闪屏-18.png: 941x1672
[image-size] D:\测试\闪屏\拍照攻略闪屏-19.png: 941x1672
[image-size] D:\测试\闪屏\拍照攻略闪屏-2.png: 941x1672
[image-size] D:\测试\闪屏\拍照攻略闪屏-20.png: 941x1672
[image-size] D:\测试\闪屏\拍照攻略闪屏-21.png: 941x1672
[image-size] D:\测试\闪屏\拍照攻略闪屏-22.png: 941x1672
[image-size] D:\测试\闪屏\拍照攻略闪屏-23.png: 941x1672
[image-size] D:\测试\闪屏\拍照攻略闪屏-24.png: 941x1672
[image-size] D:\测试\闪屏\拍照攻略闪屏-25.png: 941x1672
[image-size] D:\测试\闪屏\拍照攻略闪屏-26.png: 941x1672
[image-size] D:\测试\闪屏\拍照攻略闪屏-27.png: 941x1672
[image-size] D:\测试\闪屏\拍照攻略闪屏-28.png: 941x1672
[image-size] D:\测试\闪屏\拍照攻略闪屏-29.png: 941x1672
[image-size] D:\测试\闪屏\拍照攻略闪屏-3.png: 941x1672
[image-size] D:\测试\闪屏\拍照攻略闪屏-30.png: 941x1672
[image-size] D:\测试\闪屏\拍照攻略闪屏-31.png: 941x1672
[image-size] D:\测试\闪屏\拍照攻略闪屏-32.png: 941x1672
[image-size] D:\测试\闪屏\拍照攻略闪屏-33.png: 941x1672
[image-size] D:\测试\闪屏\拍照攻略闪屏-34.png: 941x1672
[image-size] D:\测试\闪屏\拍照攻略闪屏-35.png: 941x1672
[image-size] D:\测试\闪屏\拍照攻略闪屏-36.png: 941x1672
[image-size] D:\测试\闪屏\拍照攻略闪屏-37.png: 941x1672
[image-size] D:\测试\闪屏\拍照攻略闪屏-38.png: 941x1672
[image-size] D:\测试\闪屏\拍照攻略闪屏-39.png: 941x1672
[image-size] D:\测试\闪屏\拍照攻略闪屏-4.png: 941x1672
[image-size] D:\测试\闪屏\拍照攻略闪屏-40.png: 941x1672
[image-size] D:\测试\闪屏\拍照攻略闪屏-41.png: 941x1672
[image-size] D:\测试\闪屏\拍照攻略闪屏-42.png: 941x1672
[image-size] D:\测试\闪屏\拍照攻略闪屏-43.png: 941x1672
[image-size] D:\测试\闪屏\拍照攻略闪屏-44.png: 941x1672
[image-size] D:\测试\闪屏\拍照攻略闪屏-45.png: 941x1672
[image-size] D:\测试\闪屏\拍照攻略闪屏-46.png: 941x1672
[image-size] D:\测试\闪屏\拍照攻略闪屏-47.png: 941x1672
[image-size] D:\测试\闪屏\拍照攻略闪屏-48.png: 941x1672
[image-size] D:\测试\闪屏\拍照攻略闪屏-49.png: 941x1672
[image-size] D:\测试\闪屏\拍照攻略闪屏-5.png: 941x1672
[image-size] D:\测试\闪屏\拍照攻略闪屏-50.png: 941x1672
[image-size] D:\测试\闪屏\拍照攻略闪屏-51.png: 941x1672
[image-size] D:\测试\闪屏\拍照攻略闪屏-52.png: 941x1672
[image-size] D:\测试\闪屏\拍照攻略闪屏-53.png: 941x1672
[image-size] D:\测试\闪屏\拍照攻略闪屏-54.png: 941x1672
[image-size] D:\测试\闪屏\拍照攻略闪屏-55.png: 941x1672
[image-size] D:\测试\闪屏\拍照攻略闪屏-56.png: 941x1672
[image-size] D:\测试\闪屏\拍照攻略闪屏-57.png: 941x1672
[image-size] D:\测试\闪屏\拍照攻略闪屏-58.png: 941x1672
[image-size] D:\测试\闪屏\拍照攻略闪屏-59.png: 941x1672
[image-size] D:\测试\闪屏\拍照攻略闪屏-6.png: 941x1672
[image-size] D:\测试\闪屏\拍照攻略闪屏-60.png: 941x1672
[image-size] D:\测试\闪屏\拍照攻略闪屏-61.png: 941x1672
[image-size] D:\测试\闪屏\拍照攻略闪屏-62.png: 941x1672
[image-size] D:\测试\闪屏\拍照攻略闪屏-63.png: 941x1672
[image-size] D:\测试\闪屏\拍照攻略闪屏-64.png: 941x1672
[image-size] D:\测试\闪屏\拍照攻略闪屏-65.png: 941x1672
[image-size] D:\测试\闪屏\拍照攻略闪屏-66.png: 941x1672
[image-size] D:\测试\闪屏\拍照攻略闪屏-67.png: 941x1672
[image-size] D:\测试\闪屏\拍照攻略闪屏-68.png: 941x1672
[image-size] D:\测试\闪屏\拍照攻略闪屏-69.png: 941x1672
[image-size] D:\测试\闪屏\拍照攻略闪屏-7.png: 941x1672
[image-size] D:\测试\闪屏\拍照攻略闪屏-70.png: 941x1672
[image-size] D:\测试\闪屏\拍照攻略闪屏-71.png: 941x1672
[image-size] D:\测试\闪屏\拍照攻略闪屏-72.png: 941x1672
[image-size] D:\测试\闪屏\拍照攻略闪屏-73.png: 941x1672
[image-size] D:\测试\闪屏\拍照攻略闪屏-74.png: 941x1672
[image-size] D:\测试\闪屏\拍照攻略闪屏-75.png: 941x1672
[image-size] D:\测试\闪屏\拍照攻略闪屏-76.png: 941x1672
[image-size] D:\测试\闪屏\拍照攻略闪屏-77.png: 941x1672
[image-size] D:\测试\闪屏\拍照攻略闪屏-78.png: 941x1672
[image-size] D:\测试\闪屏\拍照攻略闪屏-79.png: 941x1672
[image-size] D:\测试\闪屏\拍照攻略闪屏-8.png: 941x1672
[image-size] D:\测试\闪屏\拍照攻略闪屏-80.png: 941x1672
[image-size] D:\测试\闪屏\拍照攻略闪屏-81.png: 941x1672
[image-size] D:\测试\闪屏\拍照攻略闪屏-82.png: 941x1672
[image-size] D:\测试\闪屏\拍照攻略闪屏-83.png: 941x1672
[image-size] D:\测试\闪屏\拍照攻略闪屏-84.png: 941x1672
[image-size] D:\测试\闪屏\拍照攻略闪屏-85.png: 941x1672
[image-size] D:\测试\闪屏\拍照攻略闪屏-86.png: 941x1672
[image-size] D:\测试\闪屏\拍照攻略闪屏-87.png: 941x1672
[image-size] D:\测试\闪屏\拍照攻略闪屏-88.png: 941x1672
[image-size] D:\测试\闪屏\拍照攻略闪屏-89.png: 941x1672
[image-size] D:\测试\闪屏\拍照攻略闪屏-9.png: 941x1672
[image-size] D:\测试\闪屏\拍照攻略闪屏-90.png: 941x1672
[image-size] D:\测试\闪屏\拍照攻略闪屏-91.png: 941x1672
[image-size] D:\测试\闪屏\拍照攻略闪屏-92.png: 941x1672
[image-size] D:\测试\闪屏\拍照攻略闪屏-93.png: 941x1672
[image-size] D:\测试\闪屏\拍照攻略闪屏-94.png: 941x1672
[image-size] D:\测试\闪屏\拍照攻略闪屏-95.png: 941x1672
[image-size] D:\测试\闪屏\拍照攻略闪屏-96.png: 941x1672
[image-size] D:\测试\闪屏\拍照攻略闪屏-97.png: 941x1672
[image-size] D:\测试\闪屏\拍照攻略闪屏-98.png: 941x1672
[image-size] D:\测试\闪屏\拍照攻略闪屏-99.png: 941x1672
[image-size] D:\测试\大图\拍照攻略大图-1.png: 1672x941
[image-size] D:\测试\大图\拍照攻略大图-10.png: 1672x941
[image-size] D:\测试\大图\拍照攻略大图-100.png: 1672x941
[image-size] D:\测试\大图\拍照攻略大图-11.png: 1672x941
[image-size] D:\测试\大图\拍照攻略大图-12.png: 1672x941
[image-size] D:\测试\大图\拍照攻略大图-13.png: 1672x941
[image-size] D:\测试\大图\拍照攻略大图-14.png: 1672x941
[image-size] D:\测试\大图\拍照攻略大图-15.png: 1672x941
[image-size] D:\测试\大图\拍照攻略大图-16.png: 1672x941
[image-size] D:\测试\大图\拍照攻略大图-17.png: 1672x941
[image-size] D:\测试\大图\拍照攻略大图-18.png: 1672x941
[image-size] D:\测试\大图\拍照攻略大图-19.png: 1672x941
[image-size] D:\测试\大图\拍照攻略大图-2.png: 1672x941
[image-size] D:\测试\大图\拍照攻略大图-20.png: 1672x941
[image-size] D:\测试\大图\拍照攻略大图-21.png: 1672x941
[image-size] D:\测试\大图\拍照攻略大图-22.png: 1672x941
[image-size] D:\测试\大图\拍照攻略大图-23.png: 1672x941
[image-size] D:\测试\大图\拍照攻略大图-24.png: 1672x941
[image-size] D:\测试\大图\拍照攻略大图-25.png: 1672x941
[image-size] D:\测试\大图\拍照攻略大图-26.png: 1672x941
[image-size] D:\测试\大图\拍照攻略大图-27.png: 1672x941
[image-size] D:\测试\大图\拍照攻略大图-28.png: 1672x941
[image-size] D:\测试\大图\拍照攻略大图-29.png: 1672x941
[image-size] D:\测试\大图\拍照攻略大图-3.png: 1672x941
[image-size] D:\测试\大图\拍照攻略大图-30.png: 1672x941
[image-size] D:\测试\大图\拍照攻略大图-31.png: 1672x941
[image-size] D:\测试\大图\拍照攻略大图-32.png: 1672x941
[image-size] D:\测试\大图\拍照攻略大图-33.png: 1672x941
[image-size] D:\测试\大图\拍照攻略大图-34.png: 1672x941
[image-size] D:\测试\大图\拍照攻略大图-35.png: 1672x941
[image-size] D:\测试\大图\拍照攻略大图-36.png: 1672x941
[image-size] D:\测试\大图\拍照攻略大图-37.png: 1672x941
[image-size] D:\测试\大图\拍照攻略大图-38.png: 1672x941
[image-size] D:\测试\大图\拍照攻略大图-39.png: 1672x941
[image-size] D:\测试\大图\拍照攻略大图-4.png: 1672x941
[image-size] D:\测试\大图\拍照攻略大图-40.png: 1672x941
[image-size] D:\测试\大图\拍照攻略大图-41.png: 1672x941
[image-size] D:\测试\大图\拍照攻略大图-42.png: 1672x941
[image-size] D:\测试\大图\拍照攻略大图-43.png: 1672x941
[image-size] D:\测试\大图\拍照攻略大图-44.png: 1672x941
[image-size] D:\测试\大图\拍照攻略大图-45.png: 1672x941
[image-size] D:\测试\大图\拍照攻略大图-46.png: 1672x941
[image-size] D:\测试\大图\拍照攻略大图-47.png: 1672x941
[image-size] D:\测试\大图\拍照攻略大图-48.png: 1672x941
[image-size] D:\测试\大图\拍照攻略大图-49.png: 1672x941
[image-size] D:\测试\大图\拍照攻略大图-5.png: 1672x941
[image-size] D:\测试\大图\拍照攻略大图-50.png: 1672x941
[image-size] D:\测试\大图\拍照攻略大图-51.png: 1672x941
[image-size] D:\测试\大图\拍照攻略大图-52.png: 1672x941
[image-size] D:\测试\大图\拍照攻略大图-53.png: 1672x941
[image-size] D:\测试\大图\拍照攻略大图-54.png: 1672x941
[image-size] D:\测试\大图\拍照攻略大图-55.png: 1672x941
[image-size] D:\测试\大图\拍照攻略大图-56.png: 1672x941
[image-size] D:\测试\大图\拍照攻略大图-57.png: 1672x941
[image-size] D:\测试\大图\拍照攻略大图-58.png: 1672x941
[image-size] D:\测试\大图\拍照攻略大图-59.png: 1672x941
[image-size] D:\测试\大图\拍照攻略大图-6.png: 1672x941
[image-size] D:\测试\大图\拍照攻略大图-60.png: 1672x941
[image-size] D:\测试\大图\拍照攻略大图-61.png: 1672x941
[image-size] D:\测试\大图\拍照攻略大图-62.png: 1672x941
[image-size] D:\测试\大图\拍照攻略大图-63.png: 1672x941
[image-size] D:\测试\大图\拍照攻略大图-64.png: 1672x941
[image-size] D:\测试\大图\拍照攻略大图-65.png: 1672x941
[image-size] D:\测试\大图\拍照攻略大图-66.png: 1672x941
[image-size] D:\测试\大图\拍照攻略大图-67.png: 1672x941
[image-size] D:\测试\大图\拍照攻略大图-68.png: 1672x941
[image-size] D:\测试\大图\拍照攻略大图-69.png: 1672x941
[image-size] D:\测试\大图\拍照攻略大图-7.png: 1672x941
[image-size] D:\测试\大图\拍照攻略大图-70.png: 1672x941
[image-size] D:\测试\大图\拍照攻略大图-71.png: 1672x941
[image-size] D:\测试\大图\拍照攻略大图-72.png: 1672x941
[image-size] D:\测试\大图\拍照攻略大图-73.png: 1672x941
[image-size] D:\测试\大图\拍照攻略大图-74.png: 1672x941
[image-size] D:\测试\大图\拍照攻略大图-75.png: 1672x941
[image-size] D:\测试\大图\拍照攻略大图-76.png: 1672x941
[image-size] D:\测试\大图\拍照攻略大图-77.png: 1672x941
[image-size] D:\测试\大图\拍照攻略大图-78.png: 1672x941
[image-size] D:\测试\大图\拍照攻略大图-79.png: 1672x941
[image-size] D:\测试\大图\拍照攻略大图-8.png: 1672x941
[image-size] D:\测试\大图\拍照攻略大图-80.png: 1672x941
[image-size] D:\测试\大图\拍照攻略大图-81.png: 1672x941
[image-size] D:\测试\大图\拍照攻略大图-82.png: 1672x941
[image-size] D:\测试\大图\拍照攻略大图-83.png: 1672x941
[image-size] D:\测试\大图\拍照攻略大图-84.png: 1672x941
[image-size] D:\测试\大图\拍照攻略大图-85.png: 1672x941
[image-size] D:\测试\大图\拍照攻略大图-86.png: 1672x941
[image-size] D:\测试\大图\拍照攻略大图-87.png: 1672x941
[image-size] D:\测试\大图\拍照攻略大图-88.png: 1672x941
[image-size] D:\测试\大图\拍照攻略大图-89.png: 1672x941
[image-size] D:\测试\大图\拍照攻略大图-9.png: 1672x941
[image-size] D:\测试\大图\拍照攻略大图-90.png: 1672x941
[image-size] D:\测试\大图\拍照攻略大图-91.png: 1672x941
[image-size] D:\测试\大图\拍照攻略大图-92.png: 1672x941
[image-size] D:\测试\大图\拍照攻略大图-93.png: 1672x941
[image-size] D:\测试\大图\拍照攻略大图-94.png: 1672x941
[image-size] D:\测试\大图\拍照攻略大图-95.png: 1672x941
[image-size] D:\测试\大图\拍照攻略大图-96.png: 1672x941
[image-size] D:\测试\大图\拍照攻略大图-97.png: 1672x941
[image-size] D:\测试\大图\拍照攻略大图-98.png: 1672x941
[image-size] D:\测试\大图\拍照攻略大图-99.png: 1672x941
[2m10:40:18[22m [36m[1m[vite][22m[39m [90m[2m(client)[22m[39m [32mpage reload [39m[2msrc/features/composite/lib/compositeExportPlan.test.ts[22m
[image-size] D:\测试\闪屏\拍照攻略闪屏-1.png: 941x1672
[image-size] D:\测试\闪屏\拍照攻略闪屏-10.png: 941x1672
[image-size] D:\测试\闪屏\拍照攻略闪屏-100.png: 941x1672
[image-size] D:\测试\闪屏\拍照攻略闪屏-11.png: 941x1672
[image-size] D:\测试\闪屏\拍照攻略闪屏-12.png: 941x1672
[image-size] D:\测试\闪屏\拍照攻略闪屏-13.png: 941x1672
[image-size] D:\测试\闪屏\拍照攻略闪屏-14.png: 941x1672
[image-size] D:\测试\闪屏\拍照攻略闪屏-15.png: 941x1672
[image-size] D:\测试\闪屏\拍照攻略闪屏-16.png: 941x1672
[image-size] D:\测试\闪屏\拍照攻略闪屏-17.png: 941x1672
[image-size] D:\测试\闪屏\拍照攻略闪屏-18.png: 941x1672
[image-size] D:\测试\闪屏\拍照攻略闪屏-19.png: 941x1672
[image-size] D:\测试\闪屏\拍照攻略闪屏-2.png: 941x1672
[image-size] D:\测试\闪屏\拍照攻略闪屏-20.png: 941x1672
[image-size] D:\测试\闪屏\拍照攻略闪屏-21.png: 941x1672
[image-size] D:\测试\闪屏\拍照攻略闪屏-22.png: 941x1672
[image-size] D:\测试\闪屏\拍照攻略闪屏-23.png: 941x1672
[image-size] D:\测试\闪屏\拍照攻略闪屏-24.png: 941x1672
[image-size] D:\测试\闪屏\拍照攻略闪屏-25.png: 941x1672
[image-size] D:\测试\闪屏\拍照攻略闪屏-26.png: 941x1672
[image-size] D:\测试\闪屏\拍照攻略闪屏-27.png: 941x1672
[image-size] D:\测试\闪屏\拍照攻略闪屏-28.png: 941x1672
[image-size] D:\测试\闪屏\拍照攻略闪屏-29.png: 941x1672
[image-size] D:\测试\闪屏\拍照攻略闪屏-3.png: 941x1672
[image-size] D:\测试\闪屏\拍照攻略闪屏-30.png: 941x1672
[image-size] D:\测试\闪屏\拍照攻略闪屏-31.png: 941x1672
[image-size] D:\测试\闪屏\拍照攻略闪屏-32.png: 941x1672
[image-size] D:\测试\闪屏\拍照攻略闪屏-33.png: 941x1672
[image-size] D:\测试\闪屏\拍照攻略闪屏-34.png: 941x1672
[image-size] D:\测试\闪屏\拍照攻略闪屏-35.png: 941x1672
[image-size] D:\测试\闪屏\拍照攻略闪屏-36.png: 941x1672
[image-size] D:\测试\闪屏\拍照攻略闪屏-37.png: 941x1672
[image-size] D:\测试\闪屏\拍照攻略闪屏-38.png: 941x1672
[image-size] D:\测试\闪屏\拍照攻略闪屏-39.png: 941x1672
[image-size] D:\测试\闪屏\拍照攻略闪屏-4.png: 941x1672
[image-size] D:\测试\闪屏\拍照攻略闪屏-40.png: 941x1672
[image-size] D:\测试\闪屏\拍照攻略闪屏-41.png: 941x1672
[image-size] D:\测试\闪屏\拍照攻略闪屏-42.png: 941x1672
[image-size] D:\测试\闪屏\拍照攻略闪屏-43.png: 941x1672
[image-size] D:\测试\闪屏\拍照攻略闪屏-44.png: 941x1672
[image-size] D:\测试\闪屏\拍照攻略闪屏-45.png: 941x1672
[image-size] D:\测试\闪屏\拍照攻略闪屏-46.png: 941x1672
[image-size] D:\测试\闪屏\拍照攻略闪屏-47.png: 941x1672
[image-size] D:\测试\闪屏\拍照攻略闪屏-48.png: 941x1672
[image-size] D:\测试\闪屏\拍照攻略闪屏-49.png: 941x1672
[image-size] D:\测试\闪屏\拍照攻略闪屏-5.png: 941x1672
[image-size] D:\测试\闪屏\拍照攻略闪屏-50.png: 941x1672
[image-size] D:\测试\闪屏\拍照攻略闪屏-51.png: 941x1672
[image-size] D:\测试\闪屏\拍照攻略闪屏-52.png: 941x1672
[image-size] D:\测试\闪屏\拍照攻略闪屏-53.png: 941x1672
[image-size] D:\测试\闪屏\拍照攻略闪屏-54.png: 941x1672
[image-size] D:\测试\闪屏\拍照攻略闪屏-55.png: 941x1672
[image-size] D:\测试\闪屏\拍照攻略闪屏-56.png: 941x1672
[image-size] D:\测试\闪屏\拍照攻略闪屏-57.png: 941x1672
[image-size] D:\测试\闪屏\拍照攻略闪屏-58.png: 941x1672
[image-size] D:\测试\闪屏\拍照攻略闪屏-59.png: 941x1672
[image-size] D:\测试\闪屏\拍照攻略闪屏-6.png: 941x1672
[image-size] D:\测试\闪屏\拍照攻略闪屏-60.png: 941x1672
[image-size] D:\测试\闪屏\拍照攻略闪屏-61.png: 941x1672
[image-size] D:\测试\闪屏\拍照攻略闪屏-62.png: 941x1672
[image-size] D:\测试\闪屏\拍照攻略闪屏-63.png: 941x1672
[image-size] D:\测试\闪屏\拍照攻略闪屏-64.png: 941x1672
[image-size] D:\测试\闪屏\拍照攻略闪屏-65.png: 941x1672
[image-size] D:\测试\闪屏\拍照攻略闪屏-66.png: 941x1672
[image-size] D:\测试\闪屏\拍照攻略闪屏-67.png: 941x1672
[image-size] D:\测试\闪屏\拍照攻略闪屏-68.png: 941x1672
[image-size] D:\测试\闪屏\拍照攻略闪屏-69.png: 941x1672
[image-size] D:\测试\闪屏\拍照攻略闪屏-7.png: 941x1672
[image-size] D:\测试\闪屏\拍照攻略闪屏-70.png: 941x1672
[image-size] D:\测试\闪屏\拍照攻略闪屏-71.png: 941x1672
[image-size] D:\测试\闪屏\拍照攻略闪屏-72.png: 941x1672
[image-size] D:\测试\闪屏\拍照攻略闪屏-73.png: 941x1672
[image-size] D:\测试\闪屏\拍照攻略闪屏-74.png: 941x1672
[image-size] D:\测试\闪屏\拍照攻略闪屏-75.png: 941x1672
[image-size] D:\测试\闪屏\拍照攻略闪屏-76.png: 941x1672
[image-size] D:\测试\闪屏\拍照攻略闪屏-77.png: 941x1672
[image-size] D:\测试\闪屏\拍照攻略闪屏-78.png: 941x1672
[image-size] D:\测试\闪屏\拍照攻略闪屏-79.png: 941x1672
[image-size] D:\测试\闪屏\拍照攻略闪屏-8.png: 941x1672
[image-size] D:\测试\闪屏\拍照攻略闪屏-80.png: 941x1672
[image-size] D:\测试\闪屏\拍照攻略闪屏-81.png: 941x1672
[image-size] D:\测试\闪屏\拍照攻略闪屏-82.png: 941x1672
[image-size] D:\测试\闪屏\拍照攻略闪屏-83.png: 941x1672
[image-size] D:\测试\闪屏\拍照攻略闪屏-84.png: 941x1672
[image-size] D:\测试\闪屏\拍照攻略闪屏-85.png: 941x1672
[image-size] D:\测试\闪屏\拍照攻略闪屏-86.png: 941x1672
[image-size] D:\测试\闪屏\拍照攻略闪屏-87.png: 941x1672
[image-size] D:\测试\闪屏\拍照攻略闪屏-88.png: 941x1672
[image-size] D:\测试\闪屏\拍照攻略闪屏-89.png: 941x1672
[image-size] D:\测试\闪屏\拍照攻略闪屏-9.png: 941x1672
[image-size] D:\测试\闪屏\拍照攻略闪屏-90.png: 941x1672
[image-size] D:\测试\闪屏\拍照攻略闪屏-91.png: 941x1672
[image-size] D:\测试\闪屏\拍照攻略闪屏-92.png: 941x1672
[image-size] D:\测试\闪屏\拍照攻略闪屏-93.png: 941x1672
[image-size] D:\测试\闪屏\拍照攻略闪屏-94.png: 941x1672
[image-size] D:\测试\闪屏\拍照攻略闪屏-95.png: 941x1672
[image-size] D:\测试\闪屏\拍照攻略闪屏-96.png: 941x1672
[image-size] D:\测试\闪屏\拍照攻略闪屏-97.png: 941x1672
[image-size] D:\测试\闪屏\拍照攻略闪屏-98.png: 941x1672
[image-size] D:\测试\闪屏\拍照攻略闪屏-99.png: 941x1672
[image-size] D:\测试\闪屏\拍照攻略闪屏-1.png: 941x1672
[image-size] D:\测试\闪屏\拍照攻略闪屏-10.png: 941x1672
[image-size] D:\测试\闪屏\拍照攻略闪屏-100.png: 941x1672
[image-size] D:\测试\闪屏\拍照攻略闪屏-11.png: 941x1672
[image-size] D:\测试\闪屏\拍照攻略闪屏-12.png: 941x1672
[image-size] D:\测试\闪屏\拍照攻略闪屏-13.png: 941x1672
[image-size] D:\测试\闪屏\拍照攻略闪屏-14.png: 941x1672
[image-size] D:\测试\闪屏\拍照攻略闪屏-15.png: 941x1672
[image-size] D:\测试\闪屏\拍照攻略闪屏-16.png: 941x1672
[image-size] D:\测试\闪屏\拍照攻略闪屏-17.png: 941x1672
[image-size] D:\测试\闪屏\拍照攻略闪屏-18.png: 941x1672
[image-size] D:\测试\闪屏\拍照攻略闪屏-19.png: 941x1672
[image-size] D:\测试\闪屏\拍照攻略闪屏-2.png: 941x1672
[image-size] D:\测试\闪屏\拍照攻略闪屏-20.png: 941x1672
[image-size] D:\测试\闪屏\拍照攻略闪屏-21.png: 941x1672
[image-size] D:\测试\闪屏\拍照攻略闪屏-22.png: 941x1672
[image-size] D:\测试\闪屏\拍照攻略闪屏-23.png: 941x1672
[image-size] D:\测试\闪屏\拍照攻略闪屏-24.png: 941x1672
[image-size] D:\测试\闪屏\拍照攻略闪屏-25.png: 941x1672
[image-size] D:\测试\闪屏\拍照攻略闪屏-26.png: 941x1672
[image-size] D:\测试\闪屏\拍照攻略闪屏-27.png: 941x1672
[image-size] D:\测试\闪屏\拍照攻略闪屏-28.png: 941x1672
[image-size] D:\测试\闪屏\拍照攻略闪屏-29.png: 941x1672
[image-size] D:\测试\闪屏\拍照攻略闪屏-3.png: 941x1672
[image-size] D:\测试\闪屏\拍照攻略闪屏-30.png: 941x1672
[image-size] D:\测试\闪屏\拍照攻略闪屏-31.png: 941x1672
[image-size] D:\测试\闪屏\拍照攻略闪屏-32.png: 941x1672
[image-size] D:\测试\闪屏\拍照攻略闪屏-33.png: 941x1672
[image-size] D:\测试\闪屏\拍照攻略闪屏-34.png: 941x1672
[image-size] D:\测试\闪屏\拍照攻略闪屏-35.png: 941x1672
[image-size] D:\测试\闪屏\拍照攻略闪屏-36.png: 941x1672
[image-size] D:\测试\闪屏\拍照攻略闪屏-37.png: 941x1672
[image-size] D:\测试\闪屏\拍照攻略闪屏-38.png: 941x1672
[image-size] D:\测试\闪屏\拍照攻略闪屏-39.png: 941x1672
[image-size] D:\测试\闪屏\拍照攻略闪屏-4.png: 941x1672
[image-size] D:\测试\闪屏\拍照攻略闪屏-40.png: 941x1672
[image-size] D:\测试\闪屏\拍照攻略闪屏-41.png: 941x1672
[image-size] D:\测试\闪屏\拍照攻略闪屏-42.png: 941x1672
[image-size] D:\测试\闪屏\拍照攻略闪屏-43.png: 941x1672
[image-size] D:\测试\闪屏\拍照攻略闪屏-44.png: 941x1672
[image-size] D:\测试\闪屏\拍照攻略闪屏-45.png: 941x1672
[image-size] D:\测试\闪屏\拍照攻略闪屏-46.png: 941x1672
[image-size] D:\测试\闪屏\拍照攻略闪屏-47.png: 941x1672
[image-size] D:\测试\闪屏\拍照攻略闪屏-48.png: 941x1672
[image-size] D:\测试\闪屏\拍照攻略闪屏-49.png: 941x1672
[image-size] D:\测试\闪屏\拍照攻略闪屏-5.png: 941x1672
[image-size] D:\测试\闪屏\拍照攻略闪屏-50.png: 941x1672
[image-size] D:\测试\闪屏\拍照攻略闪屏-51.png: 941x1672
[image-size] D:\测试\闪屏\拍照攻略闪屏-52.png: 941x1672
[image-size] D:\测试\闪屏\拍照攻略闪屏-53.png: 941x1672
[image-size] D:\测试\闪屏\拍照攻略闪屏-54.png: 941x1672
[image-size] D:\测试\闪屏\拍照攻略闪屏-55.png: 941x1672
[image-size] D:\测试\闪屏\拍照攻略闪屏-56.png: 941x1672
[image-size] D:\测试\闪屏\拍照攻略闪屏-57.png: 941x1672
[image-size] D:\测试\闪屏\拍照攻略闪屏-58.png: 941x1672
[image-size] D:\测试\闪屏\拍照攻略闪屏-59.png: 941x1672
[image-size] D:\测试\闪屏\拍照攻略闪屏-6.png: 941x1672
[image-size] D:\测试\闪屏\拍照攻略闪屏-60.png: 941x1672
[image-size] D:\测试\闪屏\拍照攻略闪屏-61.png: 941x1672
[image-size] D:\测试\闪屏\拍照攻略闪屏-62.png: 941x1672
[image-size] D:\测试\闪屏\拍照攻略闪屏-63.png: 941x1672
[image-size] D:\测试\闪屏\拍照攻略闪屏-64.png: 941x1672
[image-size] D:\测试\闪屏\拍照攻略闪屏-65.png: 941x1672
[image-size] D:\测试\闪屏\拍照攻略闪屏-66.png: 941x1672
[image-size] D:\测试\闪屏\拍照攻略闪屏-67.png: 941x1672
[image-size] D:\测试\闪屏\拍照攻略闪屏-68.png: 941x1672
[image-size] D:\测试\闪屏\拍照攻略闪屏-69.png: 941x1672
[image-size] D:\测试\闪屏\拍照攻略闪屏-7.png: 941x1672
[image-size] D:\测试\闪屏\拍照攻略闪屏-70.png: 941x1672
[image-size] D:\测试\闪屏\拍照攻略闪屏-71.png: 941x1672
[image-size] D:\测试\闪屏\拍照攻略闪屏-72.png: 941x1672
[image-size] D:\测试\闪屏\拍照攻略闪屏-73.png: 941x1672
[image-size] D:\测试\闪屏\拍照攻略闪屏-74.png: 941x1672
[image-size] D:\测试\闪屏\拍照攻略闪屏-75.png: 941x1672
[image-size] D:\测试\闪屏\拍照攻略闪屏-76.png: 941x1672
[image-size] D:\测试\闪屏\拍照攻略闪屏-77.png: 941x1672
[image-size] D:\测试\闪屏\拍照攻略闪屏-78.png: 941x1672
[image-size] D:\测试\闪屏\拍照攻略闪屏-79.png: 941x1672
[image-size] D:\测试\闪屏\拍照攻略闪屏-8.png: 941x1672
[image-size] D:\测试\闪屏\拍照攻略闪屏-80.png: 941x1672
[image-size] D:\测试\闪屏\拍照攻略闪屏-81.png: 941x1672
[image-size] D:\测试\闪屏\拍照攻略闪屏-82.png: 941x1672
[image-size] D:\测试\闪屏\拍照攻略闪屏-83.png: 941x1672
[image-size] D:\测试\闪屏\拍照攻略闪屏-84.png: 941x1672
[image-size] D:\测试\闪屏\拍照攻略闪屏-85.png: 941x1672
[image-size] D:\测试\闪屏\拍照攻略闪屏-86.png: 941x1672
[image-size] D:\测试\闪屏\拍照攻略闪屏-87.png: 941x1672
[image-size] D:\测试\闪屏\拍照攻略闪屏-88.png: 941x1672
[image-size] D:\测试\闪屏\拍照攻略闪屏-89.png: 941x1672
[image-size] D:\测试\闪屏\拍照攻略闪屏-9.png: 941x1672
[image-size] D:\测试\闪屏\拍照攻略闪屏-90.png: 941x1672
[image-size] D:\测试\闪屏\拍照攻略闪屏-91.png: 941x1672
[image-size] D:\测试\闪屏\拍照攻略闪屏-92.png: 941x1672
[image-size] D:\测试\闪屏\拍照攻略闪屏-93.png: 941x1672
[image-size] D:\测试\闪屏\拍照攻略闪屏-94.png: 941x1672
[image-size] D:\测试\闪屏\拍照攻略闪屏-95.png: 941x1672
[image-size] D:\测试\闪屏\拍照攻略闪屏-96.png: 941x1672
[image-size] D:\测试\闪屏\拍照攻略闪屏-97.png: 941x1672
[image-size] D:\测试\闪屏\拍照攻略闪屏-98.png: 941x1672
[image-size] D:\测试\闪屏\拍照攻略闪屏-99.png: 941x1672
[image-size] D:\测试\大图\拍照攻略大图-1.png: 1672x941
[image-size] D:\测试\大图\拍照攻略大图-10.png: 1672x941
[image-size] D:\测试\大图\拍照攻略大图-100.png: 1672x941
[image-size] D:\测试\大图\拍照攻略大图-11.png: 1672x941
[image-size] D:\测试\大图\拍照攻略大图-12.png: 1672x941
[image-size] D:\测试\大图\拍照攻略大图-13.png: 1672x941
[image-size] D:\测试\大图\拍照攻略大图-14.png: 1672x941
[image-size] D:\测试\大图\拍照攻略大图-15.png: 1672x941
[image-size] D:\测试\大图\拍照攻略大图-16.png: 1672x941
[image-size] D:\测试\大图\拍照攻略大图-17.png: 1672x941
[image-size] D:\测试\大图\拍照攻略大图-18.png: 1672x941
[image-size] D:\测试\大图\拍照攻略大图-19.png: 1672x941
[image-size] D:\测试\大图\拍照攻略大图-2.png: 1672x941
[image-size] D:\测试\大图\拍照攻略大图-20.png: 1672x941
[image-size] D:\测试\大图\拍照攻略大图-21.png: 1672x941
[image-size] D:\测试\大图\拍照攻略大图-22.png: 1672x941
[image-size] D:\测试\大图\拍照攻略大图-23.png: 1672x941
[image-size] D:\测试\大图\拍照攻略大图-24.png: 1672x941
[image-size] D:\测试\大图\拍照攻略大图-25.png: 1672x941
[image-size] D:\测试\大图\拍照攻略大图-26.png: 1672x941
[image-size] D:\测试\大图\拍照攻略大图-27.png: 1672x941
[image-size] D:\测试\大图\拍照攻略大图-28.png: 1672x941
[image-size] D:\测试\大图\拍照攻略大图-29.png: 1672x941
[image-size] D:\测试\大图\拍照攻略大图-3.png: 1672x941
[image-size] D:\测试\大图\拍照攻略大图-30.png: 1672x941
[image-size] D:\测试\大图\拍照攻略大图-31.png: 1672x941
[image-size] D:\测试\大图\拍照攻略大图-32.png: 1672x941
[image-size] D:\测试\大图\拍照攻略大图-33.png: 1672x941
[image-size] D:\测试\大图\拍照攻略大图-34.png: 1672x941
[image-size] D:\测试\大图\拍照攻略大图-35.png: 1672x941
[image-size] D:\测试\大图\拍照攻略大图-36.png: 1672x941
[image-size] D:\测试\大图\拍照攻略大图-37.png: 1672x941
[image-size] D:\测试\大图\拍照攻略大图-38.png: 1672x941
[image-size] D:\测试\大图\拍照攻略大图-39.png: 1672x941
[image-size] D:\测试\大图\拍照攻略大图-4.png: 1672x941
[image-size] D:\测试\大图\拍照攻略大图-40.png: 1672x941
[image-size] D:\测试\大图\拍照攻略大图-41.png: 1672x941
[image-size] D:\测试\大图\拍照攻略大图-42.png: 1672x941
[image-size] D:\测试\大图\拍照攻略大图-43.png: 1672x941
[image-size] D:\测试\大图\拍照攻略大图-44.png: 1672x941
[image-size] D:\测试\大图\拍照攻略大图-45.png: 1672x941
[image-size] D:\测试\大图\拍照攻略大图-46.png: 1672x941
[image-size] D:\测试\大图\拍照攻略大图-47.png: 1672x941
[image-size] D:\测试\大图\拍照攻略大图-48.png: 1672x941
[image-size] D:\测试\大图\拍照攻略大图-49.png: 1672x941
[image-size] D:\测试\大图\拍照攻略大图-5.png: 1672x941
[image-size] D:\测试\大图\拍照攻略大图-50.png: 1672x941
[image-size] D:\测试\大图\拍照攻略大图-51.png: 1672x941
[image-size] D:\测试\大图\拍照攻略大图-52.png: 1672x941
[image-size] D:\测试\大图\拍照攻略大图-53.png: 1672x941
[image-size] D:\测试\大图\拍照攻略大图-54.png: 1672x941
[image-size] D:\测试\大图\拍照攻略大图-55.png: 1672x941
[image-size] D:\测试\大图\拍照攻略大图-56.png: 1672x941
[image-size] D:\测试\大图\拍照攻略大图-57.png: 1672x941
[image-size] D:\测试\大图\拍照攻略大图-58.png: 1672x941
[image-size] D:\测试\大图\拍照攻略大图-59.png: 1672x941
[image-size] D:\测试\大图\拍照攻略大图-6.png: 1672x941
[image-size] D:\测试\大图\拍照攻略大图-60.png: 1672x941
[image-size] D:\测试\大图\拍照攻略大图-61.png: 1672x941
[image-size] D:\测试\大图\拍照攻略大图-62.png: 1672x941
[image-size] D:\测试\大图\拍照攻略大图-63.png: 1672x941
[image-size] D:\测试\大图\拍照攻略大图-64.png: 1672x941
[image-size] D:\测试\大图\拍照攻略大图-65.png: 1672x941
[image-size] D:\测试\大图\拍照攻略大图-66.png: 1672x941
[image-size] D:\测试\大图\拍照攻略大图-67.png: 1672x941
[image-size] D:\测试\大图\拍照攻略大图-68.png: 1672x941
[image-size] D:\测试\大图\拍照攻略大图-69.png: 1672x941
[image-size] D:\测试\大图\拍照攻略大图-7.png: 1672x941
[image-size] D:\测试\大图\拍照攻略大图-70.png: 1672x941
[image-size] D:\测试\大图\拍照攻略大图-71.png: 1672x941
[image-size] D:\测试\大图\拍照攻略大图-72.png: 1672x941
[image-size] D:\测试\大图\拍照攻略大图-73.png: 1672x941
[image-size] D:\测试\大图\拍照攻略大图-74.png: 1672x941
[image-size] D:\测试\大图\拍照攻略大图-75.png: 1672x941
[image-size] D:\测试\大图\拍照攻略大图-76.png: 1672x941
[image-size] D:\测试\大图\拍照攻略大图-77.png: 1672x941
[image-size] D:\测试\大图\拍照攻略大图-78.png: 1672x941
[image-size] D:\测试\大图\拍照攻略大图-79.png: 1672x941
[image-size] D:\测试\大图\拍照攻略大图-8.png: 1672x941
[image-size] D:\测试\大图\拍照攻略大图-80.png: 1672x941
[image-size] D:\测试\大图\拍照攻略大图-81.png: 1672x941
[image-size] D:\测试\大图\拍照攻略大图-82.png: 1672x941
[image-size] D:\测试\大图\拍照攻略大图-83.png: 1672x941
[image-size] D:\测试\大图\拍照攻略大图-84.png: 1672x941
[image-size] D:\测试\大图\拍照攻略大图-85.png: 1672x941
[image-size] D:\测试\大图\拍照攻略大图-86.png: 1672x941
[image-size] D:\测试\大图\拍照攻略大图-87.png: 1672x941
[image-size] D:\测试\大图\拍照攻略大图-88.png: 1672x941
[image-size] D:\测试\大图\拍照攻略大图-89.png: 1672x941
[image-size] D:\测试\大图\拍照攻略大图-9.png: 1672x941
[image-size] D:\测试\大图\拍照攻略大图-90.png: 1672x941
[image-size] D:\测试\大图\拍照攻略大图-91.png: 1672x941
[image-size] D:\测试\大图\拍照攻略大图-92.png: 1672x941
[image-size] D:\测试\大图\拍照攻略大图-93.png: 1672x941
[image-size] D:\测试\大图\拍照攻略大图-94.png: 1672x941
[image-size] D:\测试\大图\拍照攻略大图-95.png: 1672x941
[image-size] D:\测试\大图\拍照攻略大图-96.png: 1672x941
[image-size] D:\测试\大图\拍照攻略大图-97.png: 1672x941
[image-size] D:\测试\大图\拍照攻略大图-98.png: 1672x941
[image-size] D:\测试\大图\拍照攻略大图-99.png: 1672x941
[2m10:40:30[22m [36m[1m[vite][22m[39m [90m[2m(client)[22m[39m [32mhmr update [39m[2m/src/features/composite/components/BatchExportTab.tsx, /src/index.css[22m
[2m10:40:39[22m [36m[1m[vite][22m[39m [90m[2m(client)[22m[39m [32mhmr update [39m[2m/src/features/composite/components/BatchExportTab.tsx, /src/index.css[22m
[2m10:40:47[22m [36m[1m[vite][22m[39m [90m[2m(client)[22m[39m [32mhmr update [39m[2m/src/features/composite/components/BatchExportTab.tsx, /src/index.css[22m
[2m10:40:55[22m [36m[1m[vite][22m[39m [90m[2m(client)[22m[39m [32mhmr update [39m[2m/src/features/composite/components/BatchExportTab.tsx, /src/index.css[22m
[2m10:41:09[22m [36m[1m[vite][22m[39m [90m[2m(client)[22m[39m [32mhmr update [39m[2m/src/features/composite/components/BatchExportTab.tsx, /src/index.css[22m
[2m10:41:19[22m [36m[1m[vite][22m[39m [90m[2m(client)[22m[39m [32mhmr update [39m[2m/src/features/composite/components/BatchExportTab.tsx, /src/index.css[22m
[2m10:41:29[22m [36m[1m[vite][22m[39m [90m[2m(client)[22m[39m [32mhmr update [39m[2m/src/features/composite/components/BatchExportTab.tsx, /src/index.css[22m
[2m10:42:01[22m [36m[1m[vite][22m[39m [90m[2m(client)[22m[39m [32mpage reload [39m[2msrc/features/composite/storeV2.test.ts[22m
[image-size] D:\测试\闪屏\拍照攻略闪屏-1.png: 941x1672
[image-size] D:\测试\闪屏\拍照攻略闪屏-10.png: 941x1672
[image-size] D:\测试\闪屏\拍照攻略闪屏-100.png: 941x1672
[image-size] D:\测试\闪屏\拍照攻略闪屏-11.png: 941x1672
[image-size] D:\测试\闪屏\拍照攻略闪屏-12.png: 941x1672
[image-size] D:\测试\闪屏\拍照攻略闪屏-13.png: 941x1672
[image-size] D:\测试\闪屏\拍照攻略闪屏-14.png: 941x1672
[image-size] D:\测试\闪屏\拍照攻略闪屏-15.png: 941x1672
[image-size] D:\测试\闪屏\拍照攻略闪屏-16.png: 941x1672
[image-size] D:\测试\闪屏\拍照攻略闪屏-17.png: 941x1672
[image-size] D:\测试\闪屏\拍照攻略闪屏-18.png: 941x1672
[image-size] D:\测试\闪屏\拍照攻略闪屏-19.png: 941x1672
[image-size] D:\测试\闪屏\拍照攻略闪屏-2.png: 941x1672
[image-size] D:\测试\闪屏\拍照攻略闪屏-20.png: 941x1672
[image-size] D:\测试\闪屏\拍照攻略闪屏-21.png: 941x1672
[image-size] D:\测试\闪屏\拍照攻略闪屏-22.png: 941x1672
[image-size] D:\测试\闪屏\拍照攻略闪屏-23.png: 941x1672
[image-size] D:\测试\闪屏\拍照攻略闪屏-24.png: 941x1672
[image-size] D:\测试\闪屏\拍照攻略闪屏-25.png: 941x1672
[image-size] D:\测试\闪屏\拍照攻略闪屏-26.png: 941x1672
[image-size] D:\测试\闪屏\拍照攻略闪屏-27.png: 941x1672
[image-size] D:\测试\闪屏\拍照攻略闪屏-28.png: 941x1672
[image-size] D:\测试\闪屏\拍照攻略闪屏-29.png: 941x1672
[image-size] D:\测试\闪屏\拍照攻略闪屏-3.png: 941x1672
[image-size] D:\测试\闪屏\拍照攻略闪屏-30.png: 941x1672
[image-size] D:\测试\闪屏\拍照攻略闪屏-31.png: 941x1672
[image-size] D:\测试\闪屏\拍照攻略闪屏-32.png: 941x1672
[image-size] D:\测试\闪屏\拍照攻略闪屏-33.png: 941x1672
[image-size] D:\测试\闪屏\拍照攻略闪屏-34.png: 941x1672
[image-size] D:\测试\闪屏\拍照攻略闪屏-35.png: 941x1672
[image-size] D:\测试\闪屏\拍照攻略闪屏-36.png: 941x1672
[image-size] D:\测试\闪屏\拍照攻略闪屏-37.png: 941x1672
[image-size] D:\测试\闪屏\拍照攻略闪屏-38.png: 941x1672
[image-size] D:\测试\闪屏\拍照攻略闪屏-39.png: 941x1672
[image-size] D:\测试\闪屏\拍照攻略闪屏-4.png: 941x1672
[image-size] D:\测试\闪屏\拍照攻略闪屏-40.png: 941x1672
[image-size] D:\测试\闪屏\拍照攻略闪屏-41.png: 941x1672
[image-size] D:\测试\闪屏\拍照攻略闪屏-42.png: 941x1672
[image-size] D:\测试\闪屏\拍照攻略闪屏-43.png: 941x1672
[image-size] D:\测试\闪屏\拍照攻略闪屏-44.png: 941x1672
[image-size] D:\测试\闪屏\拍照攻略闪屏-45.png: 941x1672
[image-size] D:\测试\闪屏\拍照攻略闪屏-46.png: 941x1672
[image-size] D:\测试\闪屏\拍照攻略闪屏-47.png: 941x1672
[image-size] D:\测试\闪屏\拍照攻略闪屏-48.png: 941x1672
[image-size] D:\测试\闪屏\拍照攻略闪屏-49.png: 941x1672
[image-size] D:\测试\闪屏\拍照攻略闪屏-5.png: 941x1672
[image-size] D:\测试\闪屏\拍照攻略闪屏-50.png: 941x1672
[image-size] D:\测试\闪屏\拍照攻略闪屏-51.png: 941x1672
[image-size] D:\测试\闪屏\拍照攻略闪屏-52.png: 941x1672
[image-size] D:\测试\闪屏\拍照攻略闪屏-53.png: 941x1672
[image-size] D:\测试\闪屏\拍照攻略闪屏-54.png: 941x1672
[image-size] D:\测试\闪屏\拍照攻略闪屏-55.png: 941x1672
[image-size] D:\测试\闪屏\拍照攻略闪屏-56.png: 941x1672
[image-size] D:\测试\闪屏\拍照攻略闪屏-57.png: 941x1672
[image-size] D:\测试\闪屏\拍照攻略闪屏-58.png: 941x1672
[image-size] D:\测试\闪屏\拍照攻略闪屏-59.png: 941x1672
[image-size] D:\测试\闪屏\拍照攻略闪屏-6.png: 941x1672
[image-size] D:\测试\闪屏\拍照攻略闪屏-60.png: 941x1672
[image-size] D:\测试\闪屏\拍照攻略闪屏-61.png: 941x1672
[image-size] D:\测试\闪屏\拍照攻略闪屏-62.png: 941x1672
[image-size] D:\测试\闪屏\拍照攻略闪屏-63.png: 941x1672
[image-size] D:\测试\闪屏\拍照攻略闪屏-64.png: 941x1672
[image-size] D:\测试\闪屏\拍照攻略闪屏-65.png: 941x1672
[image-size] D:\测试\闪屏\拍照攻略闪屏-66.png: 941x1672
[image-size] D:\测试\闪屏\拍照攻略闪屏-67.png: 941x1672
[image-size] D:\测试\闪屏\拍照攻略闪屏-68.png: 941x1672
[image-size] D:\测试\闪屏\拍照攻略闪屏-69.png: 941x1672
[image-size] D:\测试\闪屏\拍照攻略闪屏-7.png: 941x1672
[image-size] D:\测试\闪屏\拍照攻略闪屏-70.png: 941x1672
[image-size] D:\测试\闪屏\拍照攻略闪屏-71.png: 941x1672
[image-size] D:\测试\闪屏\拍照攻略闪屏-72.png: 941x1672
[image-size] D:\测试\闪屏\拍照攻略闪屏-73.png: 941x1672
[image-size] D:\测试\闪屏\拍照攻略闪屏-74.png: 941x1672
[image-size] D:\测试\闪屏\拍照攻略闪屏-75.png: 941x1672
[image-size] D:\测试\闪屏\拍照攻略闪屏-76.png: 941x1672
[image-size] D:\测试\闪屏\拍照攻略闪屏-77.png: 941x1672
[image-size] D:\测试\闪屏\拍照攻略闪屏-78.png: 941x1672
[image-size] D:\测试\闪屏\拍照攻略闪屏-79.png: 941x1672
[image-size] D:\测试\闪屏\拍照攻略闪屏-8.png: 941x1672
[image-size] D:\测试\闪屏\拍照攻略闪屏-80.png: 941x1672
[image-size] D:\测试\闪屏\拍照攻略闪屏-81.png: 941x1672
[image-size] D:\测试\闪屏\拍照攻略闪屏-82.png: 941x1672
[image-size] D:\测试\闪屏\拍照攻略闪屏-83.png: 941x1672
[image-size] D:\测试\闪屏\拍照攻略闪屏-84.png: 941x1672
[image-size] D:\测试\闪屏\拍照攻略闪屏-85.png: 941x1672
[image-size] D:\测试\闪屏\拍照攻略闪屏-86.png: 941x1672
[image-size] D:\测试\闪屏\拍照攻略闪屏-87.png: 941x1672
[image-size] D:\测试\闪屏\拍照攻略闪屏-88.png: 941x1672
[image-size] D:\测试\闪屏\拍照攻略闪屏-89.png: 941x1672
[image-size] D:\测试\闪屏\拍照攻略闪屏-9.png: 941x1672
[image-size] D:\测试\闪屏\拍照攻略闪屏-90.png: 941x1672
[image-size] D:\测试\闪屏\拍照攻略闪屏-91.png: 941x1672
[image-size] D:\测试\闪屏\拍照攻略闪屏-92.png: 941x1672
[image-size] D:\测试\闪屏\拍照攻略闪屏-93.png: 941x1672
[image-size] D:\测试\闪屏\拍照攻略闪屏-94.png: 941x1672
[image-size] D:\测试\闪屏\拍照攻略闪屏-95.png: 941x1672
[image-size] D:\测试\闪屏\拍照攻略闪屏-96.png: 941x1672
[image-size] D:\测试\闪屏\拍照攻略闪屏-97.png: 941x1672
[image-size] D:\测试\闪屏\拍照攻略闪屏-98.png: 941x1672
[image-size] D:\测试\闪屏\拍照攻略闪屏-99.png: 941x1672
[image-size] D:\测试\闪屏\拍照攻略闪屏-1.png: 941x1672
[image-size] D:\测试\闪屏\拍照攻略闪屏-10.png: 941x1672
[image-size] D:\测试\闪屏\拍照攻略闪屏-100.png: 941x1672
[image-size] D:\测试\闪屏\拍照攻略闪屏-11.png: 941x1672
[image-size] D:\测试\闪屏\拍照攻略闪屏-12.png: 941x1672
[image-size] D:\测试\闪屏\拍照攻略闪屏-13.png: 941x1672
[image-size] D:\测试\闪屏\拍照攻略闪屏-14.png: 941x1672
[image-size] D:\测试\闪屏\拍照攻略闪屏-15.png: 941x1672
[image-size] D:\测试\闪屏\拍照攻略闪屏-16.png: 941x1672
[image-size] D:\测试\闪屏\拍照攻略闪屏-17.png: 941x1672
[image-size] D:\测试\闪屏\拍照攻略闪屏-18.png: 941x1672
[image-size] D:\测试\闪屏\拍照攻略闪屏-19.png: 941x1672
[image-size] D:\测试\闪屏\拍照攻略闪屏-2.png: 941x1672
[image-size] D:\测试\闪屏\拍照攻略闪屏-20.png: 941x1672
[image-size] D:\测试\闪屏\拍照攻略闪屏-21.png: 941x1672
[image-size] D:\测试\闪屏\拍照攻略闪屏-22.png: 941x1672
[image-size] D:\测试\闪屏\拍照攻略闪屏-23.png: 941x1672
[image-size] D:\测试\闪屏\拍照攻略闪屏-24.png: 941x1672
[image-size] D:\测试\闪屏\拍照攻略闪屏-25.png: 941x1672
[image-size] D:\测试\闪屏\拍照攻略闪屏-26.png: 941x1672
[image-size] D:\测试\闪屏\拍照攻略闪屏-27.png: 941x1672
[image-size] D:\测试\闪屏\拍照攻略闪屏-28.png: 941x1672
[image-size] D:\测试\闪屏\拍照攻略闪屏-29.png: 941x1672
[image-size] D:\测试\闪屏\拍照攻略闪屏-3.png: 941x1672
[image-size] D:\测试\闪屏\拍照攻略闪屏-30.png: 941x1672
[image-size] D:\测试\闪屏\拍照攻略闪屏-31.png: 941x1672
[image-size] D:\测试\闪屏\拍照攻略闪屏-32.png: 941x1672
[image-size] D:\测试\闪屏\拍照攻略闪屏-33.png: 941x1672
[image-size] D:\测试\闪屏\拍照攻略闪屏-34.png: 941x1672
[image-size] D:\测试\闪屏\拍照攻略闪屏-35.png: 941x1672
[image-size] D:\测试\闪屏\拍照攻略闪屏-36.png: 941x1672
[image-size] D:\测试\闪屏\拍照攻略闪屏-37.png: 941x1672
[image-size] D:\测试\闪屏\拍照攻略闪屏-38.png: 941x1672
[image-size] D:\测试\闪屏\拍照攻略闪屏-39.png: 941x1672
[image-size] D:\测试\闪屏\拍照攻略闪屏-4.png: 941x1672
[image-size] D:\测试\闪屏\拍照攻略闪屏-40.png: 941x1672
[image-size] D:\测试\闪屏\拍照攻略闪屏-41.png: 941x1672
[image-size] D:\测试\闪屏\拍照攻略闪屏-42.png: 941x1672
[image-size] D:\测试\闪屏\拍照攻略闪屏-43.png: 941x1672
[image-size] D:\测试\闪屏\拍照攻略闪屏-44.png: 941x1672
[image-size] D:\测试\闪屏\拍照攻略闪屏-45.png: 941x1672
[image-size] D:\测试\闪屏\拍照攻略闪屏-46.png: 941x1672
[image-size] D:\测试\闪屏\拍照攻略闪屏-47.png: 941x1672
[image-size] D:\测试\闪屏\拍照攻略闪屏-48.png: 941x1672
[image-size] D:\测试\闪屏\拍照攻略闪屏-49.png: 941x1672
[image-size] D:\测试\闪屏\拍照攻略闪屏-5.png: 941x1672
[image-size] D:\测试\闪屏\拍照攻略闪屏-50.png: 941x1672
[image-size] D:\测试\闪屏\拍照攻略闪屏-51.png: 941x1672
[image-size] D:\测试\闪屏\拍照攻略闪屏-52.png: 941x1672
[image-size] D:\测试\闪屏\拍照攻略闪屏-53.png: 941x1672
[image-size] D:\测试\闪屏\拍照攻略闪屏-54.png: 941x1672
[image-size] D:\测试\闪屏\拍照攻略闪屏-55.png: 941x1672
[image-size] D:\测试\闪屏\拍照攻略闪屏-56.png: 941x1672
[image-size] D:\测试\闪屏\拍照攻略闪屏-57.png: 941x1672
[image-size] D:\测试\闪屏\拍照攻略闪屏-58.png: 941x1672
[image-size] D:\测试\闪屏\拍照攻略闪屏-59.png: 941x1672
[image-size] D:\测试\闪屏\拍照攻略闪屏-6.png: 941x1672
[image-size] D:\测试\闪屏\拍照攻略闪屏-60.png: 941x1672
[image-size] D:\测试\闪屏\拍照攻略闪屏-61.png: 941x1672
[image-size] D:\测试\闪屏\拍照攻略闪屏-62.png: 941x1672
[image-size] D:\测试\闪屏\拍照攻略闪屏-63.png: 941x1672
[image-size] D:\测试\闪屏\拍照攻略闪屏-64.png: 941x1672
[image-size] D:\测试\闪屏\拍照攻略闪屏-65.png: 941x1672
[image-size] D:\测试\闪屏\拍照攻略闪屏-66.png: 941x1672
[image-size] D:\测试\闪屏\拍照攻略闪屏-67.png: 941x1672
[image-size] D:\测试\闪屏\拍照攻略闪屏-68.png: 941x1672
[image-size] D:\测试\闪屏\拍照攻略闪屏-69.png: 941x1672
[image-size] D:\测试\闪屏\拍照攻略闪屏-7.png: 941x1672
[image-size] D:\测试\闪屏\拍照攻略闪屏-70.png: 941x1672
[image-size] D:\测试\闪屏\拍照攻略闪屏-71.png: 941x1672
[image-size] D:\测试\闪屏\拍照攻略闪屏-72.png: 941x1672
[image-size] D:\测试\闪屏\拍照攻略闪屏-73.png: 941x1672
[image-size] D:\测试\闪屏\拍照攻略闪屏-74.png: 941x1672
[image-size] D:\测试\闪屏\拍照攻略闪屏-75.png: 941x1672
[image-size] D:\测试\闪屏\拍照攻略闪屏-76.png: 941x1672
[image-size] D:\测试\闪屏\拍照攻略闪屏-77.png: 941x1672
[image-size] D:\测试\闪屏\拍照攻略闪屏-78.png: 941x1672
[image-size] D:\测试\闪屏\拍照攻略闪屏-79.png: 941x1672
[image-size] D:\测试\闪屏\拍照攻略闪屏-8.png: 941x1672
[image-size] D:\测试\闪屏\拍照攻略闪屏-80.png: 941x1672
[image-size] D:\测试\闪屏\拍照攻略闪屏-81.png: 941x1672
[image-size] D:\测试\闪屏\拍照攻略闪屏-82.png: 941x1672
[image-size] D:\测试\闪屏\拍照攻略闪屏-83.png: 941x1672
[image-size] D:\测试\闪屏\拍照攻略闪屏-84.png: 941x1672
[image-size] D:\测试\闪屏\拍照攻略闪屏-85.png: 941x1672
[image-size] D:\测试\闪屏\拍照攻略闪屏-86.png: 941x1672
[image-size] D:\测试\闪屏\拍照攻略闪屏-87.png: 941x1672
[image-size] D:\测试\闪屏\拍照攻略闪屏-88.png: 941x1672
[image-size] D:\测试\闪屏\拍照攻略闪屏-89.png: 941x1672
[image-size] D:\测试\闪屏\拍照攻略闪屏-9.png: 941x1672
[image-size] D:\测试\闪屏\拍照攻略闪屏-90.png: 941x1672
[image-size] D:\测试\闪屏\拍照攻略闪屏-91.png: 941x1672
[image-size] D:\测试\闪屏\拍照攻略闪屏-92.png: 941x1672
[image-size] D:\测试\闪屏\拍照攻略闪屏-93.png: 941x1672
[image-size] D:\测试\闪屏\拍照攻略闪屏-94.png: 941x1672
[image-size] D:\测试\闪屏\拍照攻略闪屏-95.png: 941x1672
[image-size] D:\测试\闪屏\拍照攻略闪屏-96.png: 941x1672
[image-size] D:\测试\闪屏\拍照攻略闪屏-97.png: 941x1672
[image-size] D:\测试\闪屏\拍照攻略闪屏-98.png: 941x1672
[image-size] D:\测试\闪屏\拍照攻略闪屏-99.png: 941x1672
[image-size] D:\测试\大图\拍照攻略大图-1.png: 1672x941
[image-size] D:\测试\大图\拍照攻略大图-10.png: 1672x941
[image-size] D:\测试\大图\拍照攻略大图-100.png: 1672x941
[image-size] D:\测试\大图\拍照攻略大图-11.png: 1672x941
[image-size] D:\测试\大图\拍照攻略大图-12.png: 1672x941
[image-size] D:\测试\大图\拍照攻略大图-13.png: 1672x941
[image-size] D:\测试\大图\拍照攻略大图-14.png: 1672x941
[image-size] D:\测试\大图\拍照攻略大图-15.png: 1672x941
[image-size] D:\测试\大图\拍照攻略大图-16.png: 1672x941
[image-size] D:\测试\大图\拍照攻略大图-17.png: 1672x941
[image-size] D:\测试\大图\拍照攻略大图-18.png: 1672x941
[image-size] D:\测试\大图\拍照攻略大图-19.png: 1672x941
[image-size] D:\测试\大图\拍照攻略大图-2.png: 1672x941
[image-size] D:\测试\大图\拍照攻略大图-20.png: 1672x941
[image-size] D:\测试\大图\拍照攻略大图-21.png: 1672x941
[image-size] D:\测试\大图\拍照攻略大图-22.png: 1672x941
[image-size] D:\测试\大图\拍照攻略大图-23.png: 1672x941
[image-size] D:\测试\大图\拍照攻略大图-24.png: 1672x941
[image-size] D:\测试\大图\拍照攻略大图-25.png: 1672x941
[image-size] D:\测试\大图\拍照攻略大图-26.png: 1672x941
[image-size] D:\测试\大图\拍照攻略大图-27.png: 1672x941
[image-size] D:\测试\大图\拍照攻略大图-28.png: 1672x941
[image-size] D:\测试\大图\拍照攻略大图-29.png: 1672x941
[image-size] D:\测试\大图\拍照攻略大图-3.png: 1672x941
[image-size] D:\测试\大图\拍照攻略大图-30.png: 1672x941
[image-size] D:\测试\大图\拍照攻略大图-31.png: 1672x941
[image-size] D:\测试\大图\拍照攻略大图-32.png: 1672x941
[image-size] D:\测试\大图\拍照攻略大图-33.png: 1672x941
[image-size] D:\测试\大图\拍照攻略大图-34.png: 1672x941
[image-size] D:\测试\大图\拍照攻略大图-35.png: 1672x941
[image-size] D:\测试\大图\拍照攻略大图-36.png: 1672x941
[image-size] D:\测试\大图\拍照攻略大图-37.png: 1672x941
[image-size] D:\测试\大图\拍照攻略大图-38.png: 1672x941
[image-size] D:\测试\大图\拍照攻略大图-39.png: 1672x941
[image-size] D:\测试\大图\拍照攻略大图-4.png: 1672x941
[image-size] D:\测试\大图\拍照攻略大图-40.png: 1672x941
[image-size] D:\测试\大图\拍照攻略大图-41.png: 1672x941
[image-size] D:\测试\大图\拍照攻略大图-42.png: 1672x941
[image-size] D:\测试\大图\拍照攻略大图-43.png: 1672x941
[image-size] D:\测试\大图\拍照攻略大图-44.png: 1672x941
[image-size] D:\测试\大图\拍照攻略大图-45.png: 1672x941
[image-size] D:\测试\大图\拍照攻略大图-46.png: 1672x941
[image-size] D:\测试\大图\拍照攻略大图-47.png: 1672x941
[image-size] D:\测试\大图\拍照攻略大图-48.png: 1672x941
[image-size] D:\测试\大图\拍照攻略大图-49.png: 1672x941
[image-size] D:\测试\大图\拍照攻略大图-5.png: 1672x941
[image-size] D:\测试\大图\拍照攻略大图-50.png: 1672x941
[image-size] D:\测试\大图\拍照攻略大图-51.png: 1672x941
[image-size] D:\测试\大图\拍照攻略大图-52.png: 1672x941
[image-size] D:\测试\大图\拍照攻略大图-53.png: 1672x941
[image-size] D:\测试\大图\拍照攻略大图-54.png: 1672x941
[image-size] D:\测试\大图\拍照攻略大图-55.png: 1672x941
[image-size] D:\测试\大图\拍照攻略大图-56.png: 1672x941
[image-size] D:\测试\大图\拍照攻略大图-57.png: 1672x941
[image-size] D:\测试\大图\拍照攻略大图-58.png: 1672x941
[image-size] D:\测试\大图\拍照攻略大图-59.png: 1672x941
[image-size] D:\测试\大图\拍照攻略大图-6.png: 1672x941
[image-size] D:\测试\大图\拍照攻略大图-60.png: 1672x941
[image-size] D:\测试\大图\拍照攻略大图-61.png: 1672x941
[image-size] D:\测试\大图\拍照攻略大图-62.png: 1672x941
[image-size] D:\测试\大图\拍照攻略大图-63.png: 1672x941
[image-size] D:\测试\大图\拍照攻略大图-64.png: 1672x941
[image-size] D:\测试\大图\拍照攻略大图-65.png: 1672x941
[image-size] D:\测试\大图\拍照攻略大图-66.png: 1672x941
[image-size] D:\测试\大图\拍照攻略大图-67.png: 1672x941
[image-size] D:\测试\大图\拍照攻略大图-68.png: 1672x941
[image-size] D:\测试\大图\拍照攻略大图-69.png: 1672x941
[image-size] D:\测试\大图\拍照攻略大图-7.png: 1672x941
[image-size] D:\测试\大图\拍照攻略大图-70.png: 1672x941
[image-size] D:\测试\大图\拍照攻略大图-71.png: 1672x941
[image-size] D:\测试\大图\拍照攻略大图-72.png: 1672x941
[image-size] D:\测试\大图\拍照攻略大图-73.png: 1672x941
[image-size] D:\测试\大图\拍照攻略大图-74.png: 1672x941
[image-size] D:\测试\大图\拍照攻略大图-75.png: 1672x941
[image-size] D:\测试\大图\拍照攻略大图-76.png: 1672x941
[image-size] D:\测试\大图\拍照攻略大图-77.png: 1672x941
[image-size] D:\测试\大图\拍照攻略大图-78.png: 1672x941
[image-size] D:\测试\大图\拍照攻略大图-79.png: 1672x941
[image-size] D:\测试\大图\拍照攻略大图-8.png: 1672x941
[image-size] D:\测试\大图\拍照攻略大图-80.png: 1672x941
[image-size] D:\测试\大图\拍照攻略大图-81.png: 1672x941
[image-size] D:\测试\大图\拍照攻略大图-82.png: 1672x941
[image-size] D:\测试\大图\拍照攻略大图-83.png: 1672x941
[image-size] D:\测试\大图\拍照攻略大图-84.png: 1672x941
[image-size] D:\测试\大图\拍照攻略大图-85.png: 1672x941
[image-size] D:\测试\大图\拍照攻略大图-86.png: 1672x941
[image-size] D:\测试\大图\拍照攻略大图-87.png: 1672x941
[image-size] D:\测试\大图\拍照攻略大图-88.png: 1672x941
[image-size] D:\测试\大图\拍照攻略大图-89.png: 1672x941
[image-size] D:\测试\大图\拍照攻略大图-9.png: 1672x941
[image-size] D:\测试\大图\拍照攻略大图-90.png: 1672x941
[image-size] D:\测试\大图\拍照攻略大图-91.png: 1672x941
[image-size] D:\测试\大图\拍照攻略大图-92.png: 1672x941
[image-size] D:\测试\大图\拍照攻略大图-93.png: 1672x941
[image-size] D:\测试\大图\拍照攻略大图-94.png: 1672x941
[image-size] D:\测试\大图\拍照攻略大图-95.png: 1672x941
[image-size] D:\测试\大图\拍照攻略大图-96.png: 1672x941
[image-size] D:\测试\大图\拍照攻略大图-97.png: 1672x941
[image-size] D:\测试\大图\拍照攻略大图-98.png: 1672x941
[image-size] D:\测试\大图\拍照攻略大图-99.png: 1672x941
[image-size] D:\测试\闪屏\拍照攻略闪屏-1.png: 941x1672
[image-size] D:\测试\闪屏\拍照攻略闪屏-10.png: 941x1672
[image-size] D:\测试\闪屏\拍照攻略闪屏-100.png: 941x1672
[image-size] D:\测试\闪屏\拍照攻略闪屏-11.png: 941x1672
[image-size] D:\测试\闪屏\拍照攻略闪屏-12.png: 941x1672
[image-size] D:\测试\闪屏\拍照攻略闪屏-13.png: 941x1672
[image-size] D:\测试\闪屏\拍照攻略闪屏-14.png: 941x1672
[image-size] D:\测试\闪屏\拍照攻略闪屏-15.png: 941x1672
[image-size] D:\测试\闪屏\拍照攻略闪屏-16.png: 941x1672
[image-size] D:\测试\闪屏\拍照攻略闪屏-17.png: 941x1672
[image-size] D:\测试\闪屏\拍照攻略闪屏-18.png: 941x1672
[image-size] D:\测试\闪屏\拍照攻略闪屏-19.png: 941x1672
[image-size] D:\测试\闪屏\拍照攻略闪屏-2.png: 941x1672
[image-size] D:\测试\闪屏\拍照攻略闪屏-20.png: 941x1672
[image-size] D:\测试\闪屏\拍照攻略闪屏-21.png: 941x1672
[image-size] D:\测试\闪屏\拍照攻略闪屏-22.png: 941x1672
[image-size] D:\测试\闪屏\拍照攻略闪屏-23.png: 941x1672
[image-size] D:\测试\闪屏\拍照攻略闪屏-24.png: 941x1672
[image-size] D:\测试\闪屏\拍照攻略闪屏-25.png: 941x1672
[image-size] D:\测试\闪屏\拍照攻略闪屏-26.png: 941x1672
[image-size] D:\测试\闪屏\拍照攻略闪屏-27.png: 941x1672
[image-size] D:\测试\闪屏\拍照攻略闪屏-28.png: 941x1672
[image-size] D:\测试\闪屏\拍照攻略闪屏-29.png: 941x1672
[image-size] D:\测试\闪屏\拍照攻略闪屏-3.png: 941x1672
[image-size] D:\测试\闪屏\拍照攻略闪屏-30.png: 941x1672
[image-size] D:\测试\闪屏\拍照攻略闪屏-31.png: 941x1672
[image-size] D:\测试\闪屏\拍照攻略闪屏-32.png: 941x1672
[image-size] D:\测试\闪屏\拍照攻略闪屏-33.png: 941x1672
[image-size] D:\测试\闪屏\拍照攻略闪屏-34.png: 941x1672
[image-size] D:\测试\闪屏\拍照攻略闪屏-35.png: 941x1672
[image-size] D:\测试\闪屏\拍照攻略闪屏-36.png: 941x1672
[image-size] D:\测试\闪屏\拍照攻略闪屏-37.png: 941x1672
[image-size] D:\测试\闪屏\拍照攻略闪屏-38.png: 941x1672
[image-size] D:\测试\闪屏\拍照攻略闪屏-39.png: 941x1672
[image-size] D:\测试\闪屏\拍照攻略闪屏-4.png: 941x1672
[image-size] D:\测试\闪屏\拍照攻略闪屏-40.png: 941x1672
[image-size] D:\测试\闪屏\拍照攻略闪屏-41.png: 941x1672
[image-size] D:\测试\闪屏\拍照攻略闪屏-42.png: 941x1672
[image-size] D:\测试\闪屏\拍照攻略闪屏-43.png: 941x1672
[image-size] D:\测试\闪屏\拍照攻略闪屏-44.png: 941x1672
[image-size] D:\测试\闪屏\拍照攻略闪屏-45.png: 941x1672
[image-size] D:\测试\闪屏\拍照攻略闪屏-46.png: 941x1672
[image-size] D:\测试\闪屏\拍照攻略闪屏-47.png: 941x1672
[image-size] D:\测试\闪屏\拍照攻略闪屏-48.png: 941x1672
[image-size] D:\测试\闪屏\拍照攻略闪屏-49.png: 941x1672
[image-size] D:\测试\闪屏\拍照攻略闪屏-5.png: 941x1672
[image-size] D:\测试\闪屏\拍照攻略闪屏-50.png: 941x1672
[image-size] D:\测试\闪屏\拍照攻略闪屏-51.png: 941x1672
[image-size] D:\测试\闪屏\拍照攻略闪屏-52.png: 941x1672
[image-size] D:\测试\闪屏\拍照攻略闪屏-53.png: 941x1672
[image-size] D:\测试\闪屏\拍照攻略闪屏-54.png: 941x1672
[image-size] D:\测试\闪屏\拍照攻略闪屏-55.png: 941x1672
[image-size] D:\测试\闪屏\拍照攻略闪屏-56.png: 941x1672
[image-size] D:\测试\闪屏\拍照攻略闪屏-57.png: 941x1672
[image-size] D:\测试\闪屏\拍照攻略闪屏-58.png: 941x1672
[image-size] D:\测试\闪屏\拍照攻略闪屏-59.png: 941x1672
[image-size] D:\测试\闪屏\拍照攻略闪屏-6.png: 941x1672
[image-size] D:\测试\闪屏\拍照攻略闪屏-60.png: 941x1672
[image-size] D:\测试\闪屏\拍照攻略闪屏-61.png: 941x1672
[image-size] D:\测试\闪屏\拍照攻略闪屏-62.png: 941x1672
[image-size] D:\测试\闪屏\拍照攻略闪屏-63.png: 941x1672
[image-size] D:\测试\闪屏\拍照攻略闪屏-64.png: 941x1672
[image-size] D:\测试\闪屏\拍照攻略闪屏-65.png: 941x1672
[image-size] D:\测试\闪屏\拍照攻略闪屏-66.png: 941x1672
[image-size] D:\测试\闪屏\拍照攻略闪屏-67.png: 941x1672
[image-size] D:\测试\闪屏\拍照攻略闪屏-68.png: 941x1672
[image-size] D:\测试\闪屏\拍照攻略闪屏-69.png: 941x1672
[image-size] D:\测试\闪屏\拍照攻略闪屏-7.png: 941x1672
[image-size] D:\测试\闪屏\拍照攻略闪屏-70.png: 941x1672
[image-size] D:\测试\闪屏\拍照攻略闪屏-71.png: 941x1672
[image-size] D:\测试\闪屏\拍照攻略闪屏-72.png: 941x1672
[image-size] D:\测试\闪屏\拍照攻略闪屏-73.png: 941x1672
[image-size] D:\测试\闪屏\拍照攻略闪屏-74.png: 941x1672
[image-size] D:\测试\闪屏\拍照攻略闪屏-75.png: 941x1672
[image-size] D:\测试\闪屏\拍照攻略闪屏-76.png: 941x1672
[image-size] D:\测试\闪屏\拍照攻略闪屏-77.png: 941x1672
[image-size] D:\测试\闪屏\拍照攻略闪屏-78.png: 941x1672
[image-size] D:\测试\闪屏\拍照攻略闪屏-79.png: 941x1672
[image-size] D:\测试\闪屏\拍照攻略闪屏-8.png: 941x1672
[image-size] D:\测试\闪屏\拍照攻略闪屏-80.png: 941x1672
[image-size] D:\测试\闪屏\拍照攻略闪屏-81.png: 941x1672
[image-size] D:\测试\闪屏\拍照攻略闪屏-82.png: 941x1672
[image-size] D:\测试\闪屏\拍照攻略闪屏-83.png: 941x1672
[image-size] D:\测试\闪屏\拍照攻略闪屏-84.png: 941x1672
[image-size] D:\测试\闪屏\拍照攻略闪屏-85.png: 941x1672
[image-size] D:\测试\闪屏\拍照攻略闪屏-86.png: 941x1672
[image-size] D:\测试\闪屏\拍照攻略闪屏-87.png: 941x1672
[image-size] D:\测试\闪屏\拍照攻略闪屏-88.png: 941x1672
[image-size] D:\测试\闪屏\拍照攻略闪屏-89.png: 941x1672
[image-size] D:\测试\闪屏\拍照攻略闪屏-9.png: 941x1672
[image-size] D:\测试\闪屏\拍照攻略闪屏-90.png: 941x1672
[image-size] D:\测试\闪屏\拍照攻略闪屏-91.png: 941x1672
[image-size] D:\测试\闪屏\拍照攻略闪屏-92.png: 941x1672
[image-size] D:\测试\闪屏\拍照攻略闪屏-93.png: 941x1672
[image-size] D:\测试\闪屏\拍照攻略闪屏-94.png: 941x1672
[image-size] D:\测试\闪屏\拍照攻略闪屏-95.png: 941x1672
[image-size] D:\测试\闪屏\拍照攻略闪屏-96.png: 941x1672
[image-size] D:\测试\闪屏\拍照攻略闪屏-97.png: 941x1672
[image-size] D:\测试\闪屏\拍照攻略闪屏-98.png: 941x1672
[image-size] D:\测试\闪屏\拍照攻略闪屏-99.png: 941x1672
[image-size] D:\测试\闪屏\拍照攻略闪屏-1.png: 941x1672
[image-size] D:\测试\闪屏\拍照攻略闪屏-10.png: 941x1672
[image-size] D:\测试\闪屏\拍照攻略闪屏-100.png: 941x1672
[image-size] D:\测试\闪屏\拍照攻略闪屏-11.png: 941x1672
[image-size] D:\测试\闪屏\拍照攻略闪屏-12.png: 941x1672
[image-size] D:\测试\闪屏\拍照攻略闪屏-13.png: 941x1672
[image-size] D:\测试\闪屏\拍照攻略闪屏-14.png: 941x1672
[image-size] D:\测试\闪屏\拍照攻略闪屏-15.png: 941x1672
[image-size] D:\测试\闪屏\拍照攻略闪屏-16.png: 941x1672
[image-size] D:\测试\闪屏\拍照攻略闪屏-17.png: 941x1672
[image-size] D:\测试\闪屏\拍照攻略闪屏-18.png: 941x1672
[image-size] D:\测试\闪屏\拍照攻略闪屏-19.png: 941x1672
[image-size] D:\测试\闪屏\拍照攻略闪屏-2.png: 941x1672
[image-size] D:\测试\闪屏\拍照攻略闪屏-20.png: 941x1672
[image-size] D:\测试\闪屏\拍照攻略闪屏-21.png: 941x1672
[image-size] D:\测试\闪屏\拍照攻略闪屏-22.png: 941x1672
[image-size] D:\测试\闪屏\拍照攻略闪屏-23.png: 941x1672
[image-size] D:\测试\闪屏\拍照攻略闪屏-24.png: 941x1672
[image-size] D:\测试\闪屏\拍照攻略闪屏-25.png: 941x1672
[image-size] D:\测试\闪屏\拍照攻略闪屏-26.png: 941x1672
[image-size] D:\测试\闪屏\拍照攻略闪屏-27.png: 941x1672
[image-size] D:\测试\闪屏\拍照攻略闪屏-28.png: 941x1672
[image-size] D:\测试\闪屏\拍照攻略闪屏-29.png: 941x1672
[image-size] D:\测试\闪屏\拍照攻略闪屏-3.png: 941x1672
[image-size] D:\测试\闪屏\拍照攻略闪屏-30.png: 941x1672
[image-size] D:\测试\闪屏\拍照攻略闪屏-31.png: 941x1672
[image-size] D:\测试\闪屏\拍照攻略闪屏-32.png: 941x1672
[image-size] D:\测试\闪屏\拍照攻略闪屏-33.png: 941x1672
[image-size] D:\测试\闪屏\拍照攻略闪屏-34.png: 941x1672
[image-size] D:\测试\闪屏\拍照攻略闪屏-35.png: 941x1672
[image-size] D:\测试\闪屏\拍照攻略闪屏-36.png: 941x1672
[image-size] D:\测试\闪屏\拍照攻略闪屏-37.png: 941x1672
[image-size] D:\测试\闪屏\拍照攻略闪屏-38.png: 941x1672
[image-size] D:\测试\闪屏\拍照攻略闪屏-39.png: 941x1672
[image-size] D:\测试\闪屏\拍照攻略闪屏-4.png: 941x1672
[image-size] D:\测试\闪屏\拍照攻略闪屏-40.png: 941x1672
[image-size] D:\测试\闪屏\拍照攻略闪屏-41.png: 941x1672
[image-size] D:\测试\闪屏\拍照攻略闪屏-42.png: 941x1672
[image-size] D:\测试\闪屏\拍照攻略闪屏-43.png: 941x1672
[image-size] D:\测试\闪屏\拍照攻略闪屏-44.png: 941x1672
[image-size] D:\测试\闪屏\拍照攻略闪屏-45.png: 941x1672
[image-size] D:\测试\闪屏\拍照攻略闪屏-46.png: 941x1672
[image-size] D:\测试\闪屏\拍照攻略闪屏-47.png: 941x1672
[image-size] D:\测试\闪屏\拍照攻略闪屏-48.png: 941x1672
[image-size] D:\测试\闪屏\拍照攻略闪屏-49.png: 941x1672
[image-size] D:\测试\闪屏\拍照攻略闪屏-5.png: 941x1672
[image-size] D:\测试\闪屏\拍照攻略闪屏-50.png: 941x1672
[image-size] D:\测试\闪屏\拍照攻略闪屏-51.png: 941x1672
[image-size] D:\测试\闪屏\拍照攻略闪屏-52.png: 941x1672
[image-size] D:\测试\闪屏\拍照攻略闪屏-53.png: 941x1672
[image-size] D:\测试\闪屏\拍照攻略闪屏-54.png: 941x1672
[image-size] D:\测试\闪屏\拍照攻略闪屏-55.png: 941x1672
[image-size] D:\测试\闪屏\拍照攻略闪屏-56.png: 941x1672
[image-size] D:\测试\闪屏\拍照攻略闪屏-57.png: 941x1672
[image-size] D:\测试\闪屏\拍照攻略闪屏-58.png: 941x1672
[image-size] D:\测试\闪屏\拍照攻略闪屏-59.png: 941x1672
[image-size] D:\测试\闪屏\拍照攻略闪屏-6.png: 941x1672
[image-size] D:\测试\闪屏\拍照攻略闪屏-60.png: 941x1672
[image-size] D:\测试\闪屏\拍照攻略闪屏-61.png: 941x1672
[image-size] D:\测试\闪屏\拍照攻略闪屏-62.png: 941x1672
[image-size] D:\测试\闪屏\拍照攻略闪屏-63.png: 941x1672
[image-size] D:\测试\闪屏\拍照攻略闪屏-64.png: 941x1672
[image-size] D:\测试\闪屏\拍照攻略闪屏-65.png: 941x1672
[image-size] D:\测试\闪屏\拍照攻略闪屏-66.png: 941x1672
[image-size] D:\测试\闪屏\拍照攻略闪屏-67.png: 941x1672
[image-size] D:\测试\闪屏\拍照攻略闪屏-68.png: 941x1672
[image-size] D:\测试\闪屏\拍照攻略闪屏-69.png: 941x1672
[image-size] D:\测试\闪屏\拍照攻略闪屏-7.png: 941x1672
[image-size] D:\测试\闪屏\拍照攻略闪屏-70.png: 941x1672
[image-size] D:\测试\闪屏\拍照攻略闪屏-71.png: 941x1672
[image-size] D:\测试\闪屏\拍照攻略闪屏-72.png: 941x1672
[image-size] D:\测试\闪屏\拍照攻略闪屏-73.png: 941x1672
[image-size] D:\测试\闪屏\拍照攻略闪屏-74.png: 941x1672
[image-size] D:\测试\闪屏\拍照攻略闪屏-75.png: 941x1672
[image-size] D:\测试\闪屏\拍照攻略闪屏-76.png: 941x1672
[image-size] D:\测试\闪屏\拍照攻略闪屏-77.png: 941x1672
[image-size] D:\测试\闪屏\拍照攻略闪屏-78.png: 941x1672
[image-size] D:\测试\闪屏\拍照攻略闪屏-79.png: 941x1672
[image-size] D:\测试\闪屏\拍照攻略闪屏-8.png: 941x1672
[image-size] D:\测试\闪屏\拍照攻略闪屏-80.png: 941x1672
[image-size] D:\测试\闪屏\拍照攻略闪屏-81.png: 941x1672
[image-size] D:\测试\闪屏\拍照攻略闪屏-82.png: 941x1672
[image-size] D:\测试\闪屏\拍照攻略闪屏-83.png: 941x1672
[image-size] D:\测试\闪屏\拍照攻略闪屏-84.png: 941x1672
[image-size] D:\测试\闪屏\拍照攻略闪屏-85.png: 941x1672
[image-size] D:\测试\闪屏\拍照攻略闪屏-86.png: 941x1672
[image-size] D:\测试\闪屏\拍照攻略闪屏-87.png: 941x1672
[image-size] D:\测试\闪屏\拍照攻略闪屏-88.png: 941x1672
[image-size] D:\测试\闪屏\拍照攻略闪屏-89.png: 941x1672
[image-size] D:\测试\闪屏\拍照攻略闪屏-9.png: 941x1672
[image-size] D:\测试\闪屏\拍照攻略闪屏-90.png: 941x1672
[image-size] D:\测试\闪屏\拍照攻略闪屏-91.png: 941x1672
[image-size] D:\测试\闪屏\拍照攻略闪屏-92.png: 941x1672
[image-size] D:\测试\闪屏\拍照攻略闪屏-93.png: 941x1672
[image-size] D:\测试\闪屏\拍照攻略闪屏-94.png: 941x1672
[image-size] D:\测试\闪屏\拍照攻略闪屏-95.png: 941x1672
[image-size] D:\测试\闪屏\拍照攻略闪屏-96.png: 941x1672
[image-size] D:\测试\闪屏\拍照攻略闪屏-97.png: 941x1672
[image-size] D:\测试\闪屏\拍照攻略闪屏-98.png: 941x1672
[image-size] D:\测试\闪屏\拍照攻略闪屏-99.png: 941x1672
[image-size] D:\测试\大图\拍照攻略大图-1.png: 1672x941
[image-size] D:\测试\大图\拍照攻略大图-10.png: 1672x941
[image-size] D:\测试\大图\拍照攻略大图-100.png: 1672x941
[image-size] D:\测试\大图\拍照攻略大图-11.png: 1672x941
[image-size] D:\测试\大图\拍照攻略大图-12.png: 1672x941
[image-size] D:\测试\大图\拍照攻略大图-13.png: 1672x941
[image-size] D:\测试\大图\拍照攻略大图-14.png: 1672x941
[image-size] D:\测试\大图\拍照攻略大图-15.png: 1672x941
[image-size] D:\测试\大图\拍照攻略大图-16.png: 1672x941
[image-size] D:\测试\大图\拍照攻略大图-17.png: 1672x941
[image-size] D:\测试\大图\拍照攻略大图-18.png: 1672x941
[image-size] D:\测试\大图\拍照攻略大图-19.png: 1672x941
[image-size] D:\测试\大图\拍照攻略大图-2.png: 1672x941
[image-size] D:\测试\大图\拍照攻略大图-20.png: 1672x941
[image-size] D:\测试\大图\拍照攻略大图-21.png: 1672x941
[image-size] D:\测试\大图\拍照攻略大图-22.png: 1672x941
[image-size] D:\测试\大图\拍照攻略大图-23.png: 1672x941
[image-size] D:\测试\大图\拍照攻略大图-24.png: 1672x941
[image-size] D:\测试\大图\拍照攻略大图-25.png: 1672x941
[image-size] D:\测试\大图\拍照攻略大图-26.png: 1672x941
[image-size] D:\测试\大图\拍照攻略大图-27.png: 1672x941
[image-size] D:\测试\大图\拍照攻略大图-28.png: 1672x941
[image-size] D:\测试\大图\拍照攻略大图-29.png: 1672x941
[image-size] D:\测试\大图\拍照攻略大图-3.png: 1672x941
[image-size] D:\测试\大图\拍照攻略大图-30.png: 1672x941
[image-size] D:\测试\大图\拍照攻略大图-31.png: 1672x941
[image-size] D:\测试\大图\拍照攻略大图-32.png: 1672x941
[image-size] D:\测试\大图\拍照攻略大图-33.png: 1672x941
[image-size] D:\测试\大图\拍照攻略大图-34.png: 1672x941
[image-size] D:\测试\大图\拍照攻略大图-35.png: 1672x941
[image-size] D:\测试\大图\拍照攻略大图-36.png: 1672x941
[image-size] D:\测试\大图\拍照攻略大图-37.png: 1672x941
[image-size] D:\测试\大图\拍照攻略大图-38.png: 1672x941
[image-size] D:\测试\大图\拍照攻略大图-39.png: 1672x941
[image-size] D:\测试\大图\拍照攻略大图-4.png: 1672x941
[image-size] D:\测试\大图\拍照攻略大图-40.png: 1672x941
[image-size] D:\测试\大图\拍照攻略大图-41.png: 1672x941
[image-size] D:\测试\大图\拍照攻略大图-42.png: 1672x941
[image-size] D:\测试\大图\拍照攻略大图-43.png: 1672x941
[image-size] D:\测试\大图\拍照攻略大图-44.png: 1672x941
[image-size] D:\测试\大图\拍照攻略大图-45.png: 1672x941
[image-size] D:\测试\大图\拍照攻略大图-46.png: 1672x941
[image-size] D:\测试\大图\拍照攻略大图-47.png: 1672x941
[image-size] D:\测试\大图\拍照攻略大图-48.png: 1672x941
[image-size] D:\测试\大图\拍照攻略大图-49.png: 1672x941
[image-size] D:\测试\大图\拍照攻略大图-5.png: 1672x941
[image-size] D:\测试\大图\拍照攻略大图-50.png: 1672x941
[image-size] D:\测试\大图\拍照攻略大图-51.png: 1672x941
[image-size] D:\测试\大图\拍照攻略大图-52.png: 1672x941
[image-size] D:\测试\大图\拍照攻略大图-53.png: 1672x941
[image-size] D:\测试\大图\拍照攻略大图-54.png: 1672x941
[image-size] D:\测试\大图\拍照攻略大图-55.png: 1672x941
[image-size] D:\测试\大图\拍照攻略大图-56.png: 1672x941
[image-size] D:\测试\大图\拍照攻略大图-57.png: 1672x941
[image-size] D:\测试\大图\拍照攻略大图-58.png: 1672x941
[image-size] D:\测试\大图\拍照攻略大图-59.png: 1672x941
[image-size] D:\测试\大图\拍照攻略大图-6.png: 1672x941
[image-size] D:\测试\大图\拍照攻略大图-60.png: 1672x941
[image-size] D:\测试\大图\拍照攻略大图-61.png: 1672x941
[image-size] D:\测试\大图\拍照攻略大图-62.png: 1672x941
[image-size] D:\测试\大图\拍照攻略大图-63.png: 1672x941
[image-size] D:\测试\大图\拍照攻略大图-64.png: 1672x941
[image-size] D:\测试\大图\拍照攻略大图-65.png: 1672x941
[image-size] D:\测试\大图\拍照攻略大图-66.png: 1672x941
[image-size] D:\测试\大图\拍照攻略大图-67.png: 1672x941
[image-size] D:\测试\大图\拍照攻略大图-68.png: 1672x941
[image-size] D:\测试\大图\拍照攻略大图-69.png: 1672x941
[image-size] D:\测试\大图\拍照攻略大图-7.png: 1672x941
[image-size] D:\测试\大图\拍照攻略大图-70.png: 1672x941
[image-size] D:\测试\大图\拍照攻略大图-71.png: 1672x941
[image-size] D:\测试\大图\拍照攻略大图-72.png: 1672x941
[image-size] D:\测试\大图\拍照攻略大图-73.png: 1672x941
[image-size] D:\测试\大图\拍照攻略大图-74.png: 1672x941
[image-size] D:\测试\大图\拍照攻略大图-75.png: 1672x941
[image-size] D:\测试\大图\拍照攻略大图-76.png: 1672x941
[image-size] D:\测试\大图\拍照攻略大图-77.png: 1672x941
[image-size] D:\测试\大图\拍照攻略大图-78.png: 1672x941
[image-size] D:\测试\大图\拍照攻略大图-79.png: 1672x941
[image-size] D:\测试\大图\拍照攻略大图-8.png: 1672x941
[image-size] D:\测试\大图\拍照攻略大图-80.png: 1672x941
[image-size] D:\测试\大图\拍照攻略大图-81.png: 1672x941
[image-size] D:\测试\大图\拍照攻略大图-82.png: 1672x941
[image-size] D:\测试\大图\拍照攻略大图-83.png: 1672x941
[image-size] D:\测试\大图\拍照攻略大图-84.png: 1672x941
[image-size] D:\测试\大图\拍照攻略大图-85.png: 1672x941
[image-size] D:\测试\大图\拍照攻略大图-86.png: 1672x941
[image-size] D:\测试\大图\拍照攻略大图-87.png: 1672x941
[image-size] D:\测试\大图\拍照攻略大图-88.png: 1672x941
[image-size] D:\测试\大图\拍照攻略大图-89.png: 1672x941
[image-size] D:\测试\大图\拍照攻略大图-9.png: 1672x941
[image-size] D:\测试\大图\拍照攻略大图-90.png: 1672x941
[image-size] D:\测试\大图\拍照攻略大图-91.png: 1672x941
[image-size] D:\测试\大图\拍照攻略大图-92.png: 1672x941
[image-size] D:\测试\大图\拍照攻略大图-93.png: 1672x941
[image-size] D:\测试\大图\拍照攻略大图-94.png: 1672x941
[image-size] D:\测试\大图\拍照攻略大图-95.png: 1672x941
[image-size] D:\测试\大图\拍照攻略大图-96.png: 1672x941
[image-size] D:\测试\大图\拍照攻略大图-97.png: 1672x941
[image-size] D:\测试\大图\拍照攻略大图-98.png: 1672x941
[image-size] D:\测试\大图\拍照攻略大图-99.png: 1672x941
[2m11:27:32[22m [36m[1m[vite][22m[39m [90m[2m(client)[22m[39m [32mhmr update [39m[2m/src/index.css, /src/features/composite/components/BatchExportTab.tsx[22m
[image-size] D:\测试\闪屏\拍照攻略闪屏-1.png: 941x1672
[image-size] D:\测试\闪屏\拍照攻略闪屏-10.png: 941x1672
[image-size] D:\测试\闪屏\拍照攻略闪屏-100.png: 941x1672
[image-size] D:\测试\闪屏\拍照攻略闪屏-11.png: 941x1672
[image-size] D:\测试\闪屏\拍照攻略闪屏-12.png: 941x1672
[image-size] D:\测试\闪屏\拍照攻略闪屏-13.png: 941x1672
[image-size] D:\测试\闪屏\拍照攻略闪屏-14.png: 941x1672
[image-size] D:\测试\闪屏\拍照攻略闪屏-15.png: 941x1672
[image-size] D:\测试\闪屏\拍照攻略闪屏-16.png: 941x1672
[image-size] D:\测试\闪屏\拍照攻略闪屏-17.png: 941x1672
[image-size] D:\测试\闪屏\拍照攻略闪屏-18.png: 941x1672
[image-size] D:\测试\闪屏\拍照攻略闪屏-19.png: 941x1672
[image-size] D:\测试\闪屏\拍照攻略闪屏-2.png: 941x1672
[image-size] D:\测试\闪屏\拍照攻略闪屏-20.png: 941x1672
[image-size] D:\测试\闪屏\拍照攻略闪屏-21.png: 941x1672
[image-size] D:\测试\闪屏\拍照攻略闪屏-22.png: 941x1672
[image-size] D:\测试\闪屏\拍照攻略闪屏-23.png: 941x1672
[image-size] D:\测试\闪屏\拍照攻略闪屏-24.png: 941x1672
[image-size] D:\测试\闪屏\拍照攻略闪屏-25.png: 941x1672
[image-size] D:\测试\闪屏\拍照攻略闪屏-26.png: 941x1672
[image-size] D:\测试\闪屏\拍照攻略闪屏-27.png: 941x1672
[image-size] D:\测试\闪屏\拍照攻略闪屏-28.png: 941x1672
[image-size] D:\测试\闪屏\拍照攻略闪屏-29.png: 941x1672
[image-size] D:\测试\闪屏\拍照攻略闪屏-3.png: 941x1672
[image-size] D:\测试\闪屏\拍照攻略闪屏-30.png: 941x1672
[image-size] D:\测试\闪屏\拍照攻略闪屏-31.png: 941x1672
[image-size] D:\测试\闪屏\拍照攻略闪屏-32.png: 941x1672
[image-size] D:\测试\闪屏\拍照攻略闪屏-33.png: 941x1672
[image-size] D:\测试\闪屏\拍照攻略闪屏-34.png: 941x1672
[image-size] D:\测试\闪屏\拍照攻略闪屏-35.png: 941x1672
[image-size] D:\测试\闪屏\拍照攻略闪屏-36.png: 941x1672
[image-size] D:\测试\闪屏\拍照攻略闪屏-37.png: 941x1672
[image-size] D:\测试\闪屏\拍照攻略闪屏-38.png: 941x1672
[image-size] D:\测试\闪屏\拍照攻略闪屏-39.png: 941x1672
[image-size] D:\测试\闪屏\拍照攻略闪屏-4.png: 941x1672
[image-size] D:\测试\闪屏\拍照攻略闪屏-40.png: 941x1672
[image-size] D:\测试\闪屏\拍照攻略闪屏-41.png: 941x1672
[image-size] D:\测试\闪屏\拍照攻略闪屏-42.png: 941x1672
[image-size] D:\测试\闪屏\拍照攻略闪屏-43.png: 941x1672
[image-size] D:\测试\闪屏\拍照攻略闪屏-44.png: 941x1672
[image-size] D:\测试\闪屏\拍照攻略闪屏-45.png: 941x1672
[image-size] D:\测试\闪屏\拍照攻略闪屏-46.png: 941x1672
[image-size] D:\测试\闪屏\拍照攻略闪屏-47.png: 941x1672
[image-size] D:\测试\闪屏\拍照攻略闪屏-48.png: 941x1672
[image-size] D:\测试\闪屏\拍照攻略闪屏-49.png: 941x1672
[image-size] D:\测试\闪屏\拍照攻略闪屏-5.png: 941x1672
[image-size] D:\测试\闪屏\拍照攻略闪屏-50.png: 941x1672
[image-size] D:\测试\闪屏\拍照攻略闪屏-51.png: 941x1672
[image-size] D:\测试\闪屏\拍照攻略闪屏-52.png: 941x1672
[image-size] D:\测试\闪屏\拍照攻略闪屏-53.png: 941x1672
[image-size] D:\测试\闪屏\拍照攻略闪屏-54.png: 941x1672
[image-size] D:\测试\闪屏\拍照攻略闪屏-55.png: 941x1672
[image-size] D:\测试\闪屏\拍照攻略闪屏-56.png: 941x1672
[image-size] D:\测试\闪屏\拍照攻略闪屏-57.png: 941x1672
[image-size] D:\测试\闪屏\拍照攻略闪屏-58.png: 941x1672
[image-size] D:\测试\闪屏\拍照攻略闪屏-59.png: 941x1672
[image-size] D:\测试\闪屏\拍照攻略闪屏-6.png: 941x1672
[image-size] D:\测试\闪屏\拍照攻略闪屏-60.png: 941x1672
[image-size] D:\测试\闪屏\拍照攻略闪屏-61.png: 941x1672
[image-size] D:\测试\闪屏\拍照攻略闪屏-62.png: 941x1672
[image-size] D:\测试\闪屏\拍照攻略闪屏-63.png: 941x1672
[image-size] D:\测试\闪屏\拍照攻略闪屏-64.png: 941x1672
[image-size] D:\测试\闪屏\拍照攻略闪屏-65.png: 941x1672
[image-size] D:\测试\闪屏\拍照攻略闪屏-66.png: 941x1672
[image-size] D:\测试\闪屏\拍照攻略闪屏-67.png: 941x1672
[image-size] D:\测试\闪屏\拍照攻略闪屏-68.png: 941x1672
[image-size] D:\测试\闪屏\拍照攻略闪屏-69.png: 941x1672
[image-size] D:\测试\闪屏\拍照攻略闪屏-7.png: 941x1672
[image-size] D:\测试\闪屏\拍照攻略闪屏-70.png: 941x1672
[image-size] D:\测试\闪屏\拍照攻略闪屏-71.png: 941x1672
[image-size] D:\测试\闪屏\拍照攻略闪屏-72.png: 941x1672
[image-size] D:\测试\闪屏\拍照攻略闪屏-73.png: 941x1672
[image-size] D:\测试\闪屏\拍照攻略闪屏-74.png: 941x1672
[image-size] D:\测试\闪屏\拍照攻略闪屏-75.png: 941x1672
[image-size] D:\测试\闪屏\拍照攻略闪屏-76.png: 941x1672
[image-size] D:\测试\闪屏\拍照攻略闪屏-77.png: 941x1672
[image-size] D:\测试\闪屏\拍照攻略闪屏-78.png: 941x1672
[image-size] D:\测试\闪屏\拍照攻略闪屏-79.png: 941x1672
[image-size] D:\测试\闪屏\拍照攻略闪屏-8.png: 941x1672
[image-size] D:\测试\闪屏\拍照攻略闪屏-80.png: 941x1672
[image-size] D:\测试\闪屏\拍照攻略闪屏-81.png: 941x1672
[image-size] D:\测试\闪屏\拍照攻略闪屏-82.png: 941x1672
[image-size] D:\测试\闪屏\拍照攻略闪屏-83.png: 941x1672
[image-size] D:\测试\闪屏\拍照攻略闪屏-84.png: 941x1672
[image-size] D:\测试\闪屏\拍照攻略闪屏-85.png: 941x1672
[image-size] D:\测试\闪屏\拍照攻略闪屏-86.png: 941x1672
[image-size] D:\测试\闪屏\拍照攻略闪屏-87.png: 941x1672
[image-size] D:\测试\闪屏\拍照攻略闪屏-88.png: 941x1672
[image-size] D:\测试\闪屏\拍照攻略闪屏-89.png: 941x1672
[image-size] D:\测试\闪屏\拍照攻略闪屏-9.png: 941x1672
[image-size] D:\测试\闪屏\拍照攻略闪屏-90.png: 941x1672
[image-size] D:\测试\闪屏\拍照攻略闪屏-91.png: 941x1672
[image-size] D:\测试\闪屏\拍照攻略闪屏-92.png: 941x1672
[image-size] D:\测试\闪屏\拍照攻略闪屏-93.png: 941x1672
[image-size] D:\测试\闪屏\拍照攻略闪屏-94.png: 941x1672
[image-size] D:\测试\闪屏\拍照攻略闪屏-95.png: 941x1672
[image-size] D:\测试\闪屏\拍照攻略闪屏-96.png: 941x1672
[image-size] D:\测试\闪屏\拍照攻略闪屏-97.png: 941x1672
[image-size] D:\测试\闪屏\拍照攻略闪屏-98.png: 941x1672
[image-size] D:\测试\闪屏\拍照攻略闪屏-99.png: 941x1672
[image-size] D:\测试\闪屏\拍照攻略闪屏-1.png: 941x1672
[image-size] D:\测试\闪屏\拍照攻略闪屏-10.png: 941x1672
[image-size] D:\测试\闪屏\拍照攻略闪屏-100.png: 941x1672
[image-size] D:\测试\闪屏\拍照攻略闪屏-11.png: 941x1672
[image-size] D:\测试\闪屏\拍照攻略闪屏-12.png: 941x1672
[image-size] D:\测试\闪屏\拍照攻略闪屏-13.png: 941x1672
[image-size] D:\测试\闪屏\拍照攻略闪屏-14.png: 941x1672
[image-size] D:\测试\闪屏\拍照攻略闪屏-15.png: 941x1672
[image-size] D:\测试\闪屏\拍照攻略闪屏-16.png: 941x1672
[image-size] D:\测试\闪屏\拍照攻略闪屏-17.png: 941x1672
[image-size] D:\测试\闪屏\拍照攻略闪屏-18.png: 941x1672
[image-size] D:\测试\闪屏\拍照攻略闪屏-19.png: 941x1672
[image-size] D:\测试\闪屏\拍照攻略闪屏-2.png: 941x1672
[image-size] D:\测试\闪屏\拍照攻略闪屏-20.png: 941x1672
[image-size] D:\测试\闪屏\拍照攻略闪屏-21.png: 941x1672
[image-size] D:\测试\闪屏\拍照攻略闪屏-22.png: 941x1672
[image-size] D:\测试\闪屏\拍照攻略闪屏-23.png: 941x1672
[image-size] D:\测试\闪屏\拍照攻略闪屏-24.png: 941x1672
[image-size] D:\测试\闪屏\拍照攻略闪屏-25.png: 941x1672
[image-size] D:\测试\闪屏\拍照攻略闪屏-26.png: 941x1672
[image-size] D:\测试\闪屏\拍照攻略闪屏-27.png: 941x1672
[image-size] D:\测试\闪屏\拍照攻略闪屏-28.png: 941x1672
[image-size] D:\测试\闪屏\拍照攻略闪屏-29.png: 941x1672
[image-size] D:\测试\闪屏\拍照攻略闪屏-3.png: 941x1672
[image-size] D:\测试\闪屏\拍照攻略闪屏-30.png: 941x1672
[image-size] D:\测试\闪屏\拍照攻略闪屏-31.png: 941x1672
[image-size] D:\测试\闪屏\拍照攻略闪屏-32.png: 941x1672
[image-size] D:\测试\闪屏\拍照攻略闪屏-33.png: 941x1672
[image-size] D:\测试\闪屏\拍照攻略闪屏-34.png: 941x1672
[image-size] D:\测试\闪屏\拍照攻略闪屏-35.png: 941x1672
[image-size] D:\测试\闪屏\拍照攻略闪屏-36.png: 941x1672
[image-size] D:\测试\闪屏\拍照攻略闪屏-37.png: 941x1672
[image-size] D:\测试\闪屏\拍照攻略闪屏-38.png: 941x1672
[image-size] D:\测试\闪屏\拍照攻略闪屏-39.png: 941x1672
[image-size] D:\测试\闪屏\拍照攻略闪屏-4.png: 941x1672
[image-size] D:\测试\闪屏\拍照攻略闪屏-40.png: 941x1672
[image-size] D:\测试\闪屏\拍照攻略闪屏-41.png: 941x1672
[image-size] D:\测试\闪屏\拍照攻略闪屏-42.png: 941x1672
[image-size] D:\测试\闪屏\拍照攻略闪屏-43.png: 941x1672
[image-size] D:\测试\闪屏\拍照攻略闪屏-44.png: 941x1672
[image-size] D:\测试\闪屏\拍照攻略闪屏-45.png: 941x1672
[image-size] D:\测试\闪屏\拍照攻略闪屏-46.png: 941x1672
[image-size] D:\测试\闪屏\拍照攻略闪屏-47.png: 941x1672
[image-size] D:\测试\闪屏\拍照攻略闪屏-48.png: 941x1672
[image-size] D:\测试\闪屏\拍照攻略闪屏-49.png: 941x1672
[image-size] D:\测试\闪屏\拍照攻略闪屏-5.png: 941x1672
[image-size] D:\测试\闪屏\拍照攻略闪屏-50.png: 941x1672
[image-size] D:\测试\闪屏\拍照攻略闪屏-51.png: 941x1672
[image-size] D:\测试\闪屏\拍照攻略闪屏-52.png: 941x1672
[image-size] D:\测试\闪屏\拍照攻略闪屏-53.png: 941x1672
[image-size] D:\测试\闪屏\拍照攻略闪屏-54.png: 941x1672
[image-size] D:\测试\闪屏\拍照攻略闪屏-55.png: 941x1672
[image-size] D:\测试\闪屏\拍照攻略闪屏-56.png: 941x1672
[image-size] D:\测试\闪屏\拍照攻略闪屏-57.png: 941x1672
[image-size] D:\测试\闪屏\拍照攻略闪屏-58.png: 941x1672
[image-size] D:\测试\闪屏\拍照攻略闪屏-59.png: 941x1672
[image-size] D:\测试\闪屏\拍照攻略闪屏-6.png: 941x1672
[image-size] D:\测试\闪屏\拍照攻略闪屏-60.png: 941x1672
[image-size] D:\测试\闪屏\拍照攻略闪屏-61.png: 941x1672
[image-size] D:\测试\闪屏\拍照攻略闪屏-62.png: 941x1672
[image-size] D:\测试\闪屏\拍照攻略闪屏-63.png: 941x1672
[image-size] D:\测试\闪屏\拍照攻略闪屏-64.png: 941x1672
[image-size] D:\测试\闪屏\拍照攻略闪屏-65.png: 941x1672
[image-size] D:\测试\闪屏\拍照攻略闪屏-66.png: 941x1672
[image-size] D:\测试\闪屏\拍照攻略闪屏-67.png: 941x1672
[image-size] D:\测试\闪屏\拍照攻略闪屏-68.png: 941x1672
[image-size] D:\测试\闪屏\拍照攻略闪屏-69.png: 941x1672
[image-size] D:\测试\闪屏\拍照攻略闪屏-7.png: 941x1672
[image-size] D:\测试\闪屏\拍照攻略闪屏-70.png: 941x1672
[image-size] D:\测试\闪屏\拍照攻略闪屏-71.png: 941x1672
[image-size] D:\测试\闪屏\拍照攻略闪屏-72.png: 941x1672
[image-size] D:\测试\闪屏\拍照攻略闪屏-73.png: 941x1672
[image-size] D:\测试\闪屏\拍照攻略闪屏-74.png: 941x1672
[image-size] D:\测试\闪屏\拍照攻略闪屏-75.png: 941x1672
[image-size] D:\测试\闪屏\拍照攻略闪屏-76.png: 941x1672
[image-size] D:\测试\闪屏\拍照攻略闪屏-77.png: 941x1672
[image-size] D:\测试\闪屏\拍照攻略闪屏-78.png: 941x1672
[image-size] D:\测试\闪屏\拍照攻略闪屏-79.png: 941x1672
[image-size] D:\测试\闪屏\拍照攻略闪屏-8.png: 941x1672
[image-size] D:\测试\闪屏\拍照攻略闪屏-80.png: 941x1672
[image-size] D:\测试\闪屏\拍照攻略闪屏-81.png: 941x1672
[image-size] D:\测试\闪屏\拍照攻略闪屏-82.png: 941x1672
[image-size] D:\测试\闪屏\拍照攻略闪屏-83.png: 941x1672
[image-size] D:\测试\闪屏\拍照攻略闪屏-84.png: 941x1672
[image-size] D:\测试\闪屏\拍照攻略闪屏-85.png: 941x1672
[image-size] D:\测试\闪屏\拍照攻略闪屏-86.png: 941x1672
[image-size] D:\测试\闪屏\拍照攻略闪屏-87.png: 941x1672
[image-size] D:\测试\闪屏\拍照攻略闪屏-88.png: 941x1672
[image-size] D:\测试\闪屏\拍照攻略闪屏-89.png: 941x1672
[image-size] D:\测试\闪屏\拍照攻略闪屏-9.png: 941x1672
[image-size] D:\测试\闪屏\拍照攻略闪屏-90.png: 941x1672
[image-size] D:\测试\闪屏\拍照攻略闪屏-91.png: 941x1672
[image-size] D:\测试\闪屏\拍照攻略闪屏-92.png: 941x1672
[image-size] D:\测试\闪屏\拍照攻略闪屏-93.png: 941x1672
[image-size] D:\测试\闪屏\拍照攻略闪屏-94.png: 941x1672
[image-size] D:\测试\闪屏\拍照攻略闪屏-95.png: 941x1672
[image-size] D:\测试\闪屏\拍照攻略闪屏-96.png: 941x1672
[image-size] D:\测试\闪屏\拍照攻略闪屏-97.png: 941x1672
[image-size] D:\测试\闪屏\拍照攻略闪屏-98.png: 941x1672
[image-size] D:\测试\闪屏\拍照攻略闪屏-99.png: 941x1672
[image-size] D:\测试\大图\拍照攻略大图-1.png: 1672x941
[image-size] D:\测试\大图\拍照攻略大图-10.png: 1672x941
[image-size] D:\测试\大图\拍照攻略大图-100.png: 1672x941
[image-size] D:\测试\大图\拍照攻略大图-11.png: 1672x941
[image-size] D:\测试\大图\拍照攻略大图-12.png: 1672x941
[image-size] D:\测试\大图\拍照攻略大图-13.png: 1672x941
[image-size] D:\测试\大图\拍照攻略大图-14.png: 1672x941
[image-size] D:\测试\大图\拍照攻略大图-15.png: 1672x941
[image-size] D:\测试\大图\拍照攻略大图-16.png: 1672x941
[image-size] D:\测试\大图\拍照攻略大图-17.png: 1672x941
[image-size] D:\测试\大图\拍照攻略大图-18.png: 1672x941
[image-size] D:\测试\大图\拍照攻略大图-19.png: 1672x941
[image-size] D:\测试\大图\拍照攻略大图-2.png: 1672x941
[image-size] D:\测试\大图\拍照攻略大图-20.png: 1672x941
[image-size] D:\测试\大图\拍照攻略大图-21.png: 1672x941
[image-size] D:\测试\大图\拍照攻略大图-22.png: 1672x941
[image-size] D:\测试\大图\拍照攻略大图-23.png: 1672x941
[image-size] D:\测试\大图\拍照攻略大图-24.png: 1672x941
[image-size] D:\测试\大图\拍照攻略大图-25.png: 1672x941
[image-size] D:\测试\大图\拍照攻略大图-26.png: 1672x941
[image-size] D:\测试\大图\拍照攻略大图-27.png: 1672x941
[image-size] D:\测试\大图\拍照攻略大图-28.png: 1672x941
[image-size] D:\测试\大图\拍照攻略大图-29.png: 1672x941
[image-size] D:\测试\大图\拍照攻略大图-3.png: 1672x941
[image-size] D:\测试\大图\拍照攻略大图-30.png: 1672x941
[image-size] D:\测试\大图\拍照攻略大图-31.png: 1672x941
[image-size] D:\测试\大图\拍照攻略大图-32.png: 1672x941
[image-size] D:\测试\大图\拍照攻略大图-33.png: 1672x941
[image-size] D:\测试\大图\拍照攻略大图-34.png: 1672x941
[image-size] D:\测试\大图\拍照攻略大图-35.png: 1672x941
[image-size] D:\测试\大图\拍照攻略大图-36.png: 1672x941
[image-size] D:\测试\大图\拍照攻略大图-37.png: 1672x941
[image-size] D:\测试\大图\拍照攻略大图-38.png: 1672x941
[image-size] D:\测试\大图\拍照攻略大图-39.png: 1672x941
[image-size] D:\测试\大图\拍照攻略大图-4.png: 1672x941
[image-size] D:\测试\大图\拍照攻略大图-40.png: 1672x941
[image-size] D:\测试\大图\拍照攻略大图-41.png: 1672x941
[image-size] D:\测试\大图\拍照攻略大图-42.png: 1672x941
[image-size] D:\测试\大图\拍照攻略大图-43.png: 1672x941
[image-size] D:\测试\大图\拍照攻略大图-44.png: 1672x941
[image-size] D:\测试\大图\拍照攻略大图-45.png: 1672x941
[image-size] D:\测试\大图\拍照攻略大图-46.png: 1672x941
[image-size] D:\测试\大图\拍照攻略大图-47.png: 1672x941
[image-size] D:\测试\大图\拍照攻略大图-48.png: 1672x941
[image-size] D:\测试\大图\拍照攻略大图-49.png: 1672x941
[image-size] D:\测试\大图\拍照攻略大图-5.png: 1672x941
[image-size] D:\测试\大图\拍照攻略大图-50.png: 1672x941
[image-size] D:\测试\大图\拍照攻略大图-51.png: 1672x941
[image-size] D:\测试\大图\拍照攻略大图-52.png: 1672x941
[image-size] D:\测试\大图\拍照攻略大图-53.png: 1672x941
[image-size] D:\测试\大图\拍照攻略大图-54.png: 1672x941
[image-size] D:\测试\大图\拍照攻略大图-55.png: 1672x941
[image-size] D:\测试\大图\拍照攻略大图-56.png: 1672x941
[image-size] D:\测试\大图\拍照攻略大图-57.png: 1672x941
[image-size] D:\测试\大图\拍照攻略大图-58.png: 1672x941
[image-size] D:\测试\大图\拍照攻略大图-59.png: 1672x941
[image-size] D:\测试\大图\拍照攻略大图-6.png: 1672x941
[image-size] D:\测试\大图\拍照攻略大图-60.png: 1672x941
[image-size] D:\测试\大图\拍照攻略大图-61.png: 1672x941
[image-size] D:\测试\大图\拍照攻略大图-62.png: 1672x941
[image-size] D:\测试\大图\拍照攻略大图-63.png: 1672x941
[image-size] D:\测试\大图\拍照攻略大图-64.png: 1672x941
[image-size] D:\测试\大图\拍照攻略大图-65.png: 1672x941
[image-size] D:\测试\大图\拍照攻略大图-66.png: 1672x941
[image-size] D:\测试\大图\拍照攻略大图-67.png: 1672x941
[image-size] D:\测试\大图\拍照攻略大图-68.png: 1672x941
[image-size] D:\测试\大图\拍照攻略大图-69.png: 1672x941
[image-size] D:\测试\大图\拍照攻略大图-7.png: 1672x941
[image-size] D:\测试\大图\拍照攻略大图-70.png: 1672x941
[image-size] D:\测试\大图\拍照攻略大图-71.png: 1672x941
[image-size] D:\测试\大图\拍照攻略大图-72.png: 1672x941
[image-size] D:\测试\大图\拍照攻略大图-73.png: 1672x941
[image-size] D:\测试\大图\拍照攻略大图-74.png: 1672x941
[image-size] D:\测试\大图\拍照攻略大图-75.png: 1672x941
[image-size] D:\测试\大图\拍照攻略大图-76.png: 1672x941
[image-size] D:\测试\大图\拍照攻略大图-77.png: 1672x941
[image-size] D:\测试\大图\拍照攻略大图-78.png: 1672x941
[image-size] D:\测试\大图\拍照攻略大图-79.png: 1672x941
[image-size] D:\测试\大图\拍照攻略大图-8.png: 1672x941
[image-size] D:\测试\大图\拍照攻略大图-80.png: 1672x941
[image-size] D:\测试\大图\拍照攻略大图-81.png: 1672x941
[image-size] D:\测试\大图\拍照攻略大图-82.png: 1672x941
[image-size] D:\测试\大图\拍照攻略大图-83.png: 1672x941
[image-size] D:\测试\大图\拍照攻略大图-84.png: 1672x941
[image-size] D:\测试\大图\拍照攻略大图-85.png: 1672x941
[image-size] D:\测试\大图\拍照攻略大图-86.png: 1672x941
[image-size] D:\测试\大图\拍照攻略大图-87.png: 1672x941
[image-size] D:\测试\大图\拍照攻略大图-88.png: 1672x941
[image-size] D:\测试\大图\拍照攻略大图-89.png: 1672x941
[image-size] D:\测试\大图\拍照攻略大图-9.png: 1672x941
[image-size] D:\测试\大图\拍照攻略大图-90.png: 1672x941
[image-size] D:\测试\大图\拍照攻略大图-91.png: 1672x941
[image-size] D:\测试\大图\拍照攻略大图-92.png: 1672x941
[image-size] D:\测试\大图\拍照攻略大图-93.png: 1672x941
[image-size] D:\测试\大图\拍照攻略大图-94.png: 1672x941
[image-size] D:\测试\大图\拍照攻略大图-95.png: 1672x941
[image-size] D:\测试\大图\拍照攻略大图-96.png: 1672x941
[image-size] D:\测试\大图\拍照攻略大图-97.png: 1672x941
[image-size] D:\测试\大图\拍照攻略大图-98.png: 1672x941
[image-size] D:\测试\大图\拍照攻略大图-99.png: 1672x941
[2m11:32:52[22m [36m[1m[vite][22m[39m [90m[2m(client)[22m[39m [32mhmr update [39m[2m/src/index.css, /src/features/composite/components/BatchExportTab.tsx[22m
[2m11:35:27[22m [36m[1m[vite][22m[39m [90m[2m(client)[22m[39m [32mhmr update [39m[2m/src/index.css, /src/features/composite/components/BatchExportTab.tsx[22m
[2m11:35:27[22m [36m[1m[vite][22m[39m [90m[2m(client)[22m[39m [32mhmr update [39m[2m/src/index.css, /src/features/composite/components/BatchExportTab.tsx[22m
[image-size] D:\测试\闪屏\拍照攻略闪屏-1.png: 941x1672
[image-size] D:\测试\闪屏\拍照攻略闪屏-10.png: 941x1672
[image-size] D:\测试\闪屏\拍照攻略闪屏-100.png: 941x1672
[image-size] D:\测试\闪屏\拍照攻略闪屏-11.png: 941x1672
[image-size] D:\测试\闪屏\拍照攻略闪屏-12.png: 941x1672
[image-size] D:\测试\闪屏\拍照攻略闪屏-13.png: 941x1672
[image-size] D:\测试\闪屏\拍照攻略闪屏-14.png: 941x1672
[image-size] D:\测试\闪屏\拍照攻略闪屏-15.png: 941x1672
[image-size] D:\测试\闪屏\拍照攻略闪屏-16.png: 941x1672
[image-size] D:\测试\闪屏\拍照攻略闪屏-17.png: 941x1672
[image-size] D:\测试\闪屏\拍照攻略闪屏-18.png: 941x1672
[image-size] D:\测试\闪屏\拍照攻略闪屏-19.png: 941x1672
[image-size] D:\测试\闪屏\拍照攻略闪屏-2.png: 941x1672
[image-size] D:\测试\闪屏\拍照攻略闪屏-20.png: 941x1672
[image-size] D:\测试\闪屏\拍照攻略闪屏-21.png: 941x1672
[image-size] D:\测试\闪屏\拍照攻略闪屏-22.png: 941x1672
[image-size] D:\测试\闪屏\拍照攻略闪屏-23.png: 941x1672
[image-size] D:\测试\闪屏\拍照攻略闪屏-24.png: 941x1672
[image-size] D:\测试\闪屏\拍照攻略闪屏-25.png: 941x1672
[image-size] D:\测试\闪屏\拍照攻略闪屏-26.png: 941x1672
[image-size] D:\测试\闪屏\拍照攻略闪屏-27.png: 941x1672
[image-size] D:\测试\闪屏\拍照攻略闪屏-28.png: 941x1672
[image-size] D:\测试\闪屏\拍照攻略闪屏-29.png: 941x1672
[image-size] D:\测试\闪屏\拍照攻略闪屏-3.png: 941x1672
[image-size] D:\测试\闪屏\拍照攻略闪屏-30.png: 941x1672
[image-size] D:\测试\闪屏\拍照攻略闪屏-31.png: 941x1672
[image-size] D:\测试\闪屏\拍照攻略闪屏-32.png: 941x1672
[image-size] D:\测试\闪屏\拍照攻略闪屏-33.png: 941x1672
[image-size] D:\测试\闪屏\拍照攻略闪屏-34.png: 941x1672
[image-size] D:\测试\闪屏\拍照攻略闪屏-35.png: 941x1672
[image-size] D:\测试\闪屏\拍照攻略闪屏-36.png: 941x1672
[image-size] D:\测试\闪屏\拍照攻略闪屏-37.png: 941x1672
[image-size] D:\测试\闪屏\拍照攻略闪屏-38.png: 941x1672
[image-size] D:\测试\闪屏\拍照攻略闪屏-39.png: 941x1672
[image-size] D:\测试\闪屏\拍照攻略闪屏-4.png: 941x1672
[image-size] D:\测试\闪屏\拍照攻略闪屏-40.png: 941x1672
[image-size] D:\测试\闪屏\拍照攻略闪屏-41.png: 941x1672
[image-size] D:\测试\闪屏\拍照攻略闪屏-42.png: 941x1672
[image-size] D:\测试\闪屏\拍照攻略闪屏-43.png: 941x1672
[image-size] D:\测试\闪屏\拍照攻略闪屏-44.png: 941x1672
[image-size] D:\测试\闪屏\拍照攻略闪屏-45.png: 941x1672
[image-size] D:\测试\闪屏\拍照攻略闪屏-46.png: 941x1672
[image-size] D:\测试\闪屏\拍照攻略闪屏-47.png: 941x1672
[image-size] D:\测试\闪屏\拍照攻略闪屏-48.png: 941x1672
[image-size] D:\测试\闪屏\拍照攻略闪屏-49.png: 941x1672
[image-size] D:\测试\闪屏\拍照攻略闪屏-5.png: 941x1672
[image-size] D:\测试\闪屏\拍照攻略闪屏-50.png: 941x1672
[image-size] D:\测试\闪屏\拍照攻略闪屏-51.png: 941x1672
[image-size] D:\测试\闪屏\拍照攻略闪屏-52.png: 941x1672
[image-size] D:\测试\闪屏\拍照攻略闪屏-53.png: 941x1672
[image-size] D:\测试\闪屏\拍照攻略闪屏-54.png: 941x1672
[image-size] D:\测试\闪屏\拍照攻略闪屏-55.png: 941x1672
[image-size] D:\测试\闪屏\拍照攻略闪屏-56.png: 941x1672
[image-size] D:\测试\闪屏\拍照攻略闪屏-57.png: 941x1672
[image-size] D:\测试\闪屏\拍照攻略闪屏-58.png: 941x1672
[image-size] D:\测试\闪屏\拍照攻略闪屏-59.png: 941x1672
[image-size] D:\测试\闪屏\拍照攻略闪屏-6.png: 941x1672
[image-size] D:\测试\闪屏\拍照攻略闪屏-60.png: 941x1672
[image-size] D:\测试\闪屏\拍照攻略闪屏-61.png: 941x1672
[image-size] D:\测试\闪屏\拍照攻略闪屏-62.png: 941x1672
[image-size] D:\测试\闪屏\拍照攻略闪屏-63.png: 941x1672
[image-size] D:\测试\闪屏\拍照攻略闪屏-64.png: 941x1672
[image-size] D:\测试\闪屏\拍照攻略闪屏-65.png: 941x1672
[image-size] D:\测试\闪屏\拍照攻略闪屏-66.png: 941x1672
[image-size] D:\测试\闪屏\拍照攻略闪屏-67.png: 941x1672
[image-size] D:\测试\闪屏\拍照攻略闪屏-68.png: 941x1672
[image-size] D:\测试\闪屏\拍照攻略闪屏-69.png: 941x1672
[image-size] D:\测试\闪屏\拍照攻略闪屏-7.png: 941x1672
[image-size] D:\测试\闪屏\拍照攻略闪屏-70.png: 941x1672
[image-size] D:\测试\闪屏\拍照攻略闪屏-71.png: 941x1672
[image-size] D:\测试\闪屏\拍照攻略闪屏-72.png: 941x1672
[image-size] D:\测试\闪屏\拍照攻略闪屏-73.png: 941x1672
[image-size] D:\测试\闪屏\拍照攻略闪屏-74.png: 941x1672
[image-size] D:\测试\闪屏\拍照攻略闪屏-75.png: 941x1672
[image-size] D:\测试\闪屏\拍照攻略闪屏-76.png: 941x1672
[image-size] D:\测试\闪屏\拍照攻略闪屏-77.png: 941x1672
[image-size] D:\测试\闪屏\拍照攻略闪屏-78.png: 941x1672
[image-size] D:\测试\闪屏\拍照攻略闪屏-79.png: 941x1672
[image-size] D:\测试\闪屏\拍照攻略闪屏-8.png: 941x1672
[image-size] D:\测试\闪屏\拍照攻略闪屏-80.png: 941x1672
[image-size] D:\测试\闪屏\拍照攻略闪屏-81.png: 941x1672
[image-size] D:\测试\闪屏\拍照攻略闪屏-82.png: 941x1672
[image-size] D:\测试\闪屏\拍照攻略闪屏-83.png: 941x1672
[image-size] D:\测试\闪屏\拍照攻略闪屏-84.png: 941x1672
[image-size] D:\测试\闪屏\拍照攻略闪屏-85.png: 941x1672
[image-size] D:\测试\闪屏\拍照攻略闪屏-86.png: 941x1672
[image-size] D:\测试\闪屏\拍照攻略闪屏-87.png: 941x1672
[image-size] D:\测试\闪屏\拍照攻略闪屏-88.png: 941x1672
[image-size] D:\测试\闪屏\拍照攻略闪屏-89.png: 941x1672
[image-size] D:\测试\闪屏\拍照攻略闪屏-9.png: 941x1672
[image-size] D:\测试\闪屏\拍照攻略闪屏-90.png: 941x1672
[image-size] D:\测试\闪屏\拍照攻略闪屏-91.png: 941x1672
[image-size] D:\测试\闪屏\拍照攻略闪屏-92.png: 941x1672
[image-size] D:\测试\闪屏\拍照攻略闪屏-93.png: 941x1672
[image-size] D:\测试\闪屏\拍照攻略闪屏-94.png: 941x1672
[image-size] D:\测试\闪屏\拍照攻略闪屏-95.png: 941x1672
[image-size] D:\测试\闪屏\拍照攻略闪屏-96.png: 941x1672
[image-size] D:\测试\闪屏\拍照攻略闪屏-97.png: 941x1672
[image-size] D:\测试\闪屏\拍照攻略闪屏-98.png: 941x1672
[image-size] D:\测试\闪屏\拍照攻略闪屏-99.png: 941x1672
[image-size] D:\测试\大图\拍照攻略大图-1.png: 1672x941
[image-size] D:\测试\大图\拍照攻略大图-10.png: 1672x941
[image-size] D:\测试\大图\拍照攻略大图-100.png: 1672x941
[image-size] D:\测试\大图\拍照攻略大图-11.png: 1672x941
[image-size] D:\测试\大图\拍照攻略大图-12.png: 1672x941
[image-size] D:\测试\大图\拍照攻略大图-13.png: 1672x941
[image-size] D:\测试\大图\拍照攻略大图-14.png: 1672x941
[image-size] D:\测试\大图\拍照攻略大图-15.png: 1672x941
[image-size] D:\测试\大图\拍照攻略大图-16.png: 1672x941
[image-size] D:\测试\大图\拍照攻略大图-17.png: 1672x941
[image-size] D:\测试\大图\拍照攻略大图-18.png: 1672x941
[image-size] D:\测试\大图\拍照攻略大图-19.png: 1672x941
[image-size] D:\测试\大图\拍照攻略大图-2.png: 1672x941
[image-size] D:\测试\大图\拍照攻略大图-20.png: 1672x941
[image-size] D:\测试\大图\拍照攻略大图-21.png: 1672x941
[image-size] D:\测试\大图\拍照攻略大图-22.png: 1672x941
[image-size] D:\测试\大图\拍照攻略大图-23.png: 1672x941
[image-size] D:\测试\大图\拍照攻略大图-24.png: 1672x941
[image-size] D:\测试\大图\拍照攻略大图-25.png: 1672x941
[image-size] D:\测试\大图\拍照攻略大图-26.png: 1672x941
[image-size] D:\测试\大图\拍照攻略大图-27.png: 1672x941
[image-size] D:\测试\大图\拍照攻略大图-28.png: 1672x941
[image-size] D:\测试\大图\拍照攻略大图-29.png: 1672x941
[image-size] D:\测试\大图\拍照攻略大图-3.png: 1672x941
[image-size] D:\测试\大图\拍照攻略大图-30.png: 1672x941
[image-size] D:\测试\大图\拍照攻略大图-31.png: 1672x941
[image-size] D:\测试\大图\拍照攻略大图-32.png: 1672x941
[image-size] D:\测试\大图\拍照攻略大图-33.png: 1672x941
[image-size] D:\测试\大图\拍照攻略大图-34.png: 1672x941
[image-size] D:\测试\大图\拍照攻略大图-35.png: 1672x941
[image-size] D:\测试\大图\拍照攻略大图-36.png: 1672x941
[image-size] D:\测试\大图\拍照攻略大图-37.png: 1672x941
[image-size] D:\测试\大图\拍照攻略大图-38.png: 1672x941
[image-size] D:\测试\大图\拍照攻略大图-39.png: 1672x941
[image-size] D:\测试\大图\拍照攻略大图-4.png: 1672x941
[image-size] D:\测试\大图\拍照攻略大图-40.png: 1672x941
[image-size] D:\测试\大图\拍照攻略大图-41.png: 1672x941
[image-size] D:\测试\大图\拍照攻略大图-42.png: 1672x941
[image-size] D:\测试\大图\拍照攻略大图-43.png: 1672x941
[image-size] D:\测试\大图\拍照攻略大图-44.png: 1672x941
[image-size] D:\测试\大图\拍照攻略大图-45.png: 1672x941
[image-size] D:\测试\大图\拍照攻略大图-46.png: 1672x941
[image-size] D:\测试\大图\拍照攻略大图-47.png: 1672x941
[image-size] D:\测试\大图\拍照攻略大图-48.png: 1672x941
[image-size] D:\测试\大图\拍照攻略大图-49.png: 1672x941
[image-size] D:\测试\大图\拍照攻略大图-5.png: 1672x941
[image-size] D:\测试\大图\拍照攻略大图-50.png: 1672x941
[image-size] D:\测试\大图\拍照攻略大图-51.png: 1672x941
[image-size] D:\测试\大图\拍照攻略大图-52.png: 1672x941
[image-size] D:\测试\大图\拍照攻略大图-53.png: 1672x941
[image-size] D:\测试\大图\拍照攻略大图-54.png: 1672x941
[image-size] D:\测试\大图\拍照攻略大图-55.png: 1672x941
[image-size] D:\测试\大图\拍照攻略大图-56.png: 1672x941
[image-size] D:\测试\大图\拍照攻略大图-57.png: 1672x941
[image-size] D:\测试\大图\拍照攻略大图-58.png: 1672x941
[image-size] D:\测试\大图\拍照攻略大图-59.png: 1672x941
[image-size] D:\测试\大图\拍照攻略大图-6.png: 1672x941
[image-size] D:\测试\大图\拍照攻略大图-60.png: 1672x941
[image-size] D:\测试\大图\拍照攻略大图-61.png: 1672x941
[image-size] D:\测试\大图\拍照攻略大图-62.png: 1672x941
[image-size] D:\测试\大图\拍照攻略大图-63.png: 1672x941
[image-size] D:\测试\大图\拍照攻略大图-64.png: 1672x941
[image-size] D:\测试\大图\拍照攻略大图-65.png: 1672x941
[image-size] D:\测试\大图\拍照攻略大图-66.png: 1672x941
[image-size] D:\测试\大图\拍照攻略大图-67.png: 1672x941
[image-size] D:\测试\大图\拍照攻略大图-68.png: 1672x941
[image-size] D:\测试\大图\拍照攻略大图-69.png: 1672x941
[image-size] D:\测试\大图\拍照攻略大图-7.png: 1672x941
[image-size] D:\测试\大图\拍照攻略大图-70.png: 1672x941
[image-size] D:\测试\大图\拍照攻略大图-71.png: 1672x941
[image-size] D:\测试\大图\拍照攻略大图-72.png: 1672x941
[image-size] D:\测试\大图\拍照攻略大图-73.png: 1672x941
[image-size] D:\测试\大图\拍照攻略大图-74.png: 1672x941
[image-size] D:\测试\大图\拍照攻略大图-75.png: 1672x941
[image-size] D:\测试\大图\拍照攻略大图-76.png: 1672x941
[image-size] D:\测试\大图\拍照攻略大图-77.png: 1672x941
[image-size] D:\测试\大图\拍照攻略大图-78.png: 1672x941
[image-size] D:\测试\大图\拍照攻略大图-79.png: 1672x941
[image-size] D:\测试\大图\拍照攻略大图-8.png: 1672x941
[image-size] D:\测试\大图\拍照攻略大图-80.png: 1672x941
[image-size] D:\测试\大图\拍照攻略大图-81.png: 1672x941
[image-size] D:\测试\大图\拍照攻略大图-82.png: 1672x941
[image-size] D:\测试\大图\拍照攻略大图-83.png: 1672x941
[image-size] D:\测试\大图\拍照攻略大图-84.png: 1672x941
[image-size] D:\测试\大图\拍照攻略大图-85.png: 1672x941
[image-size] D:\测试\大图\拍照攻略大图-86.png: 1672x941
[image-size] D:\测试\大图\拍照攻略大图-87.png: 1672x941
[image-size] D:\测试\大图\拍照攻略大图-88.png: 1672x941
[image-size] D:\测试\大图\拍照攻略大图-89.png: 1672x941
[image-size] D:\测试\大图\拍照攻略大图-9.png: 1672x941
[image-size] D:\测试\大图\拍照攻略大图-90.png: 1672x941
[image-size] D:\测试\大图\拍照攻略大图-91.png: 1672x941
[image-size] D:\测试\大图\拍照攻略大图-92.png: 1672x941
[image-size] D:\测试\大图\拍照攻略大图-93.png: 1672x941
[image-size] D:\测试\大图\拍照攻略大图-94.png: 1672x941
[image-size] D:\测试\大图\拍照攻略大图-95.png: 1672x941
[image-size] D:\测试\大图\拍照攻略大图-96.png: 1672x941
[image-size] D:\测试\大图\拍照攻略大图-97.png: 1672x941
[image-size] D:\测试\大图\拍照攻略大图-98.png: 1672x941
[image-size] D:\测试\大图\拍照攻略大图-99.png: 1672x941
[image-size] D:\测试\闪屏\拍照攻略闪屏-1.png: 941x1672
[image-size] D:\测试\闪屏\拍照攻略闪屏-10.png: 941x1672
[image-size] D:\测试\闪屏\拍照攻略闪屏-100.png: 941x1672
[image-size] D:\测试\闪屏\拍照攻略闪屏-11.png: 941x1672
[image-size] D:\测试\闪屏\拍照攻略闪屏-12.png: 941x1672
[image-size] D:\测试\闪屏\拍照攻略闪屏-13.png: 941x1672
[image-size] D:\测试\闪屏\拍照攻略闪屏-14.png: 941x1672
[image-size] D:\测试\闪屏\拍照攻略闪屏-15.png: 941x1672
[image-size] D:\测试\闪屏\拍照攻略闪屏-16.png: 941x1672
[image-size] D:\测试\闪屏\拍照攻略闪屏-17.png: 941x1672
[image-size] D:\测试\闪屏\拍照攻略闪屏-18.png: 941x1672
[image-size] D:\测试\闪屏\拍照攻略闪屏-19.png: 941x1672
[image-size] D:\测试\闪屏\拍照攻略闪屏-2.png: 941x1672
[image-size] D:\测试\闪屏\拍照攻略闪屏-20.png: 941x1672
[image-size] D:\测试\闪屏\拍照攻略闪屏-21.png: 941x1672
[image-size] D:\测试\闪屏\拍照攻略闪屏-22.png: 941x1672
[image-size] D:\测试\闪屏\拍照攻略闪屏-23.png: 941x1672
[image-size] D:\测试\闪屏\拍照攻略闪屏-24.png: 941x1672
[image-size] D:\测试\闪屏\拍照攻略闪屏-25.png: 941x1672
[image-size] D:\测试\闪屏\拍照攻略闪屏-26.png: 941x1672
[image-size] D:\测试\闪屏\拍照攻略闪屏-27.png: 941x1672
[image-size] D:\测试\闪屏\拍照攻略闪屏-28.png: 941x1672
[image-size] D:\测试\闪屏\拍照攻略闪屏-29.png: 941x1672
[image-size] D:\测试\闪屏\拍照攻略闪屏-3.png: 941x1672
[image-size] D:\测试\闪屏\拍照攻略闪屏-30.png: 941x1672
[image-size] D:\测试\闪屏\拍照攻略闪屏-31.png: 941x1672
[image-size] D:\测试\闪屏\拍照攻略闪屏-32.png: 941x1672
[image-size] D:\测试\闪屏\拍照攻略闪屏-33.png: 941x1672
[image-size] D:\测试\闪屏\拍照攻略闪屏-34.png: 941x1672
[image-size] D:\测试\闪屏\拍照攻略闪屏-35.png: 941x1672
[image-size] D:\测试\闪屏\拍照攻略闪屏-36.png: 941x1672
[image-size] D:\测试\闪屏\拍照攻略闪屏-37.png: 941x1672
[image-size] D:\测试\闪屏\拍照攻略闪屏-38.png: 941x1672
[image-size] D:\测试\闪屏\拍照攻略闪屏-39.png: 941x1672
[image-size] D:\测试\闪屏\拍照攻略闪屏-4.png: 941x1672
[image-size] D:\测试\闪屏\拍照攻略闪屏-40.png: 941x1672
[image-size] D:\测试\闪屏\拍照攻略闪屏-41.png: 941x1672
[image-size] D:\测试\闪屏\拍照攻略闪屏-42.png: 941x1672
[image-size] D:\测试\闪屏\拍照攻略闪屏-43.png: 941x1672
[image-size] D:\测试\闪屏\拍照攻略闪屏-44.png: 941x1672
[image-size] D:\测试\闪屏\拍照攻略闪屏-45.png: 941x1672
[image-size] D:\测试\闪屏\拍照攻略闪屏-46.png: 941x1672
[image-size] D:\测试\闪屏\拍照攻略闪屏-47.png: 941x1672
[image-size] D:\测试\闪屏\拍照攻略闪屏-48.png: 941x1672
[image-size] D:\测试\闪屏\拍照攻略闪屏-49.png: 941x1672
[image-size] D:\测试\闪屏\拍照攻略闪屏-5.png: 941x1672
[image-size] D:\测试\闪屏\拍照攻略闪屏-50.png: 941x1672
[image-size] D:\测试\闪屏\拍照攻略闪屏-51.png: 941x1672
[image-size] D:\测试\闪屏\拍照攻略闪屏-52.png: 941x1672
[image-size] D:\测试\闪屏\拍照攻略闪屏-53.png: 941x1672
[image-size] D:\测试\闪屏\拍照攻略闪屏-54.png: 941x1672
[image-size] D:\测试\闪屏\拍照攻略闪屏-55.png: 941x1672
[image-size] D:\测试\闪屏\拍照攻略闪屏-56.png: 941x1672
[image-size] D:\测试\闪屏\拍照攻略闪屏-57.png: 941x1672
[image-size] D:\测试\闪屏\拍照攻略闪屏-58.png: 941x1672
[image-size] D:\测试\闪屏\拍照攻略闪屏-59.png: 941x1672
[image-size] D:\测试\闪屏\拍照攻略闪屏-6.png: 941x1672
[image-size] D:\测试\闪屏\拍照攻略闪屏-60.png: 941x1672
[image-size] D:\测试\闪屏\拍照攻略闪屏-61.png: 941x1672
[image-size] D:\测试\闪屏\拍照攻略闪屏-62.png: 941x1672
[image-size] D:\测试\闪屏\拍照攻略闪屏-63.png: 941x1672
[image-size] D:\测试\闪屏\拍照攻略闪屏-64.png: 941x1672
[image-size] D:\测试\闪屏\拍照攻略闪屏-65.png: 941x1672
[image-size] D:\测试\闪屏\拍照攻略闪屏-66.png: 941x1672
[image-size] D:\测试\闪屏\拍照攻略闪屏-67.png: 941x1672
[image-size] D:\测试\闪屏\拍照攻略闪屏-68.png: 941x1672
[image-size] D:\测试\闪屏\拍照攻略闪屏-69.png: 941x1672
[image-size] D:\测试\闪屏\拍照攻略闪屏-7.png: 941x1672
[image-size] D:\测试\闪屏\拍照攻略闪屏-70.png: 941x1672
[image-size] D:\测试\闪屏\拍照攻略闪屏-71.png: 941x1672
[image-size] D:\测试\闪屏\拍照攻略闪屏-72.png: 941x1672
[image-size] D:\测试\闪屏\拍照攻略闪屏-73.png: 941x1672
[image-size] D:\测试\闪屏\拍照攻略闪屏-74.png: 941x1672
[image-size] D:\测试\闪屏\拍照攻略闪屏-75.png: 941x1672
[image-size] D:\测试\闪屏\拍照攻略闪屏-76.png: 941x1672
[image-size] D:\测试\闪屏\拍照攻略闪屏-77.png: 941x1672
[image-size] D:\测试\闪屏\拍照攻略闪屏-78.png: 941x1672
[image-size] D:\测试\闪屏\拍照攻略闪屏-79.png: 941x1672
[image-size] D:\测试\闪屏\拍照攻略闪屏-8.png: 941x1672
[image-size] D:\测试\闪屏\拍照攻略闪屏-80.png: 941x1672
[image-size] D:\测试\闪屏\拍照攻略闪屏-81.png: 941x1672
[image-size] D:\测试\闪屏\拍照攻略闪屏-82.png: 941x1672
[image-size] D:\测试\闪屏\拍照攻略闪屏-83.png: 941x1672
[image-size] D:\测试\闪屏\拍照攻略闪屏-84.png: 941x1672
[image-size] D:\测试\闪屏\拍照攻略闪屏-85.png: 941x1672
[image-size] D:\测试\闪屏\拍照攻略闪屏-86.png: 941x1672
[image-size] D:\测试\闪屏\拍照攻略闪屏-87.png: 941x1672
[image-size] D:\测试\闪屏\拍照攻略闪屏-88.png: 941x1672
[image-size] D:\测试\闪屏\拍照攻略闪屏-89.png: 941x1672
[image-size] D:\测试\闪屏\拍照攻略闪屏-9.png: 941x1672
[image-size] D:\测试\闪屏\拍照攻略闪屏-90.png: 941x1672
[image-size] D:\测试\闪屏\拍照攻略闪屏-91.png: 941x1672
[image-size] D:\测试\闪屏\拍照攻略闪屏-92.png: 941x1672
[image-size] D:\测试\闪屏\拍照攻略闪屏-93.png: 941x1672
[image-size] D:\测试\闪屏\拍照攻略闪屏-94.png: 941x1672
[image-size] D:\测试\闪屏\拍照攻略闪屏-95.png: 941x1672
[image-size] D:\测试\闪屏\拍照攻略闪屏-96.png: 941x1672
[image-size] D:\测试\闪屏\拍照攻略闪屏-97.png: 941x1672
[image-size] D:\测试\闪屏\拍照攻略闪屏-98.png: 941x1672
[image-size] D:\测试\闪屏\拍照攻略闪屏-99.png: 941x1672
[image-size] D:\测试\闪屏\拍照攻略闪屏-1.png: 941x1672
[image-size] D:\测试\闪屏\拍照攻略闪屏-10.png: 941x1672
[image-size] D:\测试\闪屏\拍照攻略闪屏-100.png: 941x1672
[image-size] D:\测试\闪屏\拍照攻略闪屏-11.png: 941x1672
[image-size] D:\测试\闪屏\拍照攻略闪屏-12.png: 941x1672
[image-size] D:\测试\闪屏\拍照攻略闪屏-13.png: 941x1672
[image-size] D:\测试\闪屏\拍照攻略闪屏-14.png: 941x1672
[image-size] D:\测试\闪屏\拍照攻略闪屏-15.png: 941x1672
[image-size] D:\测试\闪屏\拍照攻略闪屏-16.png: 941x1672
[image-size] D:\测试\闪屏\拍照攻略闪屏-17.png: 941x1672
[image-size] D:\测试\闪屏\拍照攻略闪屏-18.png: 941x1672
[image-size] D:\测试\闪屏\拍照攻略闪屏-19.png: 941x1672
[image-size] D:\测试\闪屏\拍照攻略闪屏-2.png: 941x1672
[image-size] D:\测试\闪屏\拍照攻略闪屏-20.png: 941x1672
[image-size] D:\测试\闪屏\拍照攻略闪屏-21.png: 941x1672
[image-size] D:\测试\闪屏\拍照攻略闪屏-22.png: 941x1672
[image-size] D:\测试\闪屏\拍照攻略闪屏-23.png: 941x1672
[image-size] D:\测试\闪屏\拍照攻略闪屏-24.png: 941x1672
[image-size] D:\测试\闪屏\拍照攻略闪屏-25.png: 941x1672
[image-size] D:\测试\闪屏\拍照攻略闪屏-26.png: 941x1672
[image-size] D:\测试\闪屏\拍照攻略闪屏-27.png: 941x1672
[image-size] D:\测试\闪屏\拍照攻略闪屏-28.png: 941x1672
[image-size] D:\测试\闪屏\拍照攻略闪屏-29.png: 941x1672
[image-size] D:\测试\闪屏\拍照攻略闪屏-3.png: 941x1672
[image-size] D:\测试\闪屏\拍照攻略闪屏-30.png: 941x1672
[image-size] D:\测试\闪屏\拍照攻略闪屏-31.png: 941x1672
[image-size] D:\测试\闪屏\拍照攻略闪屏-32.png: 941x1672
[image-size] D:\测试\闪屏\拍照攻略闪屏-33.png: 941x1672
[image-size] D:\测试\闪屏\拍照攻略闪屏-34.png: 941x1672
[image-size] D:\测试\闪屏\拍照攻略闪屏-35.png: 941x1672
[image-size] D:\测试\闪屏\拍照攻略闪屏-36.png: 941x1672
[image-size] D:\测试\闪屏\拍照攻略闪屏-37.png: 941x1672
[image-size] D:\测试\闪屏\拍照攻略闪屏-38.png: 941x1672
[image-size] D:\测试\闪屏\拍照攻略闪屏-39.png: 941x1672
[image-size] D:\测试\闪屏\拍照攻略闪屏-4.png: 941x1672
[image-size] D:\测试\闪屏\拍照攻略闪屏-40.png: 941x1672
[image-size] D:\测试\闪屏\拍照攻略闪屏-41.png: 941x1672
[image-size] D:\测试\闪屏\拍照攻略闪屏-42.png: 941x1672
[image-size] D:\测试\闪屏\拍照攻略闪屏-43.png: 941x1672
[image-size] D:\测试\闪屏\拍照攻略闪屏-44.png: 941x1672
[image-size] D:\测试\闪屏\拍照攻略闪屏-45.png: 941x1672
[image-size] D:\测试\闪屏\拍照攻略闪屏-46.png: 941x1672
[image-size] D:\测试\闪屏\拍照攻略闪屏-47.png: 941x1672
[image-size] D:\测试\闪屏\拍照攻略闪屏-48.png: 941x1672
[image-size] D:\测试\闪屏\拍照攻略闪屏-49.png: 941x1672
[image-size] D:\测试\闪屏\拍照攻略闪屏-5.png: 941x1672
[image-size] D:\测试\闪屏\拍照攻略闪屏-50.png: 941x1672
[image-size] D:\测试\闪屏\拍照攻略闪屏-51.png: 941x1672
[image-size] D:\测试\闪屏\拍照攻略闪屏-52.png: 941x1672
[image-size] D:\测试\闪屏\拍照攻略闪屏-53.png: 941x1672
[image-size] D:\测试\闪屏\拍照攻略闪屏-54.png: 941x1672
[image-size] D:\测试\闪屏\拍照攻略闪屏-55.png: 941x1672
[image-size] D:\测试\闪屏\拍照攻略闪屏-56.png: 941x1672
[image-size] D:\测试\闪屏\拍照攻略闪屏-57.png: 941x1672
[image-size] D:\测试\闪屏\拍照攻略闪屏-58.png: 941x1672
[image-size] D:\测试\闪屏\拍照攻略闪屏-59.png: 941x1672
[image-size] D:\测试\闪屏\拍照攻略闪屏-6.png: 941x1672
[image-size] D:\测试\闪屏\拍照攻略闪屏-60.png: 941x1672
[image-size] D:\测试\闪屏\拍照攻略闪屏-61.png: 941x1672
[image-size] D:\测试\闪屏\拍照攻略闪屏-62.png: 941x1672
[image-size] D:\测试\闪屏\拍照攻略闪屏-63.png: 941x1672
[image-size] D:\测试\闪屏\拍照攻略闪屏-64.png: 941x1672
[image-size] D:\测试\闪屏\拍照攻略闪屏-65.png: 941x1672
[image-size] D:\测试\闪屏\拍照攻略闪屏-66.png: 941x1672
[image-size] D:\测试\闪屏\拍照攻略闪屏-67.png: 941x1672
[image-size] D:\测试\闪屏\拍照攻略闪屏-68.png: 941x1672
[image-size] D:\测试\闪屏\拍照攻略闪屏-69.png: 941x1672
[image-size] D:\测试\闪屏\拍照攻略闪屏-7.png: 941x1672
[image-size] D:\测试\闪屏\拍照攻略闪屏-70.png: 941x1672
[image-size] D:\测试\闪屏\拍照攻略闪屏-71.png: 941x1672
[image-size] D:\测试\闪屏\拍照攻略闪屏-72.png: 941x1672
[image-size] D:\测试\闪屏\拍照攻略闪屏-73.png: 941x1672
[image-size] D:\测试\闪屏\拍照攻略闪屏-74.png: 941x1672
[image-size] D:\测试\闪屏\拍照攻略闪屏-75.png: 941x1672
[image-size] D:\测试\闪屏\拍照攻略闪屏-76.png: 941x1672
[image-size] D:\测试\闪屏\拍照攻略闪屏-77.png: 941x1672
[image-size] D:\测试\闪屏\拍照攻略闪屏-78.png: 941x1672
[image-size] D:\测试\闪屏\拍照攻略闪屏-79.png: 941x1672
[image-size] D:\测试\闪屏\拍照攻略闪屏-8.png: 941x1672
[image-size] D:\测试\闪屏\拍照攻略闪屏-80.png: 941x1672
[image-size] D:\测试\闪屏\拍照攻略闪屏-81.png: 941x1672
[image-size] D:\测试\闪屏\拍照攻略闪屏-82.png: 941x1672
[image-size] D:\测试\闪屏\拍照攻略闪屏-83.png: 941x1672
[image-size] D:\测试\闪屏\拍照攻略闪屏-84.png: 941x1672
[image-size] D:\测试\闪屏\拍照攻略闪屏-85.png: 941x1672
[image-size] D:\测试\闪屏\拍照攻略闪屏-86.png: 941x1672
[image-size] D:\测试\闪屏\拍照攻略闪屏-87.png: 941x1672
[image-size] D:\测试\闪屏\拍照攻略闪屏-88.png: 941x1672
[image-size] D:\测试\闪屏\拍照攻略闪屏-89.png: 941x1672
[image-size] D:\测试\闪屏\拍照攻略闪屏-9.png: 941x1672
[image-size] D:\测试\闪屏\拍照攻略闪屏-90.png: 941x1672
[image-size] D:\测试\闪屏\拍照攻略闪屏-91.png: 941x1672
[image-size] D:\测试\闪屏\拍照攻略闪屏-92.png: 941x1672
[image-size] D:\测试\闪屏\拍照攻略闪屏-93.png: 941x1672
[image-size] D:\测试\闪屏\拍照攻略闪屏-94.png: 941x1672
[image-size] D:\测试\闪屏\拍照攻略闪屏-95.png: 941x1672
[image-size] D:\测试\闪屏\拍照攻略闪屏-96.png: 941x1672
[image-size] D:\测试\闪屏\拍照攻略闪屏-97.png: 941x1672
[image-size] D:\测试\闪屏\拍照攻略闪屏-98.png: 941x1672
[image-size] D:\测试\闪屏\拍照攻略闪屏-99.png: 941x1672
[image-size] D:\测试\大图\拍照攻略大图-1.png: 1672x941
[image-size] D:\测试\大图\拍照攻略大图-10.png: 1672x941
[image-size] D:\测试\大图\拍照攻略大图-100.png: 1672x941
[image-size] D:\测试\大图\拍照攻略大图-11.png: 1672x941
[image-size] D:\测试\大图\拍照攻略大图-12.png: 1672x941
[image-size] D:\测试\大图\拍照攻略大图-13.png: 1672x941
[image-size] D:\测试\大图\拍照攻略大图-14.png: 1672x941
[image-size] D:\测试\大图\拍照攻略大图-15.png: 1672x941
[image-size] D:\测试\大图\拍照攻略大图-16.png: 1672x941
[image-size] D:\测试\大图\拍照攻略大图-17.png: 1672x941
[image-size] D:\测试\大图\拍照攻略大图-18.png: 1672x941
[image-size] D:\测试\大图\拍照攻略大图-19.png: 1672x941
[image-size] D:\测试\大图\拍照攻略大图-2.png: 1672x941
[image-size] D:\测试\大图\拍照攻略大图-20.png: 1672x941
[image-size] D:\测试\大图\拍照攻略大图-21.png: 1672x941
[image-size] D:\测试\大图\拍照攻略大图-22.png: 1672x941
[image-size] D:\测试\大图\拍照攻略大图-23.png: 1672x941
[image-size] D:\测试\大图\拍照攻略大图-24.png: 1672x941
[image-size] D:\测试\大图\拍照攻略大图-25.png: 1672x941
[image-size] D:\测试\大图\拍照攻略大图-26.png: 1672x941
[image-size] D:\测试\大图\拍照攻略大图-27.png: 1672x941
[image-size] D:\测试\大图\拍照攻略大图-28.png: 1672x941
[image-size] D:\测试\大图\拍照攻略大图-29.png: 1672x941
[image-size] D:\测试\大图\拍照攻略大图-3.png: 1672x941
[image-size] D:\测试\大图\拍照攻略大图-30.png: 1672x941
[image-size] D:\测试\大图\拍照攻略大图-31.png: 1672x941
[image-size] D:\测试\大图\拍照攻略大图-32.png: 1672x941
[image-size] D:\测试\大图\拍照攻略大图-33.png: 1672x941
[image-size] D:\测试\大图\拍照攻略大图-34.png: 1672x941
[image-size] D:\测试\大图\拍照攻略大图-35.png: 1672x941
[image-size] D:\测试\大图\拍照攻略大图-36.png: 1672x941
[image-size] D:\测试\大图\拍照攻略大图-37.png: 1672x941
[image-size] D:\测试\大图\拍照攻略大图-38.png: 1672x941
[image-size] D:\测试\大图\拍照攻略大图-39.png: 1672x941
[image-size] D:\测试\大图\拍照攻略大图-4.png: 1672x941
[image-size] D:\测试\大图\拍照攻略大图-40.png: 1672x941
[image-size] D:\测试\大图\拍照攻略大图-41.png: 1672x941
[image-size] D:\测试\大图\拍照攻略大图-42.png: 1672x941
[image-size] D:\测试\大图\拍照攻略大图-43.png: 1672x941
[image-size] D:\测试\大图\拍照攻略大图-44.png: 1672x941
[image-size] D:\测试\大图\拍照攻略大图-45.png: 1672x941
[image-size] D:\测试\大图\拍照攻略大图-46.png: 1672x941
[image-size] D:\测试\大图\拍照攻略大图-47.png: 1672x941
[image-size] D:\测试\大图\拍照攻略大图-48.png: 1672x941
[image-size] D:\测试\大图\拍照攻略大图-49.png: 1672x941
[image-size] D:\测试\大图\拍照攻略大图-5.png: 1672x941
[image-size] D:\测试\大图\拍照攻略大图-50.png: 1672x941
[image-size] D:\测试\大图\拍照攻略大图-51.png: 1672x941
[image-size] D:\测试\大图\拍照攻略大图-52.png: 1672x941
[image-size] D:\测试\大图\拍照攻略大图-53.png: 1672x941
[image-size] D:\测试\大图\拍照攻略大图-54.png: 1672x941
[image-size] D:\测试\大图\拍照攻略大图-55.png: 1672x941
[image-size] D:\测试\大图\拍照攻略大图-56.png: 1672x941
[image-size] D:\测试\大图\拍照攻略大图-57.png: 1672x941
[image-size] D:\测试\大图\拍照攻略大图-58.png: 1672x941
[image-size] D:\测试\大图\拍照攻略大图-59.png: 1672x941
[image-size] D:\测试\大图\拍照攻略大图-6.png: 1672x941
[image-size] D:\测试\大图\拍照攻略大图-60.png: 1672x941
[image-size] D:\测试\大图\拍照攻略大图-61.png: 1672x941
[image-size] D:\测试\大图\拍照攻略大图-62.png: 1672x941
[image-size] D:\测试\大图\拍照攻略大图-63.png: 1672x941
[image-size] D:\测试\大图\拍照攻略大图-64.png: 1672x941
[image-size] D:\测试\大图\拍照攻略大图-65.png: 1672x941
[image-size] D:\测试\大图\拍照攻略大图-66.png: 1672x941
[image-size] D:\测试\大图\拍照攻略大图-67.png: 1672x941
[image-size] D:\测试\大图\拍照攻略大图-68.png: 1672x941
[image-size] D:\测试\大图\拍照攻略大图-69.png: 1672x941
[image-size] D:\测试\大图\拍照攻略大图-7.png: 1672x941
[image-size] D:\测试\大图\拍照攻略大图-70.png: 1672x941
[image-size] D:\测试\大图\拍照攻略大图-71.png: 1672x941
[image-size] D:\测试\大图\拍照攻略大图-72.png: 1672x941
[image-size] D:\测试\大图\拍照攻略大图-73.png: 1672x941
[image-size] D:\测试\大图\拍照攻略大图-74.png: 1672x941
[image-size] D:\测试\大图\拍照攻略大图-75.png: 1672x941
[image-size] D:\测试\大图\拍照攻略大图-76.png: 1672x941
[image-size] D:\测试\大图\拍照攻略大图-77.png: 1672x941
[image-size] D:\测试\大图\拍照攻略大图-78.png: 1672x941
[image-size] D:\测试\大图\拍照攻略大图-79.png: 1672x941
[image-size] D:\测试\大图\拍照攻略大图-8.png: 1672x941
[image-size] D:\测试\大图\拍照攻略大图-80.png: 1672x941
[image-size] D:\测试\大图\拍照攻略大图-81.png: 1672x941
[image-size] D:\测试\大图\拍照攻略大图-82.png: 1672x941
[image-size] D:\测试\大图\拍照攻略大图-83.png: 1672x941
[image-size] D:\测试\大图\拍照攻略大图-84.png: 1672x941
[image-size] D:\测试\大图\拍照攻略大图-85.png: 1672x941
[image-size] D:\测试\大图\拍照攻略大图-86.png: 1672x941
[image-size] D:\测试\大图\拍照攻略大图-87.png: 1672x941
[image-size] D:\测试\大图\拍照攻略大图-88.png: 1672x941
[image-size] D:\测试\大图\拍照攻略大图-89.png: 1672x941
[image-size] D:\测试\大图\拍照攻略大图-9.png: 1672x941
[image-size] D:\测试\大图\拍照攻略大图-90.png: 1672x941
[image-size] D:\测试\大图\拍照攻略大图-91.png: 1672x941
[image-size] D:\测试\大图\拍照攻略大图-92.png: 1672x941
[image-size] D:\测试\大图\拍照攻略大图-93.png: 1672x941
[image-size] D:\测试\大图\拍照攻略大图-94.png: 1672x941
[image-size] D:\测试\大图\拍照攻略大图-95.png: 1672x941
[image-size] D:\测试\大图\拍照攻略大图-96.png: 1672x941
[image-size] D:\测试\大图\拍照攻略大图-97.png: 1672x941
[image-size] D:\测试\大图\拍照攻略大图-98.png: 1672x941
[image-size] D:\测试\大图\拍照攻略大图-99.png: 1672x941
[image-size] D:\测试\闪屏\拍照攻略闪屏-1.png: 941x1672
[image-size] D:\测试\闪屏\拍照攻略闪屏-10.png: 941x1672
[image-size] D:\测试\闪屏\拍照攻略闪屏-100.png: 941x1672
[image-size] D:\测试\闪屏\拍照攻略闪屏-11.png: 941x1672
[image-size] D:\测试\闪屏\拍照攻略闪屏-12.png: 941x1672
[image-size] D:\测试\闪屏\拍照攻略闪屏-13.png: 941x1672
[image-size] D:\测试\闪屏\拍照攻略闪屏-14.png: 941x1672
[image-size] D:\测试\闪屏\拍照攻略闪屏-15.png: 941x1672
[image-size] D:\测试\闪屏\拍照攻略闪屏-16.png: 941x1672
[image-size] D:\测试\闪屏\拍照攻略闪屏-17.png: 941x1672
[image-size] D:\测试\闪屏\拍照攻略闪屏-18.png: 941x1672
[image-size] D:\测试\闪屏\拍照攻略闪屏-19.png: 941x1672
[image-size] D:\测试\闪屏\拍照攻略闪屏-2.png: 941x1672
[image-size] D:\测试\闪屏\拍照攻略闪屏-20.png: 941x1672
[image-size] D:\测试\闪屏\拍照攻略闪屏-21.png: 941x1672
[image-size] D:\测试\闪屏\拍照攻略闪屏-22.png: 941x1672
[image-size] D:\测试\闪屏\拍照攻略闪屏-23.png: 941x1672
[image-size] D:\测试\闪屏\拍照攻略闪屏-24.png: 941x1672
[image-size] D:\测试\闪屏\拍照攻略闪屏-25.png: 941x1672
[image-size] D:\测试\闪屏\拍照攻略闪屏-26.png: 941x1672
[image-size] D:\测试\闪屏\拍照攻略闪屏-27.png: 941x1672
[image-size] D:\测试\闪屏\拍照攻略闪屏-28.png: 941x1672
[image-size] D:\测试\闪屏\拍照攻略闪屏-29.png: 941x1672
[image-size] D:\测试\闪屏\拍照攻略闪屏-3.png: 941x1672
[image-size] D:\测试\闪屏\拍照攻略闪屏-30.png: 941x1672
[image-size] D:\测试\闪屏\拍照攻略闪屏-31.png: 941x1672
[image-size] D:\测试\闪屏\拍照攻略闪屏-32.png: 941x1672
[image-size] D:\测试\闪屏\拍照攻略闪屏-33.png: 941x1672
[image-size] D:\测试\闪屏\拍照攻略闪屏-34.png: 941x1672
[image-size] D:\测试\闪屏\拍照攻略闪屏-35.png: 941x1672
[image-size] D:\测试\闪屏\拍照攻略闪屏-36.png: 941x1672
[image-size] D:\测试\闪屏\拍照攻略闪屏-37.png: 941x1672
[image-size] D:\测试\闪屏\拍照攻略闪屏-38.png: 941x1672
[image-size] D:\测试\闪屏\拍照攻略闪屏-39.png: 941x1672
[image-size] D:\测试\闪屏\拍照攻略闪屏-4.png: 941x1672
[image-size] D:\测试\闪屏\拍照攻略闪屏-40.png: 941x1672
[image-size] D:\测试\闪屏\拍照攻略闪屏-41.png: 941x1672
[image-size] D:\测试\闪屏\拍照攻略闪屏-42.png: 941x1672
[image-size] D:\测试\闪屏\拍照攻略闪屏-43.png: 941x1672
[image-size] D:\测试\闪屏\拍照攻略闪屏-44.png: 941x1672
[image-size] D:\测试\闪屏\拍照攻略闪屏-45.png: 941x1672
[image-size] D:\测试\闪屏\拍照攻略闪屏-46.png: 941x1672
[image-size] D:\测试\闪屏\拍照攻略闪屏-47.png: 941x1672
[image-size] D:\测试\闪屏\拍照攻略闪屏-48.png: 941x1672
[image-size] D:\测试\闪屏\拍照攻略闪屏-49.png: 941x1672
[image-size] D:\测试\闪屏\拍照攻略闪屏-5.png: 941x1672
[image-size] D:\测试\闪屏\拍照攻略闪屏-50.png: 941x1672
[image-size] D:\测试\闪屏\拍照攻略闪屏-51.png: 941x1672
[image-size] D:\测试\闪屏\拍照攻略闪屏-52.png: 941x1672
[image-size] D:\测试\闪屏\拍照攻略闪屏-53.png: 941x1672
[image-size] D:\测试\闪屏\拍照攻略闪屏-54.png: 941x1672
[image-size] D:\测试\闪屏\拍照攻略闪屏-55.png: 941x1672
[image-size] D:\测试\闪屏\拍照攻略闪屏-56.png: 941x1672
[image-size] D:\测试\闪屏\拍照攻略闪屏-57.png: 941x1672
[image-size] D:\测试\闪屏\拍照攻略闪屏-58.png: 941x1672
[image-size] D:\测试\闪屏\拍照攻略闪屏-59.png: 941x1672
[image-size] D:\测试\闪屏\拍照攻略闪屏-6.png: 941x1672
[image-size] D:\测试\闪屏\拍照攻略闪屏-60.png: 941x1672
[image-size] D:\测试\闪屏\拍照攻略闪屏-61.png: 941x1672
[image-size] D:\测试\闪屏\拍照攻略闪屏-62.png: 941x1672
[image-size] D:\测试\闪屏\拍照攻略闪屏-63.png: 941x1672
[image-size] D:\测试\闪屏\拍照攻略闪屏-64.png: 941x1672
[image-size] D:\测试\闪屏\拍照攻略闪屏-65.png: 941x1672
[image-size] D:\测试\闪屏\拍照攻略闪屏-66.png: 941x1672
[image-size] D:\测试\闪屏\拍照攻略闪屏-67.png: 941x1672
[image-size] D:\测试\闪屏\拍照攻略闪屏-68.png: 941x1672
[image-size] D:\测试\闪屏\拍照攻略闪屏-69.png: 941x1672
[image-size] D:\测试\闪屏\拍照攻略闪屏-7.png: 941x1672
[image-size] D:\测试\闪屏\拍照攻略闪屏-70.png: 941x1672
[image-size] D:\测试\闪屏\拍照攻略闪屏-71.png: 941x1672
[image-size] D:\测试\闪屏\拍照攻略闪屏-72.png: 941x1672
[image-size] D:\测试\闪屏\拍照攻略闪屏-73.png: 941x1672
[image-size] D:\测试\闪屏\拍照攻略闪屏-74.png: 941x1672
[image-size] D:\测试\闪屏\拍照攻略闪屏-75.png: 941x1672
[image-size] D:\测试\闪屏\拍照攻略闪屏-76.png: 941x1672
[image-size] D:\测试\闪屏\拍照攻略闪屏-77.png: 941x1672
[image-size] D:\测试\闪屏\拍照攻略闪屏-78.png: 941x1672
[image-size] D:\测试\闪屏\拍照攻略闪屏-79.png: 941x1672
[image-size] D:\测试\闪屏\拍照攻略闪屏-8.png: 941x1672
[image-size] D:\测试\闪屏\拍照攻略闪屏-80.png: 941x1672
[image-size] D:\测试\闪屏\拍照攻略闪屏-81.png: 941x1672
[image-size] D:\测试\闪屏\拍照攻略闪屏-82.png: 941x1672
[image-size] D:\测试\闪屏\拍照攻略闪屏-83.png: 941x1672
[image-size] D:\测试\闪屏\拍照攻略闪屏-84.png: 941x1672
[image-size] D:\测试\闪屏\拍照攻略闪屏-85.png: 941x1672
[image-size] D:\测试\闪屏\拍照攻略闪屏-86.png: 941x1672
[image-size] D:\测试\闪屏\拍照攻略闪屏-87.png: 941x1672
[image-size] D:\测试\闪屏\拍照攻略闪屏-88.png: 941x1672
[image-size] D:\测试\闪屏\拍照攻略闪屏-89.png: 941x1672
[image-size] D:\测试\闪屏\拍照攻略闪屏-9.png: 941x1672
[image-size] D:\测试\闪屏\拍照攻略闪屏-90.png: 941x1672
[image-size] D:\测试\闪屏\拍照攻略闪屏-91.png: 941x1672
[image-size] D:\测试\闪屏\拍照攻略闪屏-92.png: 941x1672
[image-size] D:\测试\闪屏\拍照攻略闪屏-93.png: 941x1672
[image-size] D:\测试\闪屏\拍照攻略闪屏-94.png: 941x1672
[image-size] D:\测试\闪屏\拍照攻略闪屏-95.png: 941x1672
[image-size] D:\测试\闪屏\拍照攻略闪屏-96.png: 941x1672
[image-size] D:\测试\闪屏\拍照攻略闪屏-97.png: 941x1672
[image-size] D:\测试\闪屏\拍照攻略闪屏-98.png: 941x1672
[image-size] D:\测试\闪屏\拍照攻略闪屏-99.png: 941x1672
[image-size] D:\测试\闪屏\拍照攻略闪屏-1.png: 941x1672
[image-size] D:\测试\闪屏\拍照攻略闪屏-10.png: 941x1672
[image-size] D:\测试\闪屏\拍照攻略闪屏-100.png: 941x1672
[image-size] D:\测试\闪屏\拍照攻略闪屏-11.png: 941x1672
[image-size] D:\测试\闪屏\拍照攻略闪屏-12.png: 941x1672
[image-size] D:\测试\闪屏\拍照攻略闪屏-13.png: 941x1672
[image-size] D:\测试\闪屏\拍照攻略闪屏-14.png: 941x1672
[image-size] D:\测试\闪屏\拍照攻略闪屏-15.png: 941x1672
[image-size] D:\测试\闪屏\拍照攻略闪屏-16.png: 941x1672
[image-size] D:\测试\闪屏\拍照攻略闪屏-17.png: 941x1672
[image-size] D:\测试\闪屏\拍照攻略闪屏-18.png: 941x1672
[image-size] D:\测试\闪屏\拍照攻略闪屏-19.png: 941x1672
[image-size] D:\测试\闪屏\拍照攻略闪屏-2.png: 941x1672
[image-size] D:\测试\闪屏\拍照攻略闪屏-20.png: 941x1672
[image-size] D:\测试\闪屏\拍照攻略闪屏-21.png: 941x1672
[image-size] D:\测试\闪屏\拍照攻略闪屏-22.png: 941x1672
[image-size] D:\测试\闪屏\拍照攻略闪屏-23.png: 941x1672
[image-size] D:\测试\闪屏\拍照攻略闪屏-24.png: 941x1672
[image-size] D:\测试\闪屏\拍照攻略闪屏-25.png: 941x1672
[image-size] D:\测试\闪屏\拍照攻略闪屏-26.png: 941x1672
[image-size] D:\测试\闪屏\拍照攻略闪屏-27.png: 941x1672
[image-size] D:\测试\闪屏\拍照攻略闪屏-28.png: 941x1672
[image-size] D:\测试\闪屏\拍照攻略闪屏-29.png: 941x1672
[image-size] D:\测试\闪屏\拍照攻略闪屏-3.png: 941x1672
[image-size] D:\测试\闪屏\拍照攻略闪屏-30.png: 941x1672
[image-size] D:\测试\闪屏\拍照攻略闪屏-31.png: 941x1672
[image-size] D:\测试\闪屏\拍照攻略闪屏-32.png: 941x1672
[image-size] D:\测试\闪屏\拍照攻略闪屏-33.png: 941x1672
[image-size] D:\测试\闪屏\拍照攻略闪屏-34.png: 941x1672
[image-size] D:\测试\闪屏\拍照攻略闪屏-35.png: 941x1672
[image-size] D:\测试\闪屏\拍照攻略闪屏-36.png: 941x1672
[image-size] D:\测试\闪屏\拍照攻略闪屏-37.png: 941x1672
[image-size] D:\测试\闪屏\拍照攻略闪屏-38.png: 941x1672
[image-size] D:\测试\闪屏\拍照攻略闪屏-39.png: 941x1672
[image-size] D:\测试\闪屏\拍照攻略闪屏-4.png: 941x1672
[image-size] D:\测试\闪屏\拍照攻略闪屏-40.png: 941x1672
[image-size] D:\测试\闪屏\拍照攻略闪屏-41.png: 941x1672
[image-size] D:\测试\闪屏\拍照攻略闪屏-42.png: 941x1672
[image-size] D:\测试\闪屏\拍照攻略闪屏-43.png: 941x1672
[image-size] D:\测试\闪屏\拍照攻略闪屏-44.png: 941x1672
[image-size] D:\测试\闪屏\拍照攻略闪屏-45.png: 941x1672
[image-size] D:\测试\闪屏\拍照攻略闪屏-46.png: 941x1672
[image-size] D:\测试\闪屏\拍照攻略闪屏-47.png: 941x1672
[image-size] D:\测试\闪屏\拍照攻略闪屏-48.png: 941x1672
[image-size] D:\测试\闪屏\拍照攻略闪屏-49.png: 941x1672
[image-size] D:\测试\闪屏\拍照攻略闪屏-5.png: 941x1672
[image-size] D:\测试\闪屏\拍照攻略闪屏-50.png: 941x1672
[image-size] D:\测试\闪屏\拍照攻略闪屏-51.png: 941x1672
[image-size] D:\测试\闪屏\拍照攻略闪屏-52.png: 941x1672
[image-size] D:\测试\闪屏\拍照攻略闪屏-53.png: 941x1672
[image-size] D:\测试\闪屏\拍照攻略闪屏-54.png: 941x1672
[image-size] D:\测试\闪屏\拍照攻略闪屏-55.png: 941x1672
[image-size] D:\测试\闪屏\拍照攻略闪屏-56.png: 941x1672
[image-size] D:\测试\闪屏\拍照攻略闪屏-57.png: 941x1672
[image-size] D:\测试\闪屏\拍照攻略闪屏-58.png: 941x1672
[image-size] D:\测试\闪屏\拍照攻略闪屏-59.png: 941x1672
[image-size] D:\测试\闪屏\拍照攻略闪屏-6.png: 941x1672
[image-size] D:\测试\闪屏\拍照攻略闪屏-60.png: 941x1672
[image-size] D:\测试\闪屏\拍照攻略闪屏-61.png: 941x1672
[image-size] D:\测试\闪屏\拍照攻略闪屏-62.png: 941x1672
[image-size] D:\测试\闪屏\拍照攻略闪屏-63.png: 941x1672
[image-size] D:\测试\闪屏\拍照攻略闪屏-64.png: 941x1672
[image-size] D:\测试\闪屏\拍照攻略闪屏-65.png: 941x1672
[image-size] D:\测试\闪屏\拍照攻略闪屏-66.png: 941x1672
[image-size] D:\测试\闪屏\拍照攻略闪屏-67.png: 941x1672
[image-size] D:\测试\闪屏\拍照攻略闪屏-68.png: 941x1672
[image-size] D:\测试\闪屏\拍照攻略闪屏-69.png: 941x1672
[image-size] D:\测试\闪屏\拍照攻略闪屏-7.png: 941x1672
[image-size] D:\测试\闪屏\拍照攻略闪屏-70.png: 941x1672
[image-size] D:\测试\闪屏\拍照攻略闪屏-71.png: 941x1672
[image-size] D:\测试\闪屏\拍照攻略闪屏-72.png: 941x1672
[image-size] D:\测试\闪屏\拍照攻略闪屏-73.png: 941x1672
[image-size] D:\测试\闪屏\拍照攻略闪屏-74.png: 941x1672
[image-size] D:\测试\闪屏\拍照攻略闪屏-75.png: 941x1672
[image-size] D:\测试\闪屏\拍照攻略闪屏-76.png: 941x1672
[image-size] D:\测试\闪屏\拍照攻略闪屏-77.png: 941x1672
[image-size] D:\测试\闪屏\拍照攻略闪屏-78.png: 941x1672
[image-size] D:\测试\闪屏\拍照攻略闪屏-79.png: 941x1672
[image-size] D:\测试\闪屏\拍照攻略闪屏-8.png: 941x1672
[image-size] D:\测试\闪屏\拍照攻略闪屏-80.png: 941x1672
[image-size] D:\测试\闪屏\拍照攻略闪屏-81.png: 941x1672
[image-size] D:\测试\闪屏\拍照攻略闪屏-82.png: 941x1672
[image-size] D:\测试\闪屏\拍照攻略闪屏-83.png: 941x1672
[image-size] D:\测试\闪屏\拍照攻略闪屏-84.png: 941x1672
[image-size] D:\测试\闪屏\拍照攻略闪屏-85.png: 941x1672
[image-size] D:\测试\闪屏\拍照攻略闪屏-86.png: 941x1672
[image-size] D:\测试\闪屏\拍照攻略闪屏-87.png: 941x1672
[image-size] D:\测试\闪屏\拍照攻略闪屏-88.png: 941x1672
[image-size] D:\测试\闪屏\拍照攻略闪屏-89.png: 941x1672
[image-size] D:\测试\闪屏\拍照攻略闪屏-9.png: 941x1672
[image-size] D:\测试\闪屏\拍照攻略闪屏-90.png: 941x1672
[image-size] D:\测试\闪屏\拍照攻略闪屏-91.png: 941x1672
[image-size] D:\测试\闪屏\拍照攻略闪屏-92.png: 941x1672
[image-size] D:\测试\闪屏\拍照攻略闪屏-93.png: 941x1672
[image-size] D:\测试\闪屏\拍照攻略闪屏-94.png: 941x1672
[image-size] D:\测试\闪屏\拍照攻略闪屏-95.png: 941x1672
[image-size] D:\测试\闪屏\拍照攻略闪屏-96.png: 941x1672
[image-size] D:\测试\闪屏\拍照攻略闪屏-97.png: 941x1672
[image-size] D:\测试\闪屏\拍照攻略闪屏-98.png: 941x1672
[image-size] D:\测试\闪屏\拍照攻略闪屏-99.png: 941x1672
[image-size] D:\测试\大图\拍照攻略大图-1.png: 1672x941
[image-size] D:\测试\大图\拍照攻略大图-10.png: 1672x941
[image-size] D:\测试\大图\拍照攻略大图-100.png: 1672x941
[image-size] D:\测试\大图\拍照攻略大图-11.png: 1672x941
[image-size] D:\测试\大图\拍照攻略大图-12.png: 1672x941
[image-size] D:\测试\大图\拍照攻略大图-13.png: 1672x941
[image-size] D:\测试\大图\拍照攻略大图-14.png: 1672x941
[image-size] D:\测试\大图\拍照攻略大图-15.png: 1672x941
[image-size] D:\测试\大图\拍照攻略大图-16.png: 1672x941
[image-size] D:\测试\大图\拍照攻略大图-17.png: 1672x941
[image-size] D:\测试\大图\拍照攻略大图-18.png: 1672x941
[image-size] D:\测试\大图\拍照攻略大图-19.png: 1672x941
[image-size] D:\测试\大图\拍照攻略大图-2.png: 1672x941
[image-size] D:\测试\大图\拍照攻略大图-20.png: 1672x941
[image-size] D:\测试\大图\拍照攻略大图-21.png: 1672x941
[image-size] D:\测试\大图\拍照攻略大图-22.png: 1672x941
[image-size] D:\测试\大图\拍照攻略大图-23.png: 1672x941
[image-size] D:\测试\大图\拍照攻略大图-24.png: 1672x941
[image-size] D:\测试\大图\拍照攻略大图-25.png: 1672x941
[image-size] D:\测试\大图\拍照攻略大图-26.png: 1672x941
[image-size] D:\测试\大图\拍照攻略大图-27.png: 1672x941
[image-size] D:\测试\大图\拍照攻略大图-28.png: 1672x941
[image-size] D:\测试\大图\拍照攻略大图-29.png: 1672x941
[image-size] D:\测试\大图\拍照攻略大图-3.png: 1672x941
[image-size] D:\测试\大图\拍照攻略大图-30.png: 1672x941
[image-size] D:\测试\大图\拍照攻略大图-31.png: 1672x941
[image-size] D:\测试\大图\拍照攻略大图-32.png: 1672x941
[image-size] D:\测试\大图\拍照攻略大图-33.png: 1672x941
[image-size] D:\测试\大图\拍照攻略大图-34.png: 1672x941
[image-size] D:\测试\大图\拍照攻略大图-35.png: 1672x941
[image-size] D:\测试\大图\拍照攻略大图-36.png: 1672x941
[image-size] D:\测试\大图\拍照攻略大图-37.png: 1672x941
[image-size] D:\测试\大图\拍照攻略大图-38.png: 1672x941
[image-size] D:\测试\大图\拍照攻略大图-39.png: 1672x941
[image-size] D:\测试\大图\拍照攻略大图-4.png: 1672x941
[image-size] D:\测试\大图\拍照攻略大图-40.png: 1672x941
[image-size] D:\测试\大图\拍照攻略大图-41.png: 1672x941
[image-size] D:\测试\大图\拍照攻略大图-42.png: 1672x941
[image-size] D:\测试\大图\拍照攻略大图-43.png: 1672x941
[image-size] D:\测试\大图\拍照攻略大图-44.png: 1672x941
[image-size] D:\测试\大图\拍照攻略大图-45.png: 1672x941
[image-size] D:\测试\大图\拍照攻略大图-46.png: 1672x941
[image-size] D:\测试\大图\拍照攻略大图-47.png: 1672x941
[image-size] D:\测试\大图\拍照攻略大图-48.png: 1672x941
[image-size] D:\测试\大图\拍照攻略大图-49.png: 1672x941
[image-size] D:\测试\大图\拍照攻略大图-5.png: 1672x941
[image-size] D:\测试\大图\拍照攻略大图-50.png: 1672x941
[image-size] D:\测试\大图\拍照攻略大图-51.png: 1672x941
[image-size] D:\测试\大图\拍照攻略大图-52.png: 1672x941
[image-size] D:\测试\大图\拍照攻略大图-53.png: 1672x941
[image-size] D:\测试\大图\拍照攻略大图-54.png: 1672x941
[image-size] D:\测试\大图\拍照攻略大图-55.png: 1672x941
[image-size] D:\测试\大图\拍照攻略大图-56.png: 1672x941
[image-size] D:\测试\大图\拍照攻略大图-57.png: 1672x941
[image-size] D:\测试\大图\拍照攻略大图-58.png: 1672x941
[image-size] D:\测试\大图\拍照攻略大图-59.png: 1672x941
[image-size] D:\测试\大图\拍照攻略大图-6.png: 1672x941
[image-size] D:\测试\大图\拍照攻略大图-60.png: 1672x941
[image-size] D:\测试\大图\拍照攻略大图-61.png: 1672x941
[image-size] D:\测试\大图\拍照攻略大图-62.png: 1672x941
[image-size] D:\测试\大图\拍照攻略大图-63.png: 1672x941
[image-size] D:\测试\大图\拍照攻略大图-64.png: 1672x941
[image-size] D:\测试\大图\拍照攻略大图-65.png: 1672x941
[image-size] D:\测试\大图\拍照攻略大图-66.png: 1672x941
[image-size] D:\测试\大图\拍照攻略大图-67.png: 1672x941
[image-size] D:\测试\大图\拍照攻略大图-68.png: 1672x941
[image-size] D:\测试\大图\拍照攻略大图-69.png: 1672x941
[image-size] D:\测试\大图\拍照攻略大图-7.png: 1672x941
[image-size] D:\测试\大图\拍照攻略大图-70.png: 1672x941
[image-size] D:\测试\大图\拍照攻略大图-71.png: 1672x941
[image-size] D:\测试\大图\拍照攻略大图-72.png: 1672x941
[image-size] D:\测试\大图\拍照攻略大图-73.png: 1672x941
[image-size] D:\测试\大图\拍照攻略大图-74.png: 1672x941
[image-size] D:\测试\大图\拍照攻略大图-75.png: 1672x941
[image-size] D:\测试\大图\拍照攻略大图-76.png: 1672x941
[image-size] D:\测试\大图\拍照攻略大图-77.png: 1672x941
[image-size] D:\测试\大图\拍照攻略大图-78.png: 1672x941
[image-size] D:\测试\大图\拍照攻略大图-79.png: 1672x941
[image-size] D:\测试\大图\拍照攻略大图-8.png: 1672x941
[image-size] D:\测试\大图\拍照攻略大图-80.png: 1672x941
[image-size] D:\测试\大图\拍照攻略大图-81.png: 1672x941
[image-size] D:\测试\大图\拍照攻略大图-82.png: 1672x941
[image-size] D:\测试\大图\拍照攻略大图-83.png: 1672x941
[image-size] D:\测试\大图\拍照攻略大图-84.png: 1672x941
[image-size] D:\测试\大图\拍照攻略大图-85.png: 1672x941
[image-size] D:\测试\大图\拍照攻略大图-86.png: 1672x941
[image-size] D:\测试\大图\拍照攻略大图-87.png: 1672x941
[image-size] D:\测试\大图\拍照攻略大图-88.png: 1672x941
[image-size] D:\测试\大图\拍照攻略大图-89.png: 1672x941
[image-size] D:\测试\大图\拍照攻略大图-9.png: 1672x941
[image-size] D:\测试\大图\拍照攻略大图-90.png: 1672x941
[image-size] D:\测试\大图\拍照攻略大图-91.png: 1672x941
[image-size] D:\测试\大图\拍照攻略大图-92.png: 1672x941
[image-size] D:\测试\大图\拍照攻略大图-93.png: 1672x941
[image-size] D:\测试\大图\拍照攻略大图-94.png: 1672x941
[image-size] D:\测试\大图\拍照攻略大图-95.png: 1672x941
[image-size] D:\测试\大图\拍照攻略大图-96.png: 1672x941
[image-size] D:\测试\大图\拍照攻略大图-97.png: 1672x941
[image-size] D:\测试\大图\拍照攻略大图-98.png: 1672x941
[image-size] D:\测试\大图\拍照攻略大图-99.png: 1672x941
[2m11:53:47[22m [36m[1m[vite][22m[39m [90m[2m(client)[22m[39m [32mhmr update [39m[2m/src/features/composite/components/DistributionSettingsPanel.tsx, /src/index.css[22m
[2m11:53:57[22m [36m[1m[vite][22m[39m [90m[2m(client)[22m[39m [32mhmr update [39m[2m/src/features/composite/components/ExportResultsPanel.tsx, /src/index.css[22m
[2m11:54:17[22m [36m[1m[vite][22m[39m [90m[2m(client)[22m[39m [32mhmr update [39m[2m/src/features/composite/components/BatchExportTab.tsx, /src/index.css[22m
[image-size] D:\测试\闪屏\拍照攻略闪屏-1.png: 941x1672
[image-size] D:\测试\闪屏\拍照攻略闪屏-10.png: 941x1672
[image-size] D:\测试\闪屏\拍照攻略闪屏-100.png: 941x1672
[image-size] D:\测试\闪屏\拍照攻略闪屏-11.png: 941x1672
[image-size] D:\测试\闪屏\拍照攻略闪屏-12.png: 941x1672
[image-size] D:\测试\闪屏\拍照攻略闪屏-13.png: 941x1672
[image-size] D:\测试\闪屏\拍照攻略闪屏-14.png: 941x1672
[image-size] D:\测试\闪屏\拍照攻略闪屏-15.png: 941x1672
[image-size] D:\测试\闪屏\拍照攻略闪屏-16.png: 941x1672
[image-size] D:\测试\闪屏\拍照攻略闪屏-17.png: 941x1672
[image-size] D:\测试\闪屏\拍照攻略闪屏-18.png: 941x1672
[image-size] D:\测试\闪屏\拍照攻略闪屏-19.png: 941x1672
[image-size] D:\测试\闪屏\拍照攻略闪屏-2.png: 941x1672
[image-size] D:\测试\闪屏\拍照攻略闪屏-20.png: 941x1672
[image-size] D:\测试\闪屏\拍照攻略闪屏-21.png: 941x1672
[image-size] D:\测试\闪屏\拍照攻略闪屏-22.png: 941x1672
[image-size] D:\测试\闪屏\拍照攻略闪屏-23.png: 941x1672
[image-size] D:\测试\闪屏\拍照攻略闪屏-24.png: 941x1672
[image-size] D:\测试\闪屏\拍照攻略闪屏-25.png: 941x1672
[image-size] D:\测试\闪屏\拍照攻略闪屏-26.png: 941x1672
[image-size] D:\测试\闪屏\拍照攻略闪屏-27.png: 941x1672
[image-size] D:\测试\闪屏\拍照攻略闪屏-28.png: 941x1672
[image-size] D:\测试\闪屏\拍照攻略闪屏-29.png: 941x1672
[image-size] D:\测试\闪屏\拍照攻略闪屏-3.png: 941x1672
[image-size] D:\测试\闪屏\拍照攻略闪屏-30.png: 941x1672
[image-size] D:\测试\闪屏\拍照攻略闪屏-31.png: 941x1672
[image-size] D:\测试\闪屏\拍照攻略闪屏-32.png: 941x1672
[image-size] D:\测试\闪屏\拍照攻略闪屏-33.png: 941x1672
[image-size] D:\测试\闪屏\拍照攻略闪屏-34.png: 941x1672
[image-size] D:\测试\闪屏\拍照攻略闪屏-35.png: 941x1672
[image-size] D:\测试\闪屏\拍照攻略闪屏-36.png: 941x1672
[image-size] D:\测试\闪屏\拍照攻略闪屏-37.png: 941x1672
[image-size] D:\测试\闪屏\拍照攻略闪屏-38.png: 941x1672
[image-size] D:\测试\闪屏\拍照攻略闪屏-39.png: 941x1672
[image-size] D:\测试\闪屏\拍照攻略闪屏-4.png: 941x1672
[image-size] D:\测试\闪屏\拍照攻略闪屏-40.png: 941x1672
[image-size] D:\测试\闪屏\拍照攻略闪屏-41.png: 941x1672
[image-size] D:\测试\闪屏\拍照攻略闪屏-42.png: 941x1672
[image-size] D:\测试\闪屏\拍照攻略闪屏-43.png: 941x1672
[image-size] D:\测试\闪屏\拍照攻略闪屏-44.png: 941x1672
[image-size] D:\测试\闪屏\拍照攻略闪屏-45.png: 941x1672
[image-size] D:\测试\闪屏\拍照攻略闪屏-46.png: 941x1672
[image-size] D:\测试\闪屏\拍照攻略闪屏-47.png: 941x1672
[image-size] D:\测试\闪屏\拍照攻略闪屏-48.png: 941x1672
[image-size] D:\测试\闪屏\拍照攻略闪屏-49.png: 941x1672
[image-size] D:\测试\闪屏\拍照攻略闪屏-5.png: 941x1672
[image-size] D:\测试\闪屏\拍照攻略闪屏-50.png: 941x1672
[image-size] D:\测试\闪屏\拍照攻略闪屏-51.png: 941x1672
[image-size] D:\测试\闪屏\拍照攻略闪屏-52.png: 941x1672
[image-size] D:\测试\闪屏\拍照攻略闪屏-53.png: 941x1672
[image-size] D:\测试\闪屏\拍照攻略闪屏-54.png: 941x1672
[image-size] D:\测试\闪屏\拍照攻略闪屏-55.png: 941x1672
[image-size] D:\测试\闪屏\拍照攻略闪屏-56.png: 941x1672
[image-size] D:\测试\闪屏\拍照攻略闪屏-57.png: 941x1672
[image-size] D:\测试\闪屏\拍照攻略闪屏-58.png: 941x1672
[image-size] D:\测试\闪屏\拍照攻略闪屏-59.png: 941x1672
[image-size] D:\测试\闪屏\拍照攻略闪屏-6.png: 941x1672
[image-size] D:\测试\闪屏\拍照攻略闪屏-60.png: 941x1672
[image-size] D:\测试\闪屏\拍照攻略闪屏-61.png: 941x1672
[image-size] D:\测试\闪屏\拍照攻略闪屏-62.png: 941x1672
[image-size] D:\测试\闪屏\拍照攻略闪屏-63.png: 941x1672
[image-size] D:\测试\闪屏\拍照攻略闪屏-64.png: 941x1672
[image-size] D:\测试\闪屏\拍照攻略闪屏-65.png: 941x1672
[image-size] D:\测试\闪屏\拍照攻略闪屏-66.png: 941x1672
[image-size] D:\测试\闪屏\拍照攻略闪屏-67.png: 941x1672
[image-size] D:\测试\闪屏\拍照攻略闪屏-68.png: 941x1672
[image-size] D:\测试\闪屏\拍照攻略闪屏-69.png: 941x1672
[image-size] D:\测试\闪屏\拍照攻略闪屏-7.png: 941x1672
[image-size] D:\测试\闪屏\拍照攻略闪屏-70.png: 941x1672
[image-size] D:\测试\闪屏\拍照攻略闪屏-71.png: 941x1672
[image-size] D:\测试\闪屏\拍照攻略闪屏-72.png: 941x1672
[image-size] D:\测试\闪屏\拍照攻略闪屏-73.png: 941x1672
[image-size] D:\测试\闪屏\拍照攻略闪屏-74.png: 941x1672
[image-size] D:\测试\闪屏\拍照攻略闪屏-75.png: 941x1672
[image-size] D:\测试\闪屏\拍照攻略闪屏-76.png: 941x1672
[image-size] D:\测试\闪屏\拍照攻略闪屏-77.png: 941x1672
[image-size] D:\测试\闪屏\拍照攻略闪屏-78.png: 941x1672
[image-size] D:\测试\闪屏\拍照攻略闪屏-79.png: 941x1672
[image-size] D:\测试\闪屏\拍照攻略闪屏-8.png: 941x1672
[image-size] D:\测试\闪屏\拍照攻略闪屏-80.png: 941x1672
[image-size] D:\测试\闪屏\拍照攻略闪屏-81.png: 941x1672
[image-size] D:\测试\闪屏\拍照攻略闪屏-82.png: 941x1672
[image-size] D:\测试\闪屏\拍照攻略闪屏-83.png: 941x1672
[image-size] D:\测试\闪屏\拍照攻略闪屏-84.png: 941x1672
[image-size] D:\测试\闪屏\拍照攻略闪屏-85.png: 941x1672
[image-size] D:\测试\闪屏\拍照攻略闪屏-86.png: 941x1672
[image-size] D:\测试\闪屏\拍照攻略闪屏-87.png: 941x1672
[image-size] D:\测试\闪屏\拍照攻略闪屏-88.png: 941x1672
[image-size] D:\测试\闪屏\拍照攻略闪屏-89.png: 941x1672
[image-size] D:\测试\闪屏\拍照攻略闪屏-9.png: 941x1672
[image-size] D:\测试\闪屏\拍照攻略闪屏-90.png: 941x1672
[image-size] D:\测试\闪屏\拍照攻略闪屏-91.png: 941x1672
[image-size] D:\测试\闪屏\拍照攻略闪屏-92.png: 941x1672
[image-size] D:\测试\闪屏\拍照攻略闪屏-93.png: 941x1672
[image-size] D:\测试\闪屏\拍照攻略闪屏-94.png: 941x1672
[image-size] D:\测试\闪屏\拍照攻略闪屏-95.png: 941x1672
[image-size] D:\测试\闪屏\拍照攻略闪屏-96.png: 941x1672
[image-size] D:\测试\闪屏\拍照攻略闪屏-97.png: 941x1672
[image-size] D:\测试\闪屏\拍照攻略闪屏-98.png: 941x1672
[image-size] D:\测试\闪屏\拍照攻略闪屏-99.png: 941x1672
[image-size] D:\测试\闪屏\拍照攻略闪屏-1.png: 941x1672
[image-size] D:\测试\闪屏\拍照攻略闪屏-10.png: 941x1672
[image-size] D:\测试\闪屏\拍照攻略闪屏-100.png: 941x1672
[image-size] D:\测试\闪屏\拍照攻略闪屏-11.png: 941x1672
[image-size] D:\测试\闪屏\拍照攻略闪屏-12.png: 941x1672
[image-size] D:\测试\闪屏\拍照攻略闪屏-13.png: 941x1672
[image-size] D:\测试\闪屏\拍照攻略闪屏-14.png: 941x1672
[image-size] D:\测试\闪屏\拍照攻略闪屏-15.png: 941x1672
[image-size] D:\测试\闪屏\拍照攻略闪屏-16.png: 941x1672
[image-size] D:\测试\闪屏\拍照攻略闪屏-17.png: 941x1672
[image-size] D:\测试\闪屏\拍照攻略闪屏-18.png: 941x1672
[image-size] D:\测试\闪屏\拍照攻略闪屏-19.png: 941x1672
[image-size] D:\测试\闪屏\拍照攻略闪屏-2.png: 941x1672
[image-size] D:\测试\闪屏\拍照攻略闪屏-20.png: 941x1672
[image-size] D:\测试\闪屏\拍照攻略闪屏-21.png: 941x1672
[image-size] D:\测试\闪屏\拍照攻略闪屏-22.png: 941x1672
[image-size] D:\测试\闪屏\拍照攻略闪屏-23.png: 941x1672
[image-size] D:\测试\闪屏\拍照攻略闪屏-24.png: 941x1672
[image-size] D:\测试\闪屏\拍照攻略闪屏-25.png: 941x1672
[image-size] D:\测试\闪屏\拍照攻略闪屏-26.png: 941x1672
[image-size] D:\测试\闪屏\拍照攻略闪屏-27.png: 941x1672
[image-size] D:\测试\闪屏\拍照攻略闪屏-28.png: 941x1672
[image-size] D:\测试\闪屏\拍照攻略闪屏-29.png: 941x1672
[image-size] D:\测试\闪屏\拍照攻略闪屏-3.png: 941x1672
[image-size] D:\测试\闪屏\拍照攻略闪屏-30.png: 941x1672
[image-size] D:\测试\闪屏\拍照攻略闪屏-31.png: 941x1672
[image-size] D:\测试\闪屏\拍照攻略闪屏-32.png: 941x1672
[image-size] D:\测试\闪屏\拍照攻略闪屏-33.png: 941x1672
[image-size] D:\测试\闪屏\拍照攻略闪屏-34.png: 941x1672
[image-size] D:\测试\闪屏\拍照攻略闪屏-35.png: 941x1672
[image-size] D:\测试\闪屏\拍照攻略闪屏-36.png: 941x1672
[image-size] D:\测试\闪屏\拍照攻略闪屏-37.png: 941x1672
[image-size] D:\测试\闪屏\拍照攻略闪屏-38.png: 941x1672
[image-size] D:\测试\闪屏\拍照攻略闪屏-39.png: 941x1672
[image-size] D:\测试\闪屏\拍照攻略闪屏-4.png: 941x1672
[image-size] D:\测试\闪屏\拍照攻略闪屏-40.png: 941x1672
[image-size] D:\测试\闪屏\拍照攻略闪屏-41.png: 941x1672
[image-size] D:\测试\闪屏\拍照攻略闪屏-42.png: 941x1672
[image-size] D:\测试\闪屏\拍照攻略闪屏-43.png: 941x1672
[image-size] D:\测试\闪屏\拍照攻略闪屏-44.png: 941x1672
[image-size] D:\测试\闪屏\拍照攻略闪屏-45.png: 941x1672
[image-size] D:\测试\闪屏\拍照攻略闪屏-46.png: 941x1672
[image-size] D:\测试\闪屏\拍照攻略闪屏-47.png: 941x1672
[image-size] D:\测试\闪屏\拍照攻略闪屏-48.png: 941x1672
[image-size] D:\测试\闪屏\拍照攻略闪屏-49.png: 941x1672
[image-size] D:\测试\闪屏\拍照攻略闪屏-5.png: 941x1672
[image-size] D:\测试\闪屏\拍照攻略闪屏-50.png: 941x1672
[image-size] D:\测试\闪屏\拍照攻略闪屏-51.png: 941x1672
[image-size] D:\测试\闪屏\拍照攻略闪屏-52.png: 941x1672
[image-size] D:\测试\闪屏\拍照攻略闪屏-53.png: 941x1672
[image-size] D:\测试\闪屏\拍照攻略闪屏-54.png: 941x1672
[image-size] D:\测试\闪屏\拍照攻略闪屏-55.png: 941x1672
[image-size] D:\测试\闪屏\拍照攻略闪屏-56.png: 941x1672
[image-size] D:\测试\闪屏\拍照攻略闪屏-57.png: 941x1672
[image-size] D:\测试\闪屏\拍照攻略闪屏-58.png: 941x1672
[image-size] D:\测试\闪屏\拍照攻略闪屏-59.png: 941x1672
[image-size] D:\测试\闪屏\拍照攻略闪屏-6.png: 941x1672
[image-size] D:\测试\闪屏\拍照攻略闪屏-60.png: 941x1672
[image-size] D:\测试\闪屏\拍照攻略闪屏-61.png: 941x1672
[image-size] D:\测试\闪屏\拍照攻略闪屏-62.png: 941x1672
[image-size] D:\测试\闪屏\拍照攻略闪屏-63.png: 941x1672
[image-size] D:\测试\闪屏\拍照攻略闪屏-64.png: 941x1672
[image-size] D:\测试\闪屏\拍照攻略闪屏-65.png: 941x1672
[image-size] D:\测试\闪屏\拍照攻略闪屏-66.png: 941x1672
[image-size] D:\测试\闪屏\拍照攻略闪屏-67.png: 941x1672
[image-size] D:\测试\闪屏\拍照攻略闪屏-68.png: 941x1672
[image-size] D:\测试\闪屏\拍照攻略闪屏-69.png: 941x1672
[image-size] D:\测试\闪屏\拍照攻略闪屏-7.png: 941x1672
[image-size] D:\测试\闪屏\拍照攻略闪屏-70.png: 941x1672
[image-size] D:\测试\闪屏\拍照攻略闪屏-71.png: 941x1672
[image-size] D:\测试\闪屏\拍照攻略闪屏-72.png: 941x1672
[image-size] D:\测试\闪屏\拍照攻略闪屏-73.png: 941x1672
[image-size] D:\测试\闪屏\拍照攻略闪屏-74.png: 941x1672
[image-size] D:\测试\闪屏\拍照攻略闪屏-75.png: 941x1672
[image-size] D:\测试\闪屏\拍照攻略闪屏-76.png: 941x1672
[image-size] D:\测试\闪屏\拍照攻略闪屏-77.png: 941x1672
[image-size] D:\测试\闪屏\拍照攻略闪屏-78.png: 941x1672
[image-size] D:\测试\闪屏\拍照攻略闪屏-79.png: 941x1672
[image-size] D:\测试\闪屏\拍照攻略闪屏-8.png: 941x1672
[image-size] D:\测试\闪屏\拍照攻略闪屏-80.png: 941x1672
[image-size] D:\测试\闪屏\拍照攻略闪屏-81.png: 941x1672
[image-size] D:\测试\闪屏\拍照攻略闪屏-82.png: 941x1672
[image-size] D:\测试\闪屏\拍照攻略闪屏-83.png: 941x1672
[image-size] D:\测试\闪屏\拍照攻略闪屏-84.png: 941x1672
[image-size] D:\测试\闪屏\拍照攻略闪屏-85.png: 941x1672
[image-size] D:\测试\闪屏\拍照攻略闪屏-86.png: 941x1672
[image-size] D:\测试\闪屏\拍照攻略闪屏-87.png: 941x1672
[image-size] D:\测试\闪屏\拍照攻略闪屏-88.png: 941x1672
[image-size] D:\测试\闪屏\拍照攻略闪屏-89.png: 941x1672
[image-size] D:\测试\闪屏\拍照攻略闪屏-9.png: 941x1672
[image-size] D:\测试\闪屏\拍照攻略闪屏-90.png: 941x1672
[image-size] D:\测试\闪屏\拍照攻略闪屏-91.png: 941x1672
[image-size] D:\测试\闪屏\拍照攻略闪屏-92.png: 941x1672
[image-size] D:\测试\闪屏\拍照攻略闪屏-93.png: 941x1672
[image-size] D:\测试\闪屏\拍照攻略闪屏-94.png: 941x1672
[image-size] D:\测试\闪屏\拍照攻略闪屏-95.png: 941x1672
[image-size] D:\测试\闪屏\拍照攻略闪屏-96.png: 941x1672
[image-size] D:\测试\闪屏\拍照攻略闪屏-97.png: 941x1672
[image-size] D:\测试\闪屏\拍照攻略闪屏-98.png: 941x1672
[image-size] D:\测试\闪屏\拍照攻略闪屏-99.png: 941x1672
[image-size] D:\测试\大图\拍照攻略大图-1.png: 1672x941
[image-size] D:\测试\大图\拍照攻略大图-10.png: 1672x941
[image-size] D:\测试\大图\拍照攻略大图-100.png: 1672x941
[image-size] D:\测试\大图\拍照攻略大图-11.png: 1672x941
[image-size] D:\测试\大图\拍照攻略大图-12.png: 1672x941
[image-size] D:\测试\大图\拍照攻略大图-13.png: 1672x941
[image-size] D:\测试\大图\拍照攻略大图-14.png: 1672x941
[image-size] D:\测试\大图\拍照攻略大图-15.png: 1672x941
[image-size] D:\测试\大图\拍照攻略大图-16.png: 1672x941
[image-size] D:\测试\大图\拍照攻略大图-17.png: 1672x941
[image-size] D:\测试\大图\拍照攻略大图-18.png: 1672x941
[image-size] D:\测试\大图\拍照攻略大图-19.png: 1672x941
[image-size] D:\测试\大图\拍照攻略大图-2.png: 1672x941
[image-size] D:\测试\大图\拍照攻略大图-20.png: 1672x941
[image-size] D:\测试\大图\拍照攻略大图-21.png: 1672x941
[image-size] D:\测试\大图\拍照攻略大图-22.png: 1672x941
[image-size] D:\测试\大图\拍照攻略大图-23.png: 1672x941
[image-size] D:\测试\大图\拍照攻略大图-24.png: 1672x941
[image-size] D:\测试\大图\拍照攻略大图-25.png: 1672x941
[image-size] D:\测试\大图\拍照攻略大图-26.png: 1672x941
[image-size] D:\测试\大图\拍照攻略大图-27.png: 1672x941
[image-size] D:\测试\大图\拍照攻略大图-28.png: 1672x941
[image-size] D:\测试\大图\拍照攻略大图-29.png: 1672x941
[image-size] D:\测试\大图\拍照攻略大图-3.png: 1672x941
[image-size] D:\测试\大图\拍照攻略大图-30.png: 1672x941
[image-size] D:\测试\大图\拍照攻略大图-31.png: 1672x941
[image-size] D:\测试\大图\拍照攻略大图-32.png: 1672x941
[image-size] D:\测试\大图\拍照攻略大图-33.png: 1672x941
[image-size] D:\测试\大图\拍照攻略大图-34.png: 1672x941
[image-size] D:\测试\大图\拍照攻略大图-35.png: 1672x941
[image-size] D:\测试\大图\拍照攻略大图-36.png: 1672x941
[image-size] D:\测试\大图\拍照攻略大图-37.png: 1672x941
[image-size] D:\测试\大图\拍照攻略大图-38.png: 1672x941
[image-size] D:\测试\大图\拍照攻略大图-39.png: 1672x941
[image-size] D:\测试\大图\拍照攻略大图-4.png: 1672x941
[image-size] D:\测试\大图\拍照攻略大图-40.png: 1672x941
[image-size] D:\测试\大图\拍照攻略大图-41.png: 1672x941
[image-size] D:\测试\大图\拍照攻略大图-42.png: 1672x941
[image-size] D:\测试\大图\拍照攻略大图-43.png: 1672x941
[image-size] D:\测试\大图\拍照攻略大图-44.png: 1672x941
[image-size] D:\测试\大图\拍照攻略大图-45.png: 1672x941
[image-size] D:\测试\大图\拍照攻略大图-46.png: 1672x941
[image-size] D:\测试\大图\拍照攻略大图-47.png: 1672x941
[image-size] D:\测试\大图\拍照攻略大图-48.png: 1672x941
[image-size] D:\测试\大图\拍照攻略大图-49.png: 1672x941
[image-size] D:\测试\大图\拍照攻略大图-5.png: 1672x941
[image-size] D:\测试\大图\拍照攻略大图-50.png: 1672x941
[image-size] D:\测试\大图\拍照攻略大图-51.png: 1672x941
[image-size] D:\测试\大图\拍照攻略大图-52.png: 1672x941
[image-size] D:\测试\大图\拍照攻略大图-53.png: 1672x941
[image-size] D:\测试\大图\拍照攻略大图-54.png: 1672x941
[image-size] D:\测试\大图\拍照攻略大图-55.png: 1672x941
[image-size] D:\测试\大图\拍照攻略大图-56.png: 1672x941
[image-size] D:\测试\大图\拍照攻略大图-57.png: 1672x941
[image-size] D:\测试\大图\拍照攻略大图-58.png: 1672x941
[image-size] D:\测试\大图\拍照攻略大图-59.png: 1672x941
[image-size] D:\测试\大图\拍照攻略大图-6.png: 1672x941
[image-size] D:\测试\大图\拍照攻略大图-60.png: 1672x941
[image-size] D:\测试\大图\拍照攻略大图-61.png: 1672x941
[image-size] D:\测试\大图\拍照攻略大图-62.png: 1672x941
[image-size] D:\测试\大图\拍照攻略大图-63.png: 1672x941
[image-size] D:\测试\大图\拍照攻略大图-64.png: 1672x941
[image-size] D:\测试\大图\拍照攻略大图-65.png: 1672x941
[image-size] D:\测试\大图\拍照攻略大图-66.png: 1672x941
[image-size] D:\测试\大图\拍照攻略大图-67.png: 1672x941
[image-size] D:\测试\大图\拍照攻略大图-68.png: 1672x941
[image-size] D:\测试\大图\拍照攻略大图-69.png: 1672x941
[image-size] D:\测试\大图\拍照攻略大图-7.png: 1672x941
[image-size] D:\测试\大图\拍照攻略大图-70.png: 1672x941
[image-size] D:\测试\大图\拍照攻略大图-71.png: 1672x941
[image-size] D:\测试\大图\拍照攻略大图-72.png: 1672x941
[image-size] D:\测试\大图\拍照攻略大图-73.png: 1672x941
[image-size] D:\测试\大图\拍照攻略大图-74.png: 1672x941
[image-size] D:\测试\大图\拍照攻略大图-75.png: 1672x941
[image-size] D:\测试\大图\拍照攻略大图-76.png: 1672x941
[image-size] D:\测试\大图\拍照攻略大图-77.png: 1672x941
[image-size] D:\测试\大图\拍照攻略大图-78.png: 1672x941
[image-size] D:\测试\大图\拍照攻略大图-79.png: 1672x941
[image-size] D:\测试\大图\拍照攻略大图-8.png: 1672x941
[image-size] D:\测试\大图\拍照攻略大图-80.png: 1672x941
[image-size] D:\测试\大图\拍照攻略大图-81.png: 1672x941
[image-size] D:\测试\大图\拍照攻略大图-82.png: 1672x941
[image-size] D:\测试\大图\拍照攻略大图-83.png: 1672x941
[image-size] D:\测试\大图\拍照攻略大图-84.png: 1672x941
[image-size] D:\测试\大图\拍照攻略大图-85.png: 1672x941
[image-size] D:\测试\大图\拍照攻略大图-86.png: 1672x941
[image-size] D:\测试\大图\拍照攻略大图-87.png: 1672x941
[image-size] D:\测试\大图\拍照攻略大图-88.png: 1672x941
[image-size] D:\测试\大图\拍照攻略大图-89.png: 1672x941
[image-size] D:\测试\大图\拍照攻略大图-9.png: 1672x941
[image-size] D:\测试\大图\拍照攻略大图-90.png: 1672x941
[image-size] D:\测试\大图\拍照攻略大图-91.png: 1672x941
[image-size] D:\测试\大图\拍照攻略大图-92.png: 1672x941
[image-size] D:\测试\大图\拍照攻略大图-93.png: 1672x941
[image-size] D:\测试\大图\拍照攻略大图-94.png: 1672x941
[image-size] D:\测试\大图\拍照攻略大图-95.png: 1672x941
[image-size] D:\测试\大图\拍照攻略大图-96.png: 1672x941
[image-size] D:\测试\大图\拍照攻略大图-97.png: 1672x941
[image-size] D:\测试\大图\拍照攻略大图-98.png: 1672x941
[image-size] D:\测试\大图\拍照攻略大图-99.png: 1672x941
[2m12:15:00[22m [36m[1m[vite][22m[39m [90m[2m(client)[22m[39m [32mhmr update [39m[2m/src/index.css, /src/features/composite/components/BatchExportTab.tsx, /src/features/composite/components/ExportResultsPanel.tsx[22m
[image-size] D:\测试\闪屏\拍照攻略闪屏-1.png: 941x1672
[image-size] D:\测试\闪屏\拍照攻略闪屏-10.png: 941x1672
[image-size] D:\测试\闪屏\拍照攻略闪屏-100.png: 941x1672
[image-size] D:\测试\闪屏\拍照攻略闪屏-11.png: 941x1672
[image-size] D:\测试\闪屏\拍照攻略闪屏-12.png: 941x1672
[image-size] D:\测试\闪屏\拍照攻略闪屏-13.png: 941x1672
[image-size] D:\测试\闪屏\拍照攻略闪屏-14.png: 941x1672
[image-size] D:\测试\闪屏\拍照攻略闪屏-15.png: 941x1672
[image-size] D:\测试\闪屏\拍照攻略闪屏-16.png: 941x1672
[image-size] D:\测试\闪屏\拍照攻略闪屏-17.png: 941x1672
[image-size] D:\测试\闪屏\拍照攻略闪屏-18.png: 941x1672
[image-size] D:\测试\闪屏\拍照攻略闪屏-19.png: 941x1672
[image-size] D:\测试\闪屏\拍照攻略闪屏-2.png: 941x1672
[image-size] D:\测试\闪屏\拍照攻略闪屏-20.png: 941x1672
[image-size] D:\测试\闪屏\拍照攻略闪屏-21.png: 941x1672
[image-size] D:\测试\闪屏\拍照攻略闪屏-22.png: 941x1672
[image-size] D:\测试\闪屏\拍照攻略闪屏-23.png: 941x1672
[image-size] D:\测试\闪屏\拍照攻略闪屏-24.png: 941x1672
[image-size] D:\测试\闪屏\拍照攻略闪屏-25.png: 941x1672
[image-size] D:\测试\闪屏\拍照攻略闪屏-26.png: 941x1672
[image-size] D:\测试\闪屏\拍照攻略闪屏-27.png: 941x1672
[image-size] D:\测试\闪屏\拍照攻略闪屏-28.png: 941x1672
[image-size] D:\测试\闪屏\拍照攻略闪屏-29.png: 941x1672
[image-size] D:\测试\闪屏\拍照攻略闪屏-3.png: 941x1672
[image-size] D:\测试\闪屏\拍照攻略闪屏-30.png: 941x1672
[image-size] D:\测试\闪屏\拍照攻略闪屏-31.png: 941x1672
[image-size] D:\测试\闪屏\拍照攻略闪屏-32.png: 941x1672
[image-size] D:\测试\闪屏\拍照攻略闪屏-33.png: 941x1672
[image-size] D:\测试\闪屏\拍照攻略闪屏-34.png: 941x1672
[image-size] D:\测试\闪屏\拍照攻略闪屏-35.png: 941x1672
[image-size] D:\测试\闪屏\拍照攻略闪屏-36.png: 941x1672
[image-size] D:\测试\闪屏\拍照攻略闪屏-37.png: 941x1672
[image-size] D:\测试\闪屏\拍照攻略闪屏-38.png: 941x1672
[image-size] D:\测试\闪屏\拍照攻略闪屏-39.png: 941x1672
[image-size] D:\测试\闪屏\拍照攻略闪屏-4.png: 941x1672
[image-size] D:\测试\闪屏\拍照攻略闪屏-40.png: 941x1672
[image-size] D:\测试\闪屏\拍照攻略闪屏-41.png: 941x1672
[image-size] D:\测试\闪屏\拍照攻略闪屏-42.png: 941x1672
[image-size] D:\测试\闪屏\拍照攻略闪屏-43.png: 941x1672
[image-size] D:\测试\闪屏\拍照攻略闪屏-44.png: 941x1672
[image-size] D:\测试\闪屏\拍照攻略闪屏-45.png: 941x1672
[image-size] D:\测试\闪屏\拍照攻略闪屏-46.png: 941x1672
[image-size] D:\测试\闪屏\拍照攻略闪屏-47.png: 941x1672
[image-size] D:\测试\闪屏\拍照攻略闪屏-48.png: 941x1672
[image-size] D:\测试\闪屏\拍照攻略闪屏-49.png: 941x1672
[image-size] D:\测试\闪屏\拍照攻略闪屏-5.png: 941x1672
[image-size] D:\测试\闪屏\拍照攻略闪屏-50.png: 941x1672
[image-size] D:\测试\闪屏\拍照攻略闪屏-51.png: 941x1672
[image-size] D:\测试\闪屏\拍照攻略闪屏-52.png: 941x1672
[image-size] D:\测试\闪屏\拍照攻略闪屏-53.png: 941x1672
[image-size] D:\测试\闪屏\拍照攻略闪屏-54.png: 941x1672
[image-size] D:\测试\闪屏\拍照攻略闪屏-55.png: 941x1672
[image-size] D:\测试\闪屏\拍照攻略闪屏-56.png: 941x1672
[image-size] D:\测试\闪屏\拍照攻略闪屏-57.png: 941x1672
[image-size] D:\测试\闪屏\拍照攻略闪屏-58.png: 941x1672
[image-size] D:\测试\闪屏\拍照攻略闪屏-59.png: 941x1672
[image-size] D:\测试\闪屏\拍照攻略闪屏-6.png: 941x1672
[image-size] D:\测试\闪屏\拍照攻略闪屏-60.png: 941x1672
[image-size] D:\测试\闪屏\拍照攻略闪屏-61.png: 941x1672
[image-size] D:\测试\闪屏\拍照攻略闪屏-62.png: 941x1672
[image-size] D:\测试\闪屏\拍照攻略闪屏-63.png: 941x1672
[image-size] D:\测试\闪屏\拍照攻略闪屏-64.png: 941x1672
[image-size] D:\测试\闪屏\拍照攻略闪屏-65.png: 941x1672
[image-size] D:\测试\闪屏\拍照攻略闪屏-66.png: 941x1672
[image-size] D:\测试\闪屏\拍照攻略闪屏-67.png: 941x1672
[image-size] D:\测试\闪屏\拍照攻略闪屏-68.png: 941x1672
[image-size] D:\测试\闪屏\拍照攻略闪屏-69.png: 941x1672
[image-size] D:\测试\闪屏\拍照攻略闪屏-7.png: 941x1672
[image-size] D:\测试\闪屏\拍照攻略闪屏-70.png: 941x1672
[image-size] D:\测试\闪屏\拍照攻略闪屏-71.png: 941x1672
[image-size] D:\测试\闪屏\拍照攻略闪屏-72.png: 941x1672
[image-size] D:\测试\闪屏\拍照攻略闪屏-73.png: 941x1672
[image-size] D:\测试\闪屏\拍照攻略闪屏-74.png: 941x1672
[image-size] D:\测试\闪屏\拍照攻略闪屏-75.png: 941x1672
[image-size] D:\测试\闪屏\拍照攻略闪屏-76.png: 941x1672
[image-size] D:\测试\闪屏\拍照攻略闪屏-77.png: 941x1672
[image-size] D:\测试\闪屏\拍照攻略闪屏-78.png: 941x1672
[image-size] D:\测试\闪屏\拍照攻略闪屏-79.png: 941x1672
[image-size] D:\测试\闪屏\拍照攻略闪屏-8.png: 941x1672
[image-size] D:\测试\闪屏\拍照攻略闪屏-80.png: 941x1672
[image-size] D:\测试\闪屏\拍照攻略闪屏-81.png: 941x1672
[image-size] D:\测试\闪屏\拍照攻略闪屏-82.png: 941x1672
[image-size] D:\测试\闪屏\拍照攻略闪屏-83.png: 941x1672
[image-size] D:\测试\闪屏\拍照攻略闪屏-84.png: 941x1672
[image-size] D:\测试\闪屏\拍照攻略闪屏-85.png: 941x1672
[image-size] D:\测试\闪屏\拍照攻略闪屏-86.png: 941x1672
[image-size] D:\测试\闪屏\拍照攻略闪屏-87.png: 941x1672
[image-size] D:\测试\闪屏\拍照攻略闪屏-88.png: 941x1672
[image-size] D:\测试\闪屏\拍照攻略闪屏-89.png: 941x1672
[image-size] D:\测试\闪屏\拍照攻略闪屏-9.png: 941x1672
[image-size] D:\测试\闪屏\拍照攻略闪屏-90.png: 941x1672
[image-size] D:\测试\闪屏\拍照攻略闪屏-91.png: 941x1672
[image-size] D:\测试\闪屏\拍照攻略闪屏-92.png: 941x1672
[image-size] D:\测试\闪屏\拍照攻略闪屏-93.png: 941x1672
[image-size] D:\测试\闪屏\拍照攻略闪屏-94.png: 941x1672
[image-size] D:\测试\闪屏\拍照攻略闪屏-95.png: 941x1672
[image-size] D:\测试\闪屏\拍照攻略闪屏-96.png: 941x1672
[image-size] D:\测试\闪屏\拍照攻略闪屏-97.png: 941x1672
[image-size] D:\测试\闪屏\拍照攻略闪屏-98.png: 941x1672
[image-size] D:\测试\闪屏\拍照攻略闪屏-99.png: 941x1672
[image-size] D:\测试\闪屏\拍照攻略闪屏-1.png: 941x1672
[image-size] D:\测试\闪屏\拍照攻略闪屏-10.png: 941x1672
[image-size] D:\测试\闪屏\拍照攻略闪屏-100.png: 941x1672
[image-size] D:\测试\闪屏\拍照攻略闪屏-11.png: 941x1672
[image-size] D:\测试\闪屏\拍照攻略闪屏-12.png: 941x1672
[image-size] D:\测试\闪屏\拍照攻略闪屏-13.png: 941x1672
[image-size] D:\测试\闪屏\拍照攻略闪屏-14.png: 941x1672
[image-size] D:\测试\闪屏\拍照攻略闪屏-15.png: 941x1672
[image-size] D:\测试\闪屏\拍照攻略闪屏-16.png: 941x1672
[image-size] D:\测试\闪屏\拍照攻略闪屏-17.png: 941x1672
[image-size] D:\测试\闪屏\拍照攻略闪屏-18.png: 941x1672
[image-size] D:\测试\闪屏\拍照攻略闪屏-19.png: 941x1672
[image-size] D:\测试\闪屏\拍照攻略闪屏-2.png: 941x1672
[image-size] D:\测试\闪屏\拍照攻略闪屏-20.png: 941x1672
[image-size] D:\测试\闪屏\拍照攻略闪屏-21.png: 941x1672
[image-size] D:\测试\闪屏\拍照攻略闪屏-22.png: 941x1672
[image-size] D:\测试\闪屏\拍照攻略闪屏-23.png: 941x1672
[image-size] D:\测试\闪屏\拍照攻略闪屏-24.png: 941x1672
[image-size] D:\测试\闪屏\拍照攻略闪屏-25.png: 941x1672
[image-size] D:\测试\闪屏\拍照攻略闪屏-26.png: 941x1672
[image-size] D:\测试\闪屏\拍照攻略闪屏-27.png: 941x1672
[image-size] D:\测试\闪屏\拍照攻略闪屏-28.png: 941x1672
[image-size] D:\测试\闪屏\拍照攻略闪屏-29.png: 941x1672
[image-size] D:\测试\闪屏\拍照攻略闪屏-3.png: 941x1672
[image-size] D:\测试\闪屏\拍照攻略闪屏-30.png: 941x1672
[image-size] D:\测试\闪屏\拍照攻略闪屏-31.png: 941x1672
[image-size] D:\测试\闪屏\拍照攻略闪屏-32.png: 941x1672
[image-size] D:\测试\闪屏\拍照攻略闪屏-33.png: 941x1672
[image-size] D:\测试\闪屏\拍照攻略闪屏-34.png: 941x1672
[image-size] D:\测试\闪屏\拍照攻略闪屏-35.png: 941x1672
[image-size] D:\测试\闪屏\拍照攻略闪屏-36.png: 941x1672
[image-size] D:\测试\闪屏\拍照攻略闪屏-37.png: 941x1672
[image-size] D:\测试\闪屏\拍照攻略闪屏-38.png: 941x1672
[image-size] D:\测试\闪屏\拍照攻略闪屏-39.png: 941x1672
[image-size] D:\测试\闪屏\拍照攻略闪屏-4.png: 941x1672
[image-size] D:\测试\闪屏\拍照攻略闪屏-40.png: 941x1672
[image-size] D:\测试\闪屏\拍照攻略闪屏-41.png: 941x1672
[image-size] D:\测试\闪屏\拍照攻略闪屏-42.png: 941x1672
[image-size] D:\测试\闪屏\拍照攻略闪屏-43.png: 941x1672
[image-size] D:\测试\闪屏\拍照攻略闪屏-44.png: 941x1672
[image-size] D:\测试\闪屏\拍照攻略闪屏-45.png: 941x1672
[image-size] D:\测试\闪屏\拍照攻略闪屏-46.png: 941x1672
[image-size] D:\测试\闪屏\拍照攻略闪屏-47.png: 941x1672
[image-size] D:\测试\闪屏\拍照攻略闪屏-48.png: 941x1672
[image-size] D:\测试\闪屏\拍照攻略闪屏-49.png: 941x1672
[image-size] D:\测试\闪屏\拍照攻略闪屏-5.png: 941x1672
[image-size] D:\测试\闪屏\拍照攻略闪屏-50.png: 941x1672
[image-size] D:\测试\闪屏\拍照攻略闪屏-51.png: 941x1672
[image-size] D:\测试\闪屏\拍照攻略闪屏-52.png: 941x1672
[image-size] D:\测试\闪屏\拍照攻略闪屏-53.png: 941x1672
[image-size] D:\测试\闪屏\拍照攻略闪屏-54.png: 941x1672
[image-size] D:\测试\闪屏\拍照攻略闪屏-55.png: 941x1672
[image-size] D:\测试\闪屏\拍照攻略闪屏-56.png: 941x1672
[image-size] D:\测试\闪屏\拍照攻略闪屏-57.png: 941x1672
[image-size] D:\测试\闪屏\拍照攻略闪屏-58.png: 941x1672
[image-size] D:\测试\闪屏\拍照攻略闪屏-59.png: 941x1672
[image-size] D:\测试\闪屏\拍照攻略闪屏-6.png: 941x1672
[image-size] D:\测试\闪屏\拍照攻略闪屏-60.png: 941x1672
[image-size] D:\测试\闪屏\拍照攻略闪屏-61.png: 941x1672
[image-size] D:\测试\闪屏\拍照攻略闪屏-62.png: 941x1672
[image-size] D:\测试\闪屏\拍照攻略闪屏-63.png: 941x1672
[image-size] D:\测试\闪屏\拍照攻略闪屏-64.png: 941x1672
[image-size] D:\测试\闪屏\拍照攻略闪屏-65.png: 941x1672
[image-size] D:\测试\闪屏\拍照攻略闪屏-66.png: 941x1672
[image-size] D:\测试\闪屏\拍照攻略闪屏-67.png: 941x1672
[image-size] D:\测试\闪屏\拍照攻略闪屏-68.png: 941x1672
[image-size] D:\测试\闪屏\拍照攻略闪屏-69.png: 941x1672
[image-size] D:\测试\闪屏\拍照攻略闪屏-7.png: 941x1672
[image-size] D:\测试\闪屏\拍照攻略闪屏-70.png: 941x1672
[image-size] D:\测试\闪屏\拍照攻略闪屏-71.png: 941x1672
[image-size] D:\测试\闪屏\拍照攻略闪屏-72.png: 941x1672
[image-size] D:\测试\闪屏\拍照攻略闪屏-73.png: 941x1672
[image-size] D:\测试\闪屏\拍照攻略闪屏-74.png: 941x1672
[image-size] D:\测试\闪屏\拍照攻略闪屏-75.png: 941x1672
[image-size] D:\测试\闪屏\拍照攻略闪屏-76.png: 941x1672
[image-size] D:\测试\闪屏\拍照攻略闪屏-77.png: 941x1672
[image-size] D:\测试\闪屏\拍照攻略闪屏-78.png: 941x1672
[image-size] D:\测试\闪屏\拍照攻略闪屏-79.png: 941x1672
[image-size] D:\测试\闪屏\拍照攻略闪屏-8.png: 941x1672
[image-size] D:\测试\闪屏\拍照攻略闪屏-80.png: 941x1672
[image-size] D:\测试\闪屏\拍照攻略闪屏-81.png: 941x1672
[image-size] D:\测试\闪屏\拍照攻略闪屏-82.png: 941x1672
[image-size] D:\测试\闪屏\拍照攻略闪屏-83.png: 941x1672
[image-size] D:\测试\闪屏\拍照攻略闪屏-84.png: 941x1672
[image-size] D:\测试\闪屏\拍照攻略闪屏-85.png: 941x1672
[image-size] D:\测试\闪屏\拍照攻略闪屏-86.png: 941x1672
[image-size] D:\测试\闪屏\拍照攻略闪屏-87.png: 941x1672
[image-size] D:\测试\闪屏\拍照攻略闪屏-88.png: 941x1672
[image-size] D:\测试\闪屏\拍照攻略闪屏-89.png: 941x1672
[image-size] D:\测试\闪屏\拍照攻略闪屏-9.png: 941x1672
[image-size] D:\测试\闪屏\拍照攻略闪屏-90.png: 941x1672
[image-size] D:\测试\闪屏\拍照攻略闪屏-91.png: 941x1672
[image-size] D:\测试\闪屏\拍照攻略闪屏-92.png: 941x1672
[image-size] D:\测试\闪屏\拍照攻略闪屏-93.png: 941x1672
[image-size] D:\测试\闪屏\拍照攻略闪屏-94.png: 941x1672
[image-size] D:\测试\闪屏\拍照攻略闪屏-95.png: 941x1672
[image-size] D:\测试\闪屏\拍照攻略闪屏-96.png: 941x1672
[image-size] D:\测试\闪屏\拍照攻略闪屏-97.png: 941x1672
[image-size] D:\测试\闪屏\拍照攻略闪屏-98.png: 941x1672
[image-size] D:\测试\闪屏\拍照攻略闪屏-99.png: 941x1672
[image-size] D:\测试\大图\拍照攻略大图-1.png: 1672x941
[image-size] D:\测试\大图\拍照攻略大图-10.png: 1672x941
[image-size] D:\测试\大图\拍照攻略大图-100.png: 1672x941
[image-size] D:\测试\大图\拍照攻略大图-11.png: 1672x941
[image-size] D:\测试\大图\拍照攻略大图-12.png: 1672x941
[image-size] D:\测试\大图\拍照攻略大图-13.png: 1672x941
[image-size] D:\测试\大图\拍照攻略大图-14.png: 1672x941
[image-size] D:\测试\大图\拍照攻略大图-15.png: 1672x941
[image-size] D:\测试\大图\拍照攻略大图-16.png: 1672x941
[image-size] D:\测试\大图\拍照攻略大图-17.png: 1672x941
[image-size] D:\测试\大图\拍照攻略大图-18.png: 1672x941
[image-size] D:\测试\大图\拍照攻略大图-19.png: 1672x941
[image-size] D:\测试\大图\拍照攻略大图-2.png: 1672x941
[image-size] D:\测试\大图\拍照攻略大图-20.png: 1672x941
[image-size] D:\测试\大图\拍照攻略大图-21.png: 1672x941
[image-size] D:\测试\大图\拍照攻略大图-22.png: 1672x941
[image-size] D:\测试\大图\拍照攻略大图-23.png: 1672x941
[image-size] D:\测试\大图\拍照攻略大图-24.png: 1672x941
[image-size] D:\测试\大图\拍照攻略大图-25.png: 1672x941
[image-size] D:\测试\大图\拍照攻略大图-26.png: 1672x941
[image-size] D:\测试\大图\拍照攻略大图-27.png: 1672x941
[image-size] D:\测试\大图\拍照攻略大图-28.png: 1672x941
[image-size] D:\测试\大图\拍照攻略大图-29.png: 1672x941
[image-size] D:\测试\大图\拍照攻略大图-3.png: 1672x941
[image-size] D:\测试\大图\拍照攻略大图-30.png: 1672x941
[image-size] D:\测试\大图\拍照攻略大图-31.png: 1672x941
[image-size] D:\测试\大图\拍照攻略大图-32.png: 1672x941
[image-size] D:\测试\大图\拍照攻略大图-33.png: 1672x941
[image-size] D:\测试\大图\拍照攻略大图-34.png: 1672x941
[image-size] D:\测试\大图\拍照攻略大图-35.png: 1672x941
[image-size] D:\测试\大图\拍照攻略大图-36.png: 1672x941
[image-size] D:\测试\大图\拍照攻略大图-37.png: 1672x941
[image-size] D:\测试\大图\拍照攻略大图-38.png: 1672x941
[image-size] D:\测试\大图\拍照攻略大图-39.png: 1672x941
[image-size] D:\测试\大图\拍照攻略大图-4.png: 1672x941
[image-size] D:\测试\大图\拍照攻略大图-40.png: 1672x941
[image-size] D:\测试\大图\拍照攻略大图-41.png: 1672x941
[image-size] D:\测试\大图\拍照攻略大图-42.png: 1672x941
[image-size] D:\测试\大图\拍照攻略大图-43.png: 1672x941
[image-size] D:\测试\大图\拍照攻略大图-44.png: 1672x941
[image-size] D:\测试\大图\拍照攻略大图-45.png: 1672x941
[image-size] D:\测试\大图\拍照攻略大图-46.png: 1672x941
[image-size] D:\测试\大图\拍照攻略大图-47.png: 1672x941
[image-size] D:\测试\大图\拍照攻略大图-48.png: 1672x941
[image-size] D:\测试\大图\拍照攻略大图-49.png: 1672x941
[image-size] D:\测试\大图\拍照攻略大图-5.png: 1672x941
[image-size] D:\测试\大图\拍照攻略大图-50.png: 1672x941
[image-size] D:\测试\大图\拍照攻略大图-51.png: 1672x941
[image-size] D:\测试\大图\拍照攻略大图-52.png: 1672x941
[image-size] D:\测试\大图\拍照攻略大图-53.png: 1672x941
[image-size] D:\测试\大图\拍照攻略大图-54.png: 1672x941
[image-size] D:\测试\大图\拍照攻略大图-55.png: 1672x941
[image-size] D:\测试\大图\拍照攻略大图-56.png: 1672x941
[image-size] D:\测试\大图\拍照攻略大图-57.png: 1672x941
[image-size] D:\测试\大图\拍照攻略大图-58.png: 1672x941
[image-size] D:\测试\大图\拍照攻略大图-59.png: 1672x941
[image-size] D:\测试\大图\拍照攻略大图-6.png: 1672x941
[image-size] D:\测试\大图\拍照攻略大图-60.png: 1672x941
[image-size] D:\测试\大图\拍照攻略大图-61.png: 1672x941
[image-size] D:\测试\大图\拍照攻略大图-62.png: 1672x941
[image-size] D:\测试\大图\拍照攻略大图-63.png: 1672x941
[image-size] D:\测试\大图\拍照攻略大图-64.png: 1672x941
[image-size] D:\测试\大图\拍照攻略大图-65.png: 1672x941
[image-size] D:\测试\大图\拍照攻略大图-66.png: 1672x941
[image-size] D:\测试\大图\拍照攻略大图-67.png: 1672x941
[image-size] D:\测试\大图\拍照攻略大图-68.png: 1672x941
[image-size] D:\测试\大图\拍照攻略大图-69.png: 1672x941
[image-size] D:\测试\大图\拍照攻略大图-7.png: 1672x941
[image-size] D:\测试\大图\拍照攻略大图-70.png: 1672x941
[image-size] D:\测试\大图\拍照攻略大图-71.png: 1672x941
[image-size] D:\测试\大图\拍照攻略大图-72.png: 1672x941
[image-size] D:\测试\大图\拍照攻略大图-73.png: 1672x941
[image-size] D:\测试\大图\拍照攻略大图-74.png: 1672x941
[image-size] D:\测试\大图\拍照攻略大图-75.png: 1672x941
[image-size] D:\测试\大图\拍照攻略大图-76.png: 1672x941
[image-size] D:\测试\大图\拍照攻略大图-77.png: 1672x941
[image-size] D:\测试\大图\拍照攻略大图-78.png: 1672x941
[image-size] D:\测试\大图\拍照攻略大图-79.png: 1672x941
[image-size] D:\测试\大图\拍照攻略大图-8.png: 1672x941
[image-size] D:\测试\大图\拍照攻略大图-80.png: 1672x941
[image-size] D:\测试\大图\拍照攻略大图-81.png: 1672x941
[image-size] D:\测试\大图\拍照攻略大图-82.png: 1672x941
[image-size] D:\测试\大图\拍照攻略大图-83.png: 1672x941
[image-size] D:\测试\大图\拍照攻略大图-84.png: 1672x941
[image-size] D:\测试\大图\拍照攻略大图-85.png: 1672x941
[image-size] D:\测试\大图\拍照攻略大图-86.png: 1672x941
[image-size] D:\测试\大图\拍照攻略大图-87.png: 1672x941
[image-size] D:\测试\大图\拍照攻略大图-88.png: 1672x941
[image-size] D:\测试\大图\拍照攻略大图-89.png: 1672x941
[image-size] D:\测试\大图\拍照攻略大图-9.png: 1672x941
[image-size] D:\测试\大图\拍照攻略大图-90.png: 1672x941
[image-size] D:\测试\大图\拍照攻略大图-91.png: 1672x941
[image-size] D:\测试\大图\拍照攻略大图-92.png: 1672x941
[image-size] D:\测试\大图\拍照攻略大图-93.png: 1672x941
[image-size] D:\测试\大图\拍照攻略大图-94.png: 1672x941
[image-size] D:\测试\大图\拍照攻略大图-95.png: 1672x941
[image-size] D:\测试\大图\拍照攻略大图-96.png: 1672x941
[image-size] D:\测试\大图\拍照攻略大图-97.png: 1672x941
[image-size] D:\测试\大图\拍照攻略大图-98.png: 1672x941
[image-size] D:\测试\大图\拍照攻略大图-99.png: 1672x941
[2m12:25:51[22m [36m[1m[vite][22m[39m [90m[2m(client)[22m[39m [32mhmr update [39m[2m/src/features/composite/components/DistributionSettingsPanel.tsx, /src/index.css[22m
[2m12:26:04[22m [36m[1m[vite][22m[39m [90m[2m(client)[22m[39m [32mhmr update [39m[2m/src/index.css, /src/features/composite/components/BatchExportTab.tsx, /src/features/composite/components/ExportResultsPanel.tsx[22m
[2m12:29:38[22m [36m[1m[vite][22m[39m [90m[2m(client)[22m[39m [32mpage reload [39m[2msrc/features/composite/lib/compositeV2Types.ts[22m
[image-size] D:\测试\闪屏\拍照攻略闪屏-1.png: 941x1672
[image-size] D:\测试\闪屏\拍照攻略闪屏-10.png: 941x1672
[image-size] D:\测试\闪屏\拍照攻略闪屏-100.png: 941x1672
[image-size] D:\测试\闪屏\拍照攻略闪屏-11.png: 941x1672
[image-size] D:\测试\闪屏\拍照攻略闪屏-12.png: 941x1672
[image-size] D:\测试\闪屏\拍照攻略闪屏-13.png: 941x1672
[image-size] D:\测试\闪屏\拍照攻略闪屏-14.png: 941x1672
[image-size] D:\测试\闪屏\拍照攻略闪屏-15.png: 941x1672
[image-size] D:\测试\闪屏\拍照攻略闪屏-16.png: 941x1672
[image-size] D:\测试\闪屏\拍照攻略闪屏-17.png: 941x1672
[image-size] D:\测试\闪屏\拍照攻略闪屏-18.png: 941x1672
[image-size] D:\测试\闪屏\拍照攻略闪屏-19.png: 941x1672
[image-size] D:\测试\闪屏\拍照攻略闪屏-2.png: 941x1672
[image-size] D:\测试\闪屏\拍照攻略闪屏-20.png: 941x1672
[image-size] D:\测试\闪屏\拍照攻略闪屏-21.png: 941x1672
[image-size] D:\测试\闪屏\拍照攻略闪屏-22.png: 941x1672
[image-size] D:\测试\闪屏\拍照攻略闪屏-23.png: 941x1672
[image-size] D:\测试\闪屏\拍照攻略闪屏-24.png: 941x1672
[image-size] D:\测试\闪屏\拍照攻略闪屏-25.png: 941x1672
[image-size] D:\测试\闪屏\拍照攻略闪屏-26.png: 941x1672
[image-size] D:\测试\闪屏\拍照攻略闪屏-27.png: 941x1672
[image-size] D:\测试\闪屏\拍照攻略闪屏-28.png: 941x1672
[image-size] D:\测试\闪屏\拍照攻略闪屏-29.png: 941x1672
[image-size] D:\测试\闪屏\拍照攻略闪屏-3.png: 941x1672
[image-size] D:\测试\闪屏\拍照攻略闪屏-30.png: 941x1672
[image-size] D:\测试\闪屏\拍照攻略闪屏-31.png: 941x1672
[image-size] D:\测试\闪屏\拍照攻略闪屏-32.png: 941x1672
[image-size] D:\测试\闪屏\拍照攻略闪屏-33.png: 941x1672
[image-size] D:\测试\闪屏\拍照攻略闪屏-34.png: 941x1672
[image-size] D:\测试\闪屏\拍照攻略闪屏-35.png: 941x1672
[image-size] D:\测试\闪屏\拍照攻略闪屏-36.png: 941x1672
[image-size] D:\测试\闪屏\拍照攻略闪屏-37.png: 941x1672
[image-size] D:\测试\闪屏\拍照攻略闪屏-38.png: 941x1672
[image-size] D:\测试\闪屏\拍照攻略闪屏-39.png: 941x1672
[image-size] D:\测试\闪屏\拍照攻略闪屏-4.png: 941x1672
[image-size] D:\测试\闪屏\拍照攻略闪屏-40.png: 941x1672
[image-size] D:\测试\闪屏\拍照攻略闪屏-41.png: 941x1672
[image-size] D:\测试\闪屏\拍照攻略闪屏-42.png: 941x1672
[image-size] D:\测试\闪屏\拍照攻略闪屏-43.png: 941x1672
[image-size] D:\测试\闪屏\拍照攻略闪屏-44.png: 941x1672
[image-size] D:\测试\闪屏\拍照攻略闪屏-45.png: 941x1672
[image-size] D:\测试\闪屏\拍照攻略闪屏-46.png: 941x1672
[image-size] D:\测试\闪屏\拍照攻略闪屏-47.png: 941x1672
[image-size] D:\测试\闪屏\拍照攻略闪屏-48.png: 941x1672
[image-size] D:\测试\闪屏\拍照攻略闪屏-49.png: 941x1672
[image-size] D:\测试\闪屏\拍照攻略闪屏-5.png: 941x1672
[image-size] D:\测试\闪屏\拍照攻略闪屏-50.png: 941x1672
[image-size] D:\测试\闪屏\拍照攻略闪屏-51.png: 941x1672
[image-size] D:\测试\闪屏\拍照攻略闪屏-52.png: 941x1672
[image-size] D:\测试\闪屏\拍照攻略闪屏-53.png: 941x1672
[image-size] D:\测试\闪屏\拍照攻略闪屏-54.png: 941x1672
[image-size] D:\测试\闪屏\拍照攻略闪屏-55.png: 941x1672
[image-size] D:\测试\闪屏\拍照攻略闪屏-56.png: 941x1672
[image-size] D:\测试\闪屏\拍照攻略闪屏-57.png: 941x1672
[image-size] D:\测试\闪屏\拍照攻略闪屏-58.png: 941x1672
[image-size] D:\测试\闪屏\拍照攻略闪屏-59.png: 941x1672
[image-size] D:\测试\闪屏\拍照攻略闪屏-6.png: 941x1672
[image-size] D:\测试\闪屏\拍照攻略闪屏-60.png: 941x1672
[image-size] D:\测试\闪屏\拍照攻略闪屏-61.png: 941x1672
[image-size] D:\测试\闪屏\拍照攻略闪屏-62.png: 941x1672
[image-size] D:\测试\闪屏\拍照攻略闪屏-63.png: 941x1672
[image-size] D:\测试\闪屏\拍照攻略闪屏-64.png: 941x1672
[image-size] D:\测试\闪屏\拍照攻略闪屏-65.png: 941x1672
[image-size] D:\测试\闪屏\拍照攻略闪屏-66.png: 941x1672
[image-size] D:\测试\闪屏\拍照攻略闪屏-67.png: 941x1672
[image-size] D:\测试\闪屏\拍照攻略闪屏-68.png: 941x1672
[image-size] D:\测试\闪屏\拍照攻略闪屏-69.png: 941x1672
[image-size] D:\测试\闪屏\拍照攻略闪屏-7.png: 941x1672
[image-size] D:\测试\闪屏\拍照攻略闪屏-70.png: 941x1672
[image-size] D:\测试\闪屏\拍照攻略闪屏-71.png: 941x1672
[image-size] D:\测试\闪屏\拍照攻略闪屏-72.png: 941x1672
[image-size] D:\测试\闪屏\拍照攻略闪屏-73.png: 941x1672
[image-size] D:\测试\闪屏\拍照攻略闪屏-74.png: 941x1672
[image-size] D:\测试\闪屏\拍照攻略闪屏-75.png: 941x1672
[image-size] D:\测试\闪屏\拍照攻略闪屏-76.png: 941x1672
[image-size] D:\测试\闪屏\拍照攻略闪屏-77.png: 941x1672
[image-size] D:\测试\闪屏\拍照攻略闪屏-78.png: 941x1672
[image-size] D:\测试\闪屏\拍照攻略闪屏-79.png: 941x1672
[image-size] D:\测试\闪屏\拍照攻略闪屏-8.png: 941x1672
[image-size] D:\测试\闪屏\拍照攻略闪屏-80.png: 941x1672
[image-size] D:\测试\闪屏\拍照攻略闪屏-81.png: 941x1672
[image-size] D:\测试\闪屏\拍照攻略闪屏-82.png: 941x1672
[image-size] D:\测试\闪屏\拍照攻略闪屏-83.png: 941x1672
[image-size] D:\测试\闪屏\拍照攻略闪屏-84.png: 941x1672
[image-size] D:\测试\闪屏\拍照攻略闪屏-85.png: 941x1672
[image-size] D:\测试\闪屏\拍照攻略闪屏-86.png: 941x1672
[image-size] D:\测试\闪屏\拍照攻略闪屏-87.png: 941x1672
[image-size] D:\测试\闪屏\拍照攻略闪屏-88.png: 941x1672
[image-size] D:\测试\闪屏\拍照攻略闪屏-89.png: 941x1672
[image-size] D:\测试\闪屏\拍照攻略闪屏-9.png: 941x1672
[image-size] D:\测试\闪屏\拍照攻略闪屏-90.png: 941x1672
[image-size] D:\测试\闪屏\拍照攻略闪屏-91.png: 941x1672
[image-size] D:\测试\闪屏\拍照攻略闪屏-92.png: 941x1672
[image-size] D:\测试\闪屏\拍照攻略闪屏-93.png: 941x1672
[image-size] D:\测试\闪屏\拍照攻略闪屏-94.png: 941x1672
[image-size] D:\测试\闪屏\拍照攻略闪屏-95.png: 941x1672
[image-size] D:\测试\闪屏\拍照攻略闪屏-96.png: 941x1672
[image-size] D:\测试\闪屏\拍照攻略闪屏-97.png: 941x1672
[image-size] D:\测试\闪屏\拍照攻略闪屏-98.png: 941x1672
[image-size] D:\测试\闪屏\拍照攻略闪屏-99.png: 941x1672
[image-size] D:\测试\闪屏\拍照攻略闪屏-1.png: 941x1672
[image-size] D:\测试\闪屏\拍照攻略闪屏-10.png: 941x1672
[image-size] D:\测试\闪屏\拍照攻略闪屏-100.png: 941x1672
[image-size] D:\测试\闪屏\拍照攻略闪屏-11.png: 941x1672
[image-size] D:\测试\闪屏\拍照攻略闪屏-12.png: 941x1672
[image-size] D:\测试\闪屏\拍照攻略闪屏-13.png: 941x1672
[image-size] D:\测试\闪屏\拍照攻略闪屏-14.png: 941x1672
[image-size] D:\测试\闪屏\拍照攻略闪屏-15.png: 941x1672
[image-size] D:\测试\闪屏\拍照攻略闪屏-16.png: 941x1672
[image-size] D:\测试\闪屏\拍照攻略闪屏-17.png: 941x1672
[image-size] D:\测试\闪屏\拍照攻略闪屏-18.png: 941x1672
[image-size] D:\测试\闪屏\拍照攻略闪屏-19.png: 941x1672
[image-size] D:\测试\闪屏\拍照攻略闪屏-2.png: 941x1672
[image-size] D:\测试\闪屏\拍照攻略闪屏-20.png: 941x1672
[image-size] D:\测试\闪屏\拍照攻略闪屏-21.png: 941x1672
[image-size] D:\测试\闪屏\拍照攻略闪屏-22.png: 941x1672
[image-size] D:\测试\闪屏\拍照攻略闪屏-23.png: 941x1672
[image-size] D:\测试\闪屏\拍照攻略闪屏-24.png: 941x1672
[image-size] D:\测试\闪屏\拍照攻略闪屏-25.png: 941x1672
[image-size] D:\测试\闪屏\拍照攻略闪屏-26.png: 941x1672
[image-size] D:\测试\闪屏\拍照攻略闪屏-27.png: 941x1672
[image-size] D:\测试\闪屏\拍照攻略闪屏-28.png: 941x1672
[image-size] D:\测试\闪屏\拍照攻略闪屏-29.png: 941x1672
[image-size] D:\测试\闪屏\拍照攻略闪屏-3.png: 941x1672
[image-size] D:\测试\闪屏\拍照攻略闪屏-30.png: 941x1672
[image-size] D:\测试\闪屏\拍照攻略闪屏-31.png: 941x1672
[image-size] D:\测试\闪屏\拍照攻略闪屏-32.png: 941x1672
[image-size] D:\测试\闪屏\拍照攻略闪屏-33.png: 941x1672
[image-size] D:\测试\闪屏\拍照攻略闪屏-34.png: 941x1672
[image-size] D:\测试\闪屏\拍照攻略闪屏-35.png: 941x1672
[image-size] D:\测试\闪屏\拍照攻略闪屏-36.png: 941x1672
[image-size] D:\测试\闪屏\拍照攻略闪屏-37.png: 941x1672
[image-size] D:\测试\闪屏\拍照攻略闪屏-38.png: 941x1672
[image-size] D:\测试\闪屏\拍照攻略闪屏-39.png: 941x1672
[image-size] D:\测试\闪屏\拍照攻略闪屏-4.png: 941x1672
[image-size] D:\测试\闪屏\拍照攻略闪屏-40.png: 941x1672
[image-size] D:\测试\闪屏\拍照攻略闪屏-41.png: 941x1672
[image-size] D:\测试\闪屏\拍照攻略闪屏-42.png: 941x1672
[image-size] D:\测试\闪屏\拍照攻略闪屏-43.png: 941x1672
[image-size] D:\测试\闪屏\拍照攻略闪屏-44.png: 941x1672
[image-size] D:\测试\闪屏\拍照攻略闪屏-45.png: 941x1672
[image-size] D:\测试\闪屏\拍照攻略闪屏-46.png: 941x1672
[image-size] D:\测试\闪屏\拍照攻略闪屏-47.png: 941x1672
[image-size] D:\测试\闪屏\拍照攻略闪屏-48.png: 941x1672
[image-size] D:\测试\闪屏\拍照攻略闪屏-49.png: 941x1672
[image-size] D:\测试\闪屏\拍照攻略闪屏-5.png: 941x1672
[image-size] D:\测试\闪屏\拍照攻略闪屏-50.png: 941x1672
[image-size] D:\测试\闪屏\拍照攻略闪屏-51.png: 941x1672
[image-size] D:\测试\闪屏\拍照攻略闪屏-52.png: 941x1672
[image-size] D:\测试\闪屏\拍照攻略闪屏-53.png: 941x1672
[image-size] D:\测试\闪屏\拍照攻略闪屏-54.png: 941x1672
[image-size] D:\测试\闪屏\拍照攻略闪屏-55.png: 941x1672
[image-size] D:\测试\闪屏\拍照攻略闪屏-56.png: 941x1672
[image-size] D:\测试\闪屏\拍照攻略闪屏-57.png: 941x1672
[image-size] D:\测试\闪屏\拍照攻略闪屏-58.png: 941x1672
[image-size] D:\测试\闪屏\拍照攻略闪屏-59.png: 941x1672
[image-size] D:\测试\闪屏\拍照攻略闪屏-6.png: 941x1672
[image-size] D:\测试\闪屏\拍照攻略闪屏-60.png: 941x1672
[image-size] D:\测试\闪屏\拍照攻略闪屏-61.png: 941x1672
[image-size] D:\测试\闪屏\拍照攻略闪屏-62.png: 941x1672
[image-size] D:\测试\闪屏\拍照攻略闪屏-63.png: 941x1672
[image-size] D:\测试\闪屏\拍照攻略闪屏-64.png: 941x1672
[image-size] D:\测试\闪屏\拍照攻略闪屏-65.png: 941x1672
[image-size] D:\测试\闪屏\拍照攻略闪屏-66.png: 941x1672
[image-size] D:\测试\闪屏\拍照攻略闪屏-67.png: 941x1672
[image-size] D:\测试\闪屏\拍照攻略闪屏-68.png: 941x1672
[image-size] D:\测试\闪屏\拍照攻略闪屏-69.png: 941x1672
[image-size] D:\测试\闪屏\拍照攻略闪屏-7.png: 941x1672
[image-size] D:\测试\闪屏\拍照攻略闪屏-70.png: 941x1672
[image-size] D:\测试\闪屏\拍照攻略闪屏-71.png: 941x1672
[image-size] D:\测试\闪屏\拍照攻略闪屏-72.png: 941x1672
[image-size] D:\测试\闪屏\拍照攻略闪屏-73.png: 941x1672
[image-size] D:\测试\闪屏\拍照攻略闪屏-74.png: 941x1672
[image-size] D:\测试\闪屏\拍照攻略闪屏-75.png: 941x1672
[image-size] D:\测试\闪屏\拍照攻略闪屏-76.png: 941x1672
[image-size] D:\测试\闪屏\拍照攻略闪屏-77.png: 941x1672
[image-size] D:\测试\闪屏\拍照攻略闪屏-78.png: 941x1672
[image-size] D:\测试\闪屏\拍照攻略闪屏-79.png: 941x1672
[image-size] D:\测试\闪屏\拍照攻略闪屏-8.png: 941x1672
[image-size] D:\测试\闪屏\拍照攻略闪屏-80.png: 941x1672
[image-size] D:\测试\闪屏\拍照攻略闪屏-81.png: 941x1672
[image-size] D:\测试\闪屏\拍照攻略闪屏-82.png: 941x1672
[image-size] D:\测试\闪屏\拍照攻略闪屏-83.png: 941x1672
[image-size] D:\测试\闪屏\拍照攻略闪屏-84.png: 941x1672
[image-size] D:\测试\闪屏\拍照攻略闪屏-85.png: 941x1672
[image-size] D:\测试\闪屏\拍照攻略闪屏-86.png: 941x1672
[image-size] D:\测试\闪屏\拍照攻略闪屏-87.png: 941x1672
[image-size] D:\测试\闪屏\拍照攻略闪屏-88.png: 941x1672
[image-size] D:\测试\闪屏\拍照攻略闪屏-89.png: 941x1672
[image-size] D:\测试\闪屏\拍照攻略闪屏-9.png: 941x1672
[image-size] D:\测试\闪屏\拍照攻略闪屏-90.png: 941x1672
[image-size] D:\测试\闪屏\拍照攻略闪屏-91.png: 941x1672
[image-size] D:\测试\闪屏\拍照攻略闪屏-92.png: 941x1672
[image-size] D:\测试\闪屏\拍照攻略闪屏-93.png: 941x1672
[image-size] D:\测试\闪屏\拍照攻略闪屏-94.png: 941x1672
[image-size] D:\测试\闪屏\拍照攻略闪屏-95.png: 941x1672
[image-size] D:\测试\闪屏\拍照攻略闪屏-96.png: 941x1672
[image-size] D:\测试\闪屏\拍照攻略闪屏-97.png: 941x1672
[image-size] D:\测试\闪屏\拍照攻略闪屏-98.png: 941x1672
[image-size] D:\测试\闪屏\拍照攻略闪屏-99.png: 941x1672
[image-size] D:\测试\大图\拍照攻略大图-1.png: 1672x941
[image-size] D:\测试\大图\拍照攻略大图-10.png: 1672x941
[image-size] D:\测试\大图\拍照攻略大图-100.png: 1672x941
[image-size] D:\测试\大图\拍照攻略大图-11.png: 1672x941
[image-size] D:\测试\大图\拍照攻略大图-12.png: 1672x941
[image-size] D:\测试\大图\拍照攻略大图-13.png: 1672x941
[image-size] D:\测试\大图\拍照攻略大图-14.png: 1672x941
[image-size] D:\测试\大图\拍照攻略大图-15.png: 1672x941
[image-size] D:\测试\大图\拍照攻略大图-16.png: 1672x941
[image-size] D:\测试\大图\拍照攻略大图-17.png: 1672x941
[image-size] D:\测试\大图\拍照攻略大图-18.png: 1672x941
[image-size] D:\测试\大图\拍照攻略大图-19.png: 1672x941
[image-size] D:\测试\大图\拍照攻略大图-2.png: 1672x941
[image-size] D:\测试\大图\拍照攻略大图-20.png: 1672x941
[image-size] D:\测试\大图\拍照攻略大图-21.png: 1672x941
[image-size] D:\测试\大图\拍照攻略大图-22.png: 1672x941
[image-size] D:\测试\大图\拍照攻略大图-23.png: 1672x941
[image-size] D:\测试\大图\拍照攻略大图-24.png: 1672x941
[image-size] D:\测试\大图\拍照攻略大图-25.png: 1672x941
[image-size] D:\测试\大图\拍照攻略大图-26.png: 1672x941
[image-size] D:\测试\大图\拍照攻略大图-27.png: 1672x941
[image-size] D:\测试\大图\拍照攻略大图-28.png: 1672x941
[image-size] D:\测试\大图\拍照攻略大图-29.png: 1672x941
[image-size] D:\测试\大图\拍照攻略大图-3.png: 1672x941
[image-size] D:\测试\大图\拍照攻略大图-30.png: 1672x941
[image-size] D:\测试\大图\拍照攻略大图-31.png: 1672x941
[image-size] D:\测试\大图\拍照攻略大图-32.png: 1672x941
[image-size] D:\测试\大图\拍照攻略大图-33.png: 1672x941
[image-size] D:\测试\大图\拍照攻略大图-34.png: 1672x941
[image-size] D:\测试\大图\拍照攻略大图-35.png: 1672x941
[image-size] D:\测试\大图\拍照攻略大图-36.png: 1672x941
[image-size] D:\测试\大图\拍照攻略大图-37.png: 1672x941
[image-size] D:\测试\大图\拍照攻略大图-38.png: 1672x941
[image-size] D:\测试\大图\拍照攻略大图-39.png: 1672x941
[image-size] D:\测试\大图\拍照攻略大图-4.png: 1672x941
[image-size] D:\测试\大图\拍照攻略大图-40.png: 1672x941
[image-size] D:\测试\大图\拍照攻略大图-41.png: 1672x941
[image-size] D:\测试\大图\拍照攻略大图-42.png: 1672x941
[image-size] D:\测试\大图\拍照攻略大图-43.png: 1672x941
[image-size] D:\测试\大图\拍照攻略大图-44.png: 1672x941
[image-size] D:\测试\大图\拍照攻略大图-45.png: 1672x941
[image-size] D:\测试\大图\拍照攻略大图-46.png: 1672x941
[image-size] D:\测试\大图\拍照攻略大图-47.png: 1672x941
[image-size] D:\测试\大图\拍照攻略大图-48.png: 1672x941
[image-size] D:\测试\大图\拍照攻略大图-49.png: 1672x941
[image-size] D:\测试\大图\拍照攻略大图-5.png: 1672x941
[image-size] D:\测试\大图\拍照攻略大图-50.png: 1672x941
[image-size] D:\测试\大图\拍照攻略大图-51.png: 1672x941
[image-size] D:\测试\大图\拍照攻略大图-52.png: 1672x941
[image-size] D:\测试\大图\拍照攻略大图-53.png: 1672x941
[image-size] D:\测试\大图\拍照攻略大图-54.png: 1672x941
[image-size] D:\测试\大图\拍照攻略大图-55.png: 1672x941
[image-size] D:\测试\大图\拍照攻略大图-56.png: 1672x941
[image-size] D:\测试\大图\拍照攻略大图-57.png: 1672x941
[image-size] D:\测试\大图\拍照攻略大图-58.png: 1672x941
[image-size] D:\测试\大图\拍照攻略大图-59.png: 1672x941
[image-size] D:\测试\大图\拍照攻略大图-6.png: 1672x941
[image-size] D:\测试\大图\拍照攻略大图-60.png: 1672x941
[image-size] D:\测试\大图\拍照攻略大图-61.png: 1672x941
[image-size] D:\测试\大图\拍照攻略大图-62.png: 1672x941
[image-size] D:\测试\大图\拍照攻略大图-63.png: 1672x941
[image-size] D:\测试\大图\拍照攻略大图-64.png: 1672x941
[image-size] D:\测试\大图\拍照攻略大图-65.png: 1672x941
[image-size] D:\测试\大图\拍照攻略大图-66.png: 1672x941
[image-size] D:\测试\大图\拍照攻略大图-67.png: 1672x941
[image-size] D:\测试\大图\拍照攻略大图-68.png: 1672x941
[image-size] D:\测试\大图\拍照攻略大图-69.png: 1672x941
[image-size] D:\测试\大图\拍照攻略大图-7.png: 1672x941
[image-size] D:\测试\大图\拍照攻略大图-70.png: 1672x941
[image-size] D:\测试\大图\拍照攻略大图-71.png: 1672x941
[image-size] D:\测试\大图\拍照攻略大图-72.png: 1672x941
[image-size] D:\测试\大图\拍照攻略大图-73.png: 1672x941
[image-size] D:\测试\大图\拍照攻略大图-74.png: 1672x941
[image-size] D:\测试\大图\拍照攻略大图-75.png: 1672x941
[image-size] D:\测试\大图\拍照攻略大图-76.png: 1672x941
[image-size] D:\测试\大图\拍照攻略大图-77.png: 1672x941
[image-size] D:\测试\大图\拍照攻略大图-78.png: 1672x941
[image-size] D:\测试\大图\拍照攻略大图-79.png: 1672x941
[image-size] D:\测试\大图\拍照攻略大图-8.png: 1672x941
[image-size] D:\测试\大图\拍照攻略大图-80.png: 1672x941
[image-size] D:\测试\大图\拍照攻略大图-81.png: 1672x941
[image-size] D:\测试\大图\拍照攻略大图-82.png: 1672x941
[image-size] D:\测试\大图\拍照攻略大图-83.png: 1672x941
[image-size] D:\测试\大图\拍照攻略大图-84.png: 1672x941
[image-size] D:\测试\大图\拍照攻略大图-85.png: 1672x941
[image-size] D:\测试\大图\拍照攻略大图-86.png: 1672x941
[image-size] D:\测试\大图\拍照攻略大图-87.png: 1672x941
[image-size] D:\测试\大图\拍照攻略大图-88.png: 1672x941
[image-size] D:\测试\大图\拍照攻略大图-89.png: 1672x941
[image-size] D:\测试\大图\拍照攻略大图-9.png: 1672x941
[image-size] D:\测试\大图\拍照攻略大图-90.png: 1672x941
[image-size] D:\测试\大图\拍照攻略大图-91.png: 1672x941
[image-size] D:\测试\大图\拍照攻略大图-92.png: 1672x941
[image-size] D:\测试\大图\拍照攻略大图-93.png: 1672x941
[image-size] D:\测试\大图\拍照攻略大图-94.png: 1672x941
[image-size] D:\测试\大图\拍照攻略大图-95.png: 1672x941
[image-size] D:\测试\大图\拍照攻略大图-96.png: 1672x941
[image-size] D:\测试\大图\拍照攻略大图-97.png: 1672x941
[image-size] D:\测试\大图\拍照攻略大图-98.png: 1672x941
[image-size] D:\测试\大图\拍照攻略大图-99.png: 1672x941
[2m12:29:50[22m [36m[1m[vite][22m[39m [90m[2m(client)[22m[39m [32mhmr update [39m[2m/src/index.css, /src/features/composite/components/BatchExportTab.tsx, /src/features/composite/components/PresetManagementTab.tsx, /src/features/composite/components/DistributionSettingsPanel.tsx, /src/features/composite/components/PresetCanvasEditor.tsx, /src/features/composite/components/ExportResultsPanel.tsx, /src/features/composite/components/GlobalOutputRulesPanel.tsx[22m
[2m12:29:59[22m [36m[1m[vite][22m[39m [90m[2m(client)[22m[39m [32mhmr update [39m[2m/src/index.css, /src/features/composite/components/BatchExportTab.tsx, /src/features/composite/components/PresetManagementTab.tsx, /src/features/composite/components/DistributionSettingsPanel.tsx, /src/features/composite/components/PresetCanvasEditor.tsx, /src/features/composite/components/ExportResultsPanel.tsx, /src/features/composite/components/GlobalOutputRulesPanel.tsx[22m
[2m12:30:25[22m [36m[1m[vite][22m[39m [90m[2m(client)[22m[39m [32mhmr update [39m[2m/src/features/composite/components/BatchExportTab.tsx, /src/index.css[22m
[2m12:30:52[22m [36m[1m[vite][22m[39m [90m[2m(client)[22m[39m [32mhmr update [39m[2m/src/features/composite/components/ExportResultsPanel.tsx, /src/index.css[22m
[image-size] D:\测试\闪屏\拍照攻略闪屏-1.png: 941x1672
[image-size] D:\测试\闪屏\拍照攻略闪屏-10.png: 941x1672
[image-size] D:\测试\闪屏\拍照攻略闪屏-100.png: 941x1672
[image-size] D:\测试\闪屏\拍照攻略闪屏-11.png: 941x1672
[image-size] D:\测试\闪屏\拍照攻略闪屏-12.png: 941x1672
[image-size] D:\测试\闪屏\拍照攻略闪屏-13.png: 941x1672
[image-size] D:\测试\闪屏\拍照攻略闪屏-14.png: 941x1672
[image-size] D:\测试\闪屏\拍照攻略闪屏-15.png: 941x1672
[image-size] D:\测试\闪屏\拍照攻略闪屏-16.png: 941x1672
[image-size] D:\测试\闪屏\拍照攻略闪屏-17.png: 941x1672
[image-size] D:\测试\闪屏\拍照攻略闪屏-18.png: 941x1672
[image-size] D:\测试\闪屏\拍照攻略闪屏-19.png: 941x1672
[image-size] D:\测试\闪屏\拍照攻略闪屏-2.png: 941x1672
[image-size] D:\测试\闪屏\拍照攻略闪屏-20.png: 941x1672
[image-size] D:\测试\闪屏\拍照攻略闪屏-21.png: 941x1672
[image-size] D:\测试\闪屏\拍照攻略闪屏-22.png: 941x1672
[image-size] D:\测试\闪屏\拍照攻略闪屏-23.png: 941x1672
[image-size] D:\测试\闪屏\拍照攻略闪屏-24.png: 941x1672
[image-size] D:\测试\闪屏\拍照攻略闪屏-25.png: 941x1672
[image-size] D:\测试\闪屏\拍照攻略闪屏-26.png: 941x1672
[image-size] D:\测试\闪屏\拍照攻略闪屏-27.png: 941x1672
[image-size] D:\测试\闪屏\拍照攻略闪屏-28.png: 941x1672
[image-size] D:\测试\闪屏\拍照攻略闪屏-29.png: 941x1672
[image-size] D:\测试\闪屏\拍照攻略闪屏-3.png: 941x1672
[image-size] D:\测试\闪屏\拍照攻略闪屏-30.png: 941x1672
[image-size] D:\测试\闪屏\拍照攻略闪屏-31.png: 941x1672
[image-size] D:\测试\闪屏\拍照攻略闪屏-32.png: 941x1672
[image-size] D:\测试\闪屏\拍照攻略闪屏-33.png: 941x1672
[image-size] D:\测试\闪屏\拍照攻略闪屏-34.png: 941x1672
[image-size] D:\测试\闪屏\拍照攻略闪屏-35.png: 941x1672
[image-size] D:\测试\闪屏\拍照攻略闪屏-36.png: 941x1672
[image-size] D:\测试\闪屏\拍照攻略闪屏-37.png: 941x1672
[image-size] D:\测试\闪屏\拍照攻略闪屏-38.png: 941x1672
[image-size] D:\测试\闪屏\拍照攻略闪屏-39.png: 941x1672
[image-size] D:\测试\闪屏\拍照攻略闪屏-4.png: 941x1672
[image-size] D:\测试\闪屏\拍照攻略闪屏-40.png: 941x1672
[image-size] D:\测试\闪屏\拍照攻略闪屏-41.png: 941x1672
[image-size] D:\测试\闪屏\拍照攻略闪屏-42.png: 941x1672
[image-size] D:\测试\闪屏\拍照攻略闪屏-43.png: 941x1672
[image-size] D:\测试\闪屏\拍照攻略闪屏-44.png: 941x1672
[image-size] D:\测试\闪屏\拍照攻略闪屏-45.png: 941x1672
[image-size] D:\测试\闪屏\拍照攻略闪屏-46.png: 941x1672
[image-size] D:\测试\闪屏\拍照攻略闪屏-47.png: 941x1672
[image-size] D:\测试\闪屏\拍照攻略闪屏-48.png: 941x1672
[image-size] D:\测试\闪屏\拍照攻略闪屏-49.png: 941x1672
[image-size] D:\测试\闪屏\拍照攻略闪屏-5.png: 941x1672
[image-size] D:\测试\闪屏\拍照攻略闪屏-50.png: 941x1672
[image-size] D:\测试\闪屏\拍照攻略闪屏-51.png: 941x1672
[image-size] D:\测试\闪屏\拍照攻略闪屏-52.png: 941x1672
[image-size] D:\测试\闪屏\拍照攻略闪屏-53.png: 941x1672
[image-size] D:\测试\闪屏\拍照攻略闪屏-54.png: 941x1672
[image-size] D:\测试\闪屏\拍照攻略闪屏-55.png: 941x1672
[image-size] D:\测试\闪屏\拍照攻略闪屏-56.png: 941x1672
[image-size] D:\测试\闪屏\拍照攻略闪屏-57.png: 941x1672
[image-size] D:\测试\闪屏\拍照攻略闪屏-58.png: 941x1672
[image-size] D:\测试\闪屏\拍照攻略闪屏-59.png: 941x1672
[image-size] D:\测试\闪屏\拍照攻略闪屏-6.png: 941x1672
[image-size] D:\测试\闪屏\拍照攻略闪屏-60.png: 941x1672
[image-size] D:\测试\闪屏\拍照攻略闪屏-61.png: 941x1672
[image-size] D:\测试\闪屏\拍照攻略闪屏-62.png: 941x1672
[image-size] D:\测试\闪屏\拍照攻略闪屏-63.png: 941x1672
[image-size] D:\测试\闪屏\拍照攻略闪屏-64.png: 941x1672
[image-size] D:\测试\闪屏\拍照攻略闪屏-65.png: 941x1672
[image-size] D:\测试\闪屏\拍照攻略闪屏-66.png: 941x1672
[image-size] D:\测试\闪屏\拍照攻略闪屏-67.png: 941x1672
[image-size] D:\测试\闪屏\拍照攻略闪屏-68.png: 941x1672
[image-size] D:\测试\闪屏\拍照攻略闪屏-69.png: 941x1672
[image-size] D:\测试\闪屏\拍照攻略闪屏-7.png: 941x1672
[image-size] D:\测试\闪屏\拍照攻略闪屏-70.png: 941x1672
[image-size] D:\测试\闪屏\拍照攻略闪屏-71.png: 941x1672
[image-size] D:\测试\闪屏\拍照攻略闪屏-72.png: 941x1672
[image-size] D:\测试\闪屏\拍照攻略闪屏-73.png: 941x1672
[image-size] D:\测试\闪屏\拍照攻略闪屏-74.png: 941x1672
[image-size] D:\测试\闪屏\拍照攻略闪屏-75.png: 941x1672
[image-size] D:\测试\闪屏\拍照攻略闪屏-76.png: 941x1672
[image-size] D:\测试\闪屏\拍照攻略闪屏-77.png: 941x1672
[image-size] D:\测试\闪屏\拍照攻略闪屏-78.png: 941x1672
[image-size] D:\测试\闪屏\拍照攻略闪屏-79.png: 941x1672
[image-size] D:\测试\闪屏\拍照攻略闪屏-8.png: 941x1672
[image-size] D:\测试\闪屏\拍照攻略闪屏-80.png: 941x1672
[image-size] D:\测试\闪屏\拍照攻略闪屏-81.png: 941x1672
[image-size] D:\测试\闪屏\拍照攻略闪屏-82.png: 941x1672
[image-size] D:\测试\闪屏\拍照攻略闪屏-83.png: 941x1672
[image-size] D:\测试\闪屏\拍照攻略闪屏-84.png: 941x1672
[image-size] D:\测试\闪屏\拍照攻略闪屏-85.png: 941x1672
[image-size] D:\测试\闪屏\拍照攻略闪屏-86.png: 941x1672
[image-size] D:\测试\闪屏\拍照攻略闪屏-87.png: 941x1672
[image-size] D:\测试\闪屏\拍照攻略闪屏-88.png: 941x1672
[image-size] D:\测试\闪屏\拍照攻略闪屏-89.png: 941x1672
[image-size] D:\测试\闪屏\拍照攻略闪屏-9.png: 941x1672
[image-size] D:\测试\闪屏\拍照攻略闪屏-90.png: 941x1672
[image-size] D:\测试\闪屏\拍照攻略闪屏-91.png: 941x1672
[image-size] D:\测试\闪屏\拍照攻略闪屏-92.png: 941x1672
[image-size] D:\测试\闪屏\拍照攻略闪屏-93.png: 941x1672
[image-size] D:\测试\闪屏\拍照攻略闪屏-94.png: 941x1672
[image-size] D:\测试\闪屏\拍照攻略闪屏-95.png: 941x1672
[image-size] D:\测试\闪屏\拍照攻略闪屏-96.png: 941x1672
[image-size] D:\测试\闪屏\拍照攻略闪屏-97.png: 941x1672
[image-size] D:\测试\闪屏\拍照攻略闪屏-98.png: 941x1672
[image-size] D:\测试\闪屏\拍照攻略闪屏-99.png: 941x1672
[image-size] D:\测试\大图\拍照攻略大图-1.png: 1672x941
[image-size] D:\测试\大图\拍照攻略大图-10.png: 1672x941
[image-size] D:\测试\大图\拍照攻略大图-100.png: 1672x941
[image-size] D:\测试\大图\拍照攻略大图-11.png: 1672x941
[image-size] D:\测试\大图\拍照攻略大图-12.png: 1672x941
[image-size] D:\测试\大图\拍照攻略大图-13.png: 1672x941
[image-size] D:\测试\大图\拍照攻略大图-14.png: 1672x941
[image-size] D:\测试\大图\拍照攻略大图-15.png: 1672x941
[image-size] D:\测试\大图\拍照攻略大图-16.png: 1672x941
[image-size] D:\测试\大图\拍照攻略大图-17.png: 1672x941
[image-size] D:\测试\大图\拍照攻略大图-18.png: 1672x941
[image-size] D:\测试\大图\拍照攻略大图-19.png: 1672x941
[image-size] D:\测试\大图\拍照攻略大图-2.png: 1672x941
[image-size] D:\测试\大图\拍照攻略大图-20.png: 1672x941
[image-size] D:\测试\大图\拍照攻略大图-21.png: 1672x941
[image-size] D:\测试\大图\拍照攻略大图-22.png: 1672x941
[image-size] D:\测试\大图\拍照攻略大图-23.png: 1672x941
[image-size] D:\测试\大图\拍照攻略大图-24.png: 1672x941
[image-size] D:\测试\大图\拍照攻略大图-25.png: 1672x941
[image-size] D:\测试\大图\拍照攻略大图-26.png: 1672x941
[image-size] D:\测试\大图\拍照攻略大图-27.png: 1672x941
[image-size] D:\测试\大图\拍照攻略大图-28.png: 1672x941
[image-size] D:\测试\大图\拍照攻略大图-29.png: 1672x941
[image-size] D:\测试\大图\拍照攻略大图-3.png: 1672x941
[image-size] D:\测试\大图\拍照攻略大图-30.png: 1672x941
[image-size] D:\测试\大图\拍照攻略大图-31.png: 1672x941
[image-size] D:\测试\大图\拍照攻略大图-32.png: 1672x941
[image-size] D:\测试\大图\拍照攻略大图-33.png: 1672x941
[image-size] D:\测试\大图\拍照攻略大图-34.png: 1672x941
[image-size] D:\测试\大图\拍照攻略大图-35.png: 1672x941
[image-size] D:\测试\大图\拍照攻略大图-36.png: 1672x941
[image-size] D:\测试\大图\拍照攻略大图-37.png: 1672x941
[image-size] D:\测试\大图\拍照攻略大图-38.png: 1672x941
[image-size] D:\测试\大图\拍照攻略大图-39.png: 1672x941
[image-size] D:\测试\大图\拍照攻略大图-4.png: 1672x941
[image-size] D:\测试\大图\拍照攻略大图-40.png: 1672x941
[image-size] D:\测试\大图\拍照攻略大图-41.png: 1672x941
[image-size] D:\测试\大图\拍照攻略大图-42.png: 1672x941
[image-size] D:\测试\大图\拍照攻略大图-43.png: 1672x941
[image-size] D:\测试\大图\拍照攻略大图-44.png: 1672x941
[image-size] D:\测试\大图\拍照攻略大图-45.png: 1672x941
[image-size] D:\测试\大图\拍照攻略大图-46.png: 1672x941
[image-size] D:\测试\大图\拍照攻略大图-47.png: 1672x941
[image-size] D:\测试\大图\拍照攻略大图-48.png: 1672x941
[image-size] D:\测试\大图\拍照攻略大图-49.png: 1672x941
[image-size] D:\测试\大图\拍照攻略大图-5.png: 1672x941
[image-size] D:\测试\大图\拍照攻略大图-50.png: 1672x941
[image-size] D:\测试\大图\拍照攻略大图-51.png: 1672x941
[image-size] D:\测试\大图\拍照攻略大图-52.png: 1672x941
[image-size] D:\测试\大图\拍照攻略大图-53.png: 1672x941
[image-size] D:\测试\大图\拍照攻略大图-54.png: 1672x941
[image-size] D:\测试\大图\拍照攻略大图-55.png: 1672x941
[image-size] D:\测试\大图\拍照攻略大图-56.png: 1672x941
[image-size] D:\测试\大图\拍照攻略大图-57.png: 1672x941
[image-size] D:\测试\大图\拍照攻略大图-58.png: 1672x941
[image-size] D:\测试\大图\拍照攻略大图-59.png: 1672x941
[image-size] D:\测试\大图\拍照攻略大图-6.png: 1672x941
[image-size] D:\测试\大图\拍照攻略大图-60.png: 1672x941
[image-size] D:\测试\大图\拍照攻略大图-61.png: 1672x941
[image-size] D:\测试\大图\拍照攻略大图-62.png: 1672x941
[image-size] D:\测试\大图\拍照攻略大图-63.png: 1672x941
[image-size] D:\测试\大图\拍照攻略大图-64.png: 1672x941
[image-size] D:\测试\大图\拍照攻略大图-65.png: 1672x941
[image-size] D:\测试\大图\拍照攻略大图-66.png: 1672x941
[image-size] D:\测试\大图\拍照攻略大图-67.png: 1672x941
[image-size] D:\测试\大图\拍照攻略大图-68.png: 1672x941
[image-size] D:\测试\大图\拍照攻略大图-69.png: 1672x941
[image-size] D:\测试\大图\拍照攻略大图-7.png: 1672x941
[image-size] D:\测试\大图\拍照攻略大图-70.png: 1672x941
[image-size] D:\测试\大图\拍照攻略大图-71.png: 1672x941
[image-size] D:\测试\大图\拍照攻略大图-72.png: 1672x941
[image-size] D:\测试\大图\拍照攻略大图-73.png: 1672x941
[image-size] D:\测试\大图\拍照攻略大图-74.png: 1672x941
[image-size] D:\测试\大图\拍照攻略大图-75.png: 1672x941
[image-size] D:\测试\大图\拍照攻略大图-76.png: 1672x941
[image-size] D:\测试\大图\拍照攻略大图-77.png: 1672x941
[image-size] D:\测试\大图\拍照攻略大图-78.png: 1672x941
[image-size] D:\测试\大图\拍照攻略大图-79.png: 1672x941
[image-size] D:\测试\大图\拍照攻略大图-8.png: 1672x941
[image-size] D:\测试\大图\拍照攻略大图-80.png: 1672x941
[image-size] D:\测试\大图\拍照攻略大图-81.png: 1672x941
[image-size] D:\测试\大图\拍照攻略大图-82.png: 1672x941
[image-size] D:\测试\大图\拍照攻略大图-83.png: 1672x941
[image-size] D:\测试\大图\拍照攻略大图-84.png: 1672x941
[image-size] D:\测试\大图\拍照攻略大图-85.png: 1672x941
[image-size] D:\测试\大图\拍照攻略大图-86.png: 1672x941
[image-size] D:\测试\大图\拍照攻略大图-87.png: 1672x941
[image-size] D:\测试\大图\拍照攻略大图-88.png: 1672x941
[image-size] D:\测试\大图\拍照攻略大图-89.png: 1672x941
[image-size] D:\测试\大图\拍照攻略大图-9.png: 1672x941
[image-size] D:\测试\大图\拍照攻略大图-90.png: 1672x941
[image-size] D:\测试\大图\拍照攻略大图-91.png: 1672x941
[image-size] D:\测试\大图\拍照攻略大图-92.png: 1672x941
[image-size] D:\测试\大图\拍照攻略大图-93.png: 1672x941
[image-size] D:\测试\大图\拍照攻略大图-94.png: 1672x941
[image-size] D:\测试\大图\拍照攻略大图-95.png: 1672x941
[image-size] D:\测试\大图\拍照攻略大图-96.png: 1672x941
[image-size] D:\测试\大图\拍照攻略大图-97.png: 1672x941
[image-size] D:\测试\大图\拍照攻略大图-98.png: 1672x941
[image-size] D:\测试\大图\拍照攻略大图-99.png: 1672x941
[2m12:31:04[22m [36m[1m[vite][22m[39m [90m[2m(client)[22m[39m [32mhmr update [39m[2m/src/features/composite/components/ExportResultsPanel.tsx, /src/index.css[22m
[2m12:31:22[22m [36m[1m[vite][22m[39m [90m[2m(client)[22m[39m [32mhmr update [39m[2m/src/features/composite/components/ExportResultsPanel.tsx, /src/index.css[22m
[2m12:31:36[22m [36m[1m[vite][22m[39m [90m[2m(client)[22m[39m [32mhmr update [39m[2m/src/features/composite/components/ExportResultsPanel.tsx, /src/index.css[22m
[36m
build started...[39m
[32m✓[39m 1 modules transformed.
[2mdist-electron/[22m[36mmain.js  [39m[1m[33m650.86 kB[39m[22m[2m │ gzip: 135.63 kB[22m
[36mbuilt in 1430ms.[39m

[debug] app.getAppPath(): D:\AAA\GPT-IMAGE-20260629
[debug] preload 路径: D:\AAA\GPT-IMAGE-20260629\electron\preload.cjs
[debug] preload 是否存在: true
[image-size] D:\测试\闪屏\拍照攻略闪屏-1.png: 941x1672
[image-size] D:\测试\闪屏\拍照攻略闪屏-10.png: 941x1672
[image-size] D:\测试\闪屏\拍照攻略闪屏-100.png: 941x1672
[image-size] D:\测试\闪屏\拍照攻略闪屏-11.png: 941x1672
[image-size] D:\测试\闪屏\拍照攻略闪屏-12.png: 941x1672
[image-size] D:\测试\闪屏\拍照攻略闪屏-13.png: 941x1672
[image-size] D:\测试\闪屏\拍照攻略闪屏-14.png: 941x1672
[image-size] D:\测试\闪屏\拍照攻略闪屏-15.png: 941x1672
[image-size] D:\测试\闪屏\拍照攻略闪屏-16.png: 941x1672
[image-size] D:\测试\闪屏\拍照攻略闪屏-17.png: 941x1672
[image-size] D:\测试\闪屏\拍照攻略闪屏-18.png: 941x1672
[image-size] D:\测试\闪屏\拍照攻略闪屏-19.png: 941x1672
[image-size] D:\测试\闪屏\拍照攻略闪屏-2.png: 941x1672
[image-size] D:\测试\闪屏\拍照攻略闪屏-20.png: 941x1672
[image-size] D:\测试\闪屏\拍照攻略闪屏-21.png: 941x1672
[image-size] D:\测试\闪屏\拍照攻略闪屏-22.png: 941x1672
[image-size] D:\测试\闪屏\拍照攻略闪屏-23.png: 941x1672
[image-size] D:\测试\闪屏\拍照攻略闪屏-24.png: 941x1672
[image-size] D:\测试\闪屏\拍照攻略闪屏-25.png: 941x1672
[image-size] D:\测试\闪屏\拍照攻略闪屏-26.png: 941x1672
[image-size] D:\测试\闪屏\拍照攻略闪屏-27.png: 941x1672
[image-size] D:\测试\闪屏\拍照攻略闪屏-28.png: 941x1672
[image-size] D:\测试\闪屏\拍照攻略闪屏-29.png: 941x1672
[image-size] D:\测试\闪屏\拍照攻略闪屏-3.png: 941x1672
[image-size] D:\测试\闪屏\拍照攻略闪屏-30.png: 941x1672
[image-size] D:\测试\闪屏\拍照攻略闪屏-31.png: 941x1672
[image-size] D:\测试\闪屏\拍照攻略闪屏-32.png: 941x1672
[image-size] D:\测试\闪屏\拍照攻略闪屏-33.png: 941x1672
[image-size] D:\测试\闪屏\拍照攻略闪屏-34.png: 941x1672
[image-size] D:\测试\闪屏\拍照攻略闪屏-35.png: 941x1672
[image-size] D:\测试\闪屏\拍照攻略闪屏-36.png: 941x1672
[image-size] D:\测试\闪屏\拍照攻略闪屏-37.png: 941x1672
[image-size] D:\测试\闪屏\拍照攻略闪屏-38.png: 941x1672
[image-size] D:\测试\闪屏\拍照攻略闪屏-39.png: 941x1672
[image-size] D:\测试\闪屏\拍照攻略闪屏-4.png: 941x1672
[image-size] D:\测试\闪屏\拍照攻略闪屏-40.png: 941x1672
[image-size] D:\测试\闪屏\拍照攻略闪屏-41.png: 941x1672
[image-size] D:\测试\闪屏\拍照攻略闪屏-42.png: 941x1672
[image-size] D:\测试\闪屏\拍照攻略闪屏-43.png: 941x1672
[image-size] D:\测试\闪屏\拍照攻略闪屏-44.png: 941x1672
[image-size] D:\测试\闪屏\拍照攻略闪屏-45.png: 941x1672
[image-size] D:\测试\闪屏\拍照攻略闪屏-46.png: 941x1672
[image-size] D:\测试\闪屏\拍照攻略闪屏-47.png: 941x1672
[image-size] D:\测试\闪屏\拍照攻略闪屏-48.png: 941x1672
[image-size] D:\测试\闪屏\拍照攻略闪屏-49.png: 941x1672
[image-size] D:\测试\闪屏\拍照攻略闪屏-5.png: 941x1672
[image-size] D:\测试\闪屏\拍照攻略闪屏-50.png: 941x1672
[image-size] D:\测试\闪屏\拍照攻略闪屏-51.png: 941x1672
[image-size] D:\测试\闪屏\拍照攻略闪屏-52.png: 941x1672
[image-size] D:\测试\闪屏\拍照攻略闪屏-53.png: 941x1672
[image-size] D:\测试\闪屏\拍照攻略闪屏-54.png: 941x1672
[image-size] D:\测试\闪屏\拍照攻略闪屏-55.png: 941x1672
[image-size] D:\测试\闪屏\拍照攻略闪屏-56.png: 941x1672
[image-size] D:\测试\闪屏\拍照攻略闪屏-57.png: 941x1672
[image-size] D:\测试\闪屏\拍照攻略闪屏-58.png: 941x1672
[image-size] D:\测试\闪屏\拍照攻略闪屏-59.png: 941x1672
[image-size] D:\测试\闪屏\拍照攻略闪屏-6.png: 941x1672
[image-size] D:\测试\闪屏\拍照攻略闪屏-60.png: 941x1672
[image-size] D:\测试\闪屏\拍照攻略闪屏-61.png: 941x1672
[image-size] D:\测试\闪屏\拍照攻略闪屏-62.png: 941x1672
[image-size] D:\测试\闪屏\拍照攻略闪屏-63.png: 941x1672
[image-size] D:\测试\闪屏\拍照攻略闪屏-64.png: 941x1672
[image-size] D:\测试\闪屏\拍照攻略闪屏-65.png: 941x1672
[image-size] D:\测试\闪屏\拍照攻略闪屏-66.png: 941x1672
[image-size] D:\测试\闪屏\拍照攻略闪屏-67.png: 941x1672
[image-size] D:\测试\闪屏\拍照攻略闪屏-68.png: 941x1672
[image-size] D:\测试\闪屏\拍照攻略闪屏-69.png: 941x1672
[image-size] D:\测试\闪屏\拍照攻略闪屏-7.png: 941x1672
[image-size] D:\测试\闪屏\拍照攻略闪屏-70.png: 941x1672
[image-size] D:\测试\闪屏\拍照攻略闪屏-71.png: 941x1672
[image-size] D:\测试\闪屏\拍照攻略闪屏-72.png: 941x1672
[image-size] D:\测试\闪屏\拍照攻略闪屏-73.png: 941x1672
[image-size] D:\测试\闪屏\拍照攻略闪屏-74.png: 941x1672
[image-size] D:\测试\闪屏\拍照攻略闪屏-75.png: 941x1672
[image-size] D:\测试\闪屏\拍照攻略闪屏-76.png: 941x1672
[image-size] D:\测试\闪屏\拍照攻略闪屏-77.png: 941x1672
[image-size] D:\测试\闪屏\拍照攻略闪屏-78.png: 941x1672
[image-size] D:\测试\闪屏\拍照攻略闪屏-79.png: 941x1672
[image-size] D:\测试\闪屏\拍照攻略闪屏-8.png: 941x1672
[image-size] D:\测试\闪屏\拍照攻略闪屏-80.png: 941x1672
[image-size] D:\测试\闪屏\拍照攻略闪屏-81.png: 941x1672
[image-size] D:\测试\闪屏\拍照攻略闪屏-82.png: 941x1672
[image-size] D:\测试\闪屏\拍照攻略闪屏-83.png: 941x1672
[image-size] D:\测试\闪屏\拍照攻略闪屏-84.png: 941x1672
[image-size] D:\测试\闪屏\拍照攻略闪屏-85.png: 941x1672
[image-size] D:\测试\闪屏\拍照攻略闪屏-86.png: 941x1672
[image-size] D:\测试\闪屏\拍照攻略闪屏-87.png: 941x1672
[image-size] D:\测试\闪屏\拍照攻略闪屏-88.png: 941x1672
[image-size] D:\测试\闪屏\拍照攻略闪屏-89.png: 941x1672
[image-size] D:\测试\闪屏\拍照攻略闪屏-9.png: 941x1672
[image-size] D:\测试\闪屏\拍照攻略闪屏-90.png: 941x1672
[image-size] D:\测试\闪屏\拍照攻略闪屏-91.png: 941x1672
[image-size] D:\测试\闪屏\拍照攻略闪屏-92.png: 941x1672
[image-size] D:\测试\闪屏\拍照攻略闪屏-93.png: 941x1672
[image-size] D:\测试\闪屏\拍照攻略闪屏-94.png: 941x1672
[image-size] D:\测试\闪屏\拍照攻略闪屏-95.png: 941x1672
[image-size] D:\测试\闪屏\拍照攻略闪屏-96.png: 941x1672
[image-size] D:\测试\闪屏\拍照攻略闪屏-97.png: 941x1672
[image-size] D:\测试\闪屏\拍照攻略闪屏-98.png: 941x1672
[image-size] D:\测试\闪屏\拍照攻略闪屏-99.png: 941x1672
[image-size] D:\测试\闪屏\拍照攻略闪屏-1.png: 941x1672
[image-size] D:\测试\闪屏\拍照攻略闪屏-10.png: 941x1672
[image-size] D:\测试\闪屏\拍照攻略闪屏-100.png: 941x1672
[image-size] D:\测试\闪屏\拍照攻略闪屏-11.png: 941x1672
[image-size] D:\测试\闪屏\拍照攻略闪屏-12.png: 941x1672
[image-size] D:\测试\闪屏\拍照攻略闪屏-13.png: 941x1672
[image-size] D:\测试\闪屏\拍照攻略闪屏-14.png: 941x1672
[image-size] D:\测试\闪屏\拍照攻略闪屏-15.png: 941x1672
[image-size] D:\测试\闪屏\拍照攻略闪屏-16.png: 941x1672
[image-size] D:\测试\闪屏\拍照攻略闪屏-17.png: 941x1672
[image-size] D:\测试\闪屏\拍照攻略闪屏-18.png: 941x1672
[image-size] D:\测试\闪屏\拍照攻略闪屏-19.png: 941x1672
[image-size] D:\测试\闪屏\拍照攻略闪屏-2.png: 941x1672
[image-size] D:\测试\闪屏\拍照攻略闪屏-20.png: 941x1672
[image-size] D:\测试\闪屏\拍照攻略闪屏-21.png: 941x1672
[image-size] D:\测试\闪屏\拍照攻略闪屏-22.png: 941x1672
[image-size] D:\测试\闪屏\拍照攻略闪屏-23.png: 941x1672
[image-size] D:\测试\闪屏\拍照攻略闪屏-24.png: 941x1672
[image-size] D:\测试\闪屏\拍照攻略闪屏-25.png: 941x1672
[image-size] D:\测试\闪屏\拍照攻略闪屏-26.png: 941x1672
[image-size] D:\测试\闪屏\拍照攻略闪屏-27.png: 941x1672
[image-size] D:\测试\闪屏\拍照攻略闪屏-28.png: 941x1672
[image-size] D:\测试\闪屏\拍照攻略闪屏-29.png: 941x1672
[image-size] D:\测试\闪屏\拍照攻略闪屏-3.png: 941x1672
[image-size] D:\测试\闪屏\拍照攻略闪屏-30.png: 941x1672
[image-size] D:\测试\闪屏\拍照攻略闪屏-31.png: 941x1672
[image-size] D:\测试\闪屏\拍照攻略闪屏-32.png: 941x1672
[image-size] D:\测试\闪屏\拍照攻略闪屏-33.png: 941x1672
[image-size] D:\测试\闪屏\拍照攻略闪屏-34.png: 941x1672
[image-size] D:\测试\闪屏\拍照攻略闪屏-35.png: 941x1672
[image-size] D:\测试\闪屏\拍照攻略闪屏-36.png: 941x1672
[image-size] D:\测试\闪屏\拍照攻略闪屏-37.png: 941x1672
[image-size] D:\测试\闪屏\拍照攻略闪屏-38.png: 941x1672
[image-size] D:\测试\闪屏\拍照攻略闪屏-39.png: 941x1672
[image-size] D:\测试\闪屏\拍照攻略闪屏-4.png: 941x1672
[image-size] D:\测试\闪屏\拍照攻略闪屏-40.png: 941x1672
[image-size] D:\测试\闪屏\拍照攻略闪屏-41.png: 941x1672
[image-size] D:\测试\闪屏\拍照攻略闪屏-42.png: 941x1672
[image-size] D:\测试\闪屏\拍照攻略闪屏-43.png: 941x1672
[image-size] D:\测试\闪屏\拍照攻略闪屏-44.png: 941x1672
[image-size] D:\测试\闪屏\拍照攻略闪屏-45.png: 941x1672
[image-size] D:\测试\闪屏\拍照攻略闪屏-46.png: 941x1672
[image-size] D:\测试\闪屏\拍照攻略闪屏-47.png: 941x1672
[image-size] D:\测试\闪屏\拍照攻略闪屏-48.png: 941x1672
[image-size] D:\测试\闪屏\拍照攻略闪屏-49.png: 941x1672
[image-size] D:\测试\闪屏\拍照攻略闪屏-5.png: 941x1672
[image-size] D:\测试\闪屏\拍照攻略闪屏-50.png: 941x1672
[image-size] D:\测试\闪屏\拍照攻略闪屏-51.png: 941x1672
[image-size] D:\测试\闪屏\拍照攻略闪屏-52.png: 941x1672
[image-size] D:\测试\闪屏\拍照攻略闪屏-53.png: 941x1672
[image-size] D:\测试\闪屏\拍照攻略闪屏-54.png: 941x1672
[image-size] D:\测试\闪屏\拍照攻略闪屏-55.png: 941x1672
[image-size] D:\测试\闪屏\拍照攻略闪屏-56.png: 941x1672
[image-size] D:\测试\闪屏\拍照攻略闪屏-57.png: 941x1672
[image-size] D:\测试\闪屏\拍照攻略闪屏-58.png: 941x1672
[image-size] D:\测试\闪屏\拍照攻略闪屏-59.png: 941x1672
[image-size] D:\测试\闪屏\拍照攻略闪屏-6.png: 941x1672
[image-size] D:\测试\闪屏\拍照攻略闪屏-60.png: 941x1672
[image-size] D:\测试\闪屏\拍照攻略闪屏-61.png: 941x1672
[image-size] D:\测试\闪屏\拍照攻略闪屏-62.png: 941x1672
[image-size] D:\测试\闪屏\拍照攻略闪屏-63.png: 941x1672
[image-size] D:\测试\闪屏\拍照攻略闪屏-64.png: 941x1672
[image-size] D:\测试\闪屏\拍照攻略闪屏-65.png: 941x1672
[image-size] D:\测试\闪屏\拍照攻略闪屏-66.png: 941x1672
[image-size] D:\测试\闪屏\拍照攻略闪屏-67.png: 941x1672
[image-size] D:\测试\闪屏\拍照攻略闪屏-68.png: 941x1672
[image-size] D:\测试\闪屏\拍照攻略闪屏-69.png: 941x1672
[image-size] D:\测试\闪屏\拍照攻略闪屏-7.png: 941x1672
[image-size] D:\测试\闪屏\拍照攻略闪屏-70.png: 941x1672
[image-size] D:\测试\闪屏\拍照攻略闪屏-71.png: 941x1672
[image-size] D:\测试\闪屏\拍照攻略闪屏-72.png: 941x1672
[image-size] D:\测试\闪屏\拍照攻略闪屏-73.png: 941x1672
[image-size] D:\测试\闪屏\拍照攻略闪屏-74.png: 941x1672
[image-size] D:\测试\闪屏\拍照攻略闪屏-75.png: 941x1672
[image-size] D:\测试\闪屏\拍照攻略闪屏-76.png: 941x1672
[image-size] D:\测试\闪屏\拍照攻略闪屏-77.png: 941x1672
[image-size] D:\测试\闪屏\拍照攻略闪屏-78.png: 941x1672
[image-size] D:\测试\闪屏\拍照攻略闪屏-79.png: 941x1672
[image-size] D:\测试\闪屏\拍照攻略闪屏-8.png: 941x1672
[image-size] D:\测试\闪屏\拍照攻略闪屏-80.png: 941x1672
[image-size] D:\测试\闪屏\拍照攻略闪屏-81.png: 941x1672
[image-size] D:\测试\闪屏\拍照攻略闪屏-82.png: 941x1672
[image-size] D:\测试\闪屏\拍照攻略闪屏-83.png: 941x1672
[image-size] D:\测试\闪屏\拍照攻略闪屏-84.png: 941x1672
[image-size] D:\测试\闪屏\拍照攻略闪屏-85.png: 941x1672
[image-size] D:\测试\闪屏\拍照攻略闪屏-86.png: 941x1672
[image-size] D:\测试\闪屏\拍照攻略闪屏-87.png: 941x1672
[image-size] D:\测试\闪屏\拍照攻略闪屏-88.png: 941x1672
[image-size] D:\测试\闪屏\拍照攻略闪屏-89.png: 941x1672
[image-size] D:\测试\闪屏\拍照攻略闪屏-9.png: 941x1672
[image-size] D:\测试\闪屏\拍照攻略闪屏-90.png: 941x1672
[image-size] D:\测试\闪屏\拍照攻略闪屏-91.png: 941x1672
[image-size] D:\测试\闪屏\拍照攻略闪屏-92.png: 941x1672
[image-size] D:\测试\闪屏\拍照攻略闪屏-93.png: 941x1672
[image-size] D:\测试\闪屏\拍照攻略闪屏-94.png: 941x1672
[image-size] D:\测试\闪屏\拍照攻略闪屏-95.png: 941x1672
[image-size] D:\测试\闪屏\拍照攻略闪屏-96.png: 941x1672
[image-size] D:\测试\闪屏\拍照攻略闪屏-97.png: 941x1672
[image-size] D:\测试\闪屏\拍照攻略闪屏-98.png: 941x1672
[image-size] D:\测试\闪屏\拍照攻略闪屏-99.png: 941x1672
[36m
build started...[39m
[32m✓[39m 1 modules transformed.
[2mdist-electron/[22m[36mmain.js  [39m[1m[33m651.37 kB[39m[22m[2m │ gzip: 135.69 kB[22m
[36mbuilt in 1204ms.[39m

[debug] app.getAppPath(): D:\AAA\GPT-IMAGE-20260629
[debug] preload 路径: D:\AAA\GPT-IMAGE-20260629\electron\preload.cjs
[debug] preload 是否存在: true
[image-size] D:\测试\闪屏\拍照攻略闪屏-1.png: 941x1672
[image-size] D:\测试\闪屏\拍照攻略闪屏-10.png: 941x1672
[image-size] D:\测试\闪屏\拍照攻略闪屏-100.png: 941x1672
[image-size] D:\测试\闪屏\拍照攻略闪屏-11.png: 941x1672
[image-size] D:\测试\闪屏\拍照攻略闪屏-12.png: 941x1672
[image-size] D:\测试\闪屏\拍照攻略闪屏-13.png: 941x1672
[image-size] D:\测试\闪屏\拍照攻略闪屏-14.png: 941x1672
[image-size] D:\测试\闪屏\拍照攻略闪屏-15.png: 941x1672
[image-size] D:\测试\闪屏\拍照攻略闪屏-16.png: 941x1672
[image-size] D:\测试\闪屏\拍照攻略闪屏-17.png: 941x1672
[image-size] D:\测试\闪屏\拍照攻略闪屏-18.png: 941x1672
[image-size] D:\测试\闪屏\拍照攻略闪屏-19.png: 941x1672
[image-size] D:\测试\闪屏\拍照攻略闪屏-2.png: 941x1672
[image-size] D:\测试\闪屏\拍照攻略闪屏-20.png: 941x1672
[image-size] D:\测试\闪屏\拍照攻略闪屏-21.png: 941x1672
[image-size] D:\测试\闪屏\拍照攻略闪屏-22.png: 941x1672
[image-size] D:\测试\闪屏\拍照攻略闪屏-23.png: 941x1672
[image-size] D:\测试\闪屏\拍照攻略闪屏-24.png: 941x1672
[image-size] D:\测试\闪屏\拍照攻略闪屏-25.png: 941x1672
[image-size] D:\测试\闪屏\拍照攻略闪屏-26.png: 941x1672
[image-size] D:\测试\闪屏\拍照攻略闪屏-27.png: 941x1672
[image-size] D:\测试\闪屏\拍照攻略闪屏-28.png: 941x1672
[image-size] D:\测试\闪屏\拍照攻略闪屏-29.png: 941x1672
[image-size] D:\测试\闪屏\拍照攻略闪屏-3.png: 941x1672
[image-size] D:\测试\闪屏\拍照攻略闪屏-30.png: 941x1672
[image-size] D:\测试\闪屏\拍照攻略闪屏-31.png: 941x1672
[image-size] D:\测试\闪屏\拍照攻略闪屏-32.png: 941x1672
[image-size] D:\测试\闪屏\拍照攻略闪屏-33.png: 941x1672
[image-size] D:\测试\闪屏\拍照攻略闪屏-34.png: 941x1672
[image-size] D:\测试\闪屏\拍照攻略闪屏-35.png: 941x1672
[image-size] D:\测试\闪屏\拍照攻略闪屏-36.png: 941x1672
[image-size] D:\测试\闪屏\拍照攻略闪屏-37.png: 941x1672
[image-size] D:\测试\闪屏\拍照攻略闪屏-38.png: 941x1672
[image-size] D:\测试\闪屏\拍照攻略闪屏-39.png: 941x1672
[image-size] D:\测试\闪屏\拍照攻略闪屏-4.png: 941x1672
[image-size] D:\测试\闪屏\拍照攻略闪屏-40.png: 941x1672
[image-size] D:\测试\闪屏\拍照攻略闪屏-41.png: 941x1672
[image-size] D:\测试\闪屏\拍照攻略闪屏-42.png: 941x1672
[image-size] D:\测试\闪屏\拍照攻略闪屏-43.png: 941x1672
[image-size] D:\测试\闪屏\拍照攻略闪屏-44.png: 941x1672
[image-size] D:\测试\闪屏\拍照攻略闪屏-45.png: 941x1672
[image-size] D:\测试\闪屏\拍照攻略闪屏-46.png: 941x1672
[image-size] D:\测试\闪屏\拍照攻略闪屏-47.png: 941x1672
[image-size] D:\测试\闪屏\拍照攻略闪屏-48.png: 941x1672
[image-size] D:\测试\闪屏\拍照攻略闪屏-49.png: 941x1672
[image-size] D:\测试\闪屏\拍照攻略闪屏-5.png: 941x1672
[image-size] D:\测试\闪屏\拍照攻略闪屏-50.png: 941x1672
[image-size] D:\测试\闪屏\拍照攻略闪屏-51.png: 941x1672
[image-size] D:\测试\闪屏\拍照攻略闪屏-52.png: 941x1672
[image-size] D:\测试\闪屏\拍照攻略闪屏-53.png: 941x1672
[image-size] D:\测试\闪屏\拍照攻略闪屏-54.png: 941x1672
[image-size] D:\测试\闪屏\拍照攻略闪屏-55.png: 941x1672
[image-size] D:\测试\闪屏\拍照攻略闪屏-56.png: 941x1672
[image-size] D:\测试\闪屏\拍照攻略闪屏-57.png: 941x1672
[image-size] D:\测试\闪屏\拍照攻略闪屏-58.png: 941x1672
[image-size] D:\测试\闪屏\拍照攻略闪屏-59.png: 941x1672
[image-size] D:\测试\闪屏\拍照攻略闪屏-6.png: 941x1672
[image-size] D:\测试\闪屏\拍照攻略闪屏-60.png: 941x1672
[image-size] D:\测试\闪屏\拍照攻略闪屏-61.png: 941x1672
[image-size] D:\测试\闪屏\拍照攻略闪屏-62.png: 941x1672
[image-size] D:\测试\闪屏\拍照攻略闪屏-63.png: 941x1672
[image-size] D:\测试\闪屏\拍照攻略闪屏-64.png: 941x1672
[image-size] D:\测试\闪屏\拍照攻略闪屏-65.png: 941x1672
[image-size] D:\测试\闪屏\拍照攻略闪屏-66.png: 941x1672
[image-size] D:\测试\闪屏\拍照攻略闪屏-67.png: 941x1672
[image-size] D:\测试\闪屏\拍照攻略闪屏-68.png: 941x1672
[image-size] D:\测试\闪屏\拍照攻略闪屏-69.png: 941x1672
[image-size] D:\测试\闪屏\拍照攻略闪屏-7.png: 941x1672
[image-size] D:\测试\闪屏\拍照攻略闪屏-70.png: 941x1672
[image-size] D:\测试\闪屏\拍照攻略闪屏-71.png: 941x1672
[image-size] D:\测试\闪屏\拍照攻略闪屏-72.png: 941x1672
[image-size] D:\测试\闪屏\拍照攻略闪屏-73.png: 941x1672
[image-size] D:\测试\闪屏\拍照攻略闪屏-74.png: 941x1672
[image-size] D:\测试\闪屏\拍照攻略闪屏-75.png: 941x1672
[image-size] D:\测试\闪屏\拍照攻略闪屏-76.png: 941x1672
[image-size] D:\测试\闪屏\拍照攻略闪屏-77.png: 941x1672
[image-size] D:\测试\闪屏\拍照攻略闪屏-78.png: 941x1672
[image-size] D:\测试\闪屏\拍照攻略闪屏-79.png: 941x1672
[image-size] D:\测试\闪屏\拍照攻略闪屏-8.png: 941x1672
[image-size] D:\测试\闪屏\拍照攻略闪屏-80.png: 941x1672
[image-size] D:\测试\闪屏\拍照攻略闪屏-81.png: 941x1672
[image-size] D:\测试\闪屏\拍照攻略闪屏-82.png: 941x1672
[image-size] D:\测试\闪屏\拍照攻略闪屏-83.png: 941x1672
[image-size] D:\测试\闪屏\拍照攻略闪屏-84.png: 941x1672
[image-size] D:\测试\闪屏\拍照攻略闪屏-85.png: 941x1672
[image-size] D:\测试\闪屏\拍照攻略闪屏-86.png: 941x1672
[image-size] D:\测试\闪屏\拍照攻略闪屏-87.png: 941x1672
[image-size] D:\测试\闪屏\拍照攻略闪屏-88.png: 941x1672
[image-size] D:\测试\闪屏\拍照攻略闪屏-89.png: 941x1672
[image-size] D:\测试\闪屏\拍照攻略闪屏-9.png: 941x1672
[image-size] D:\测试\闪屏\拍照攻略闪屏-90.png: 941x1672
[image-size] D:\测试\闪屏\拍照攻略闪屏-91.png: 941x1672
[image-size] D:\测试\闪屏\拍照攻略闪屏-92.png: 941x1672
[image-size] D:\测试\闪屏\拍照攻略闪屏-93.png: 941x1672
[image-size] D:\测试\闪屏\拍照攻略闪屏-94.png: 941x1672
[image-size] D:\测试\闪屏\拍照攻略闪屏-95.png: 941x1672
[image-size] D:\测试\闪屏\拍照攻略闪屏-96.png: 941x1672
[image-size] D:\测试\闪屏\拍照攻略闪屏-97.png: 941x1672
[image-size] D:\测试\闪屏\拍照攻略闪屏-98.png: 941x1672
[image-size] D:\测试\闪屏\拍照攻略闪屏-99.png: 941x1672
[image-size] D:\测试\闪屏\拍照攻略闪屏-1.png: 941x1672
[image-size] D:\测试\闪屏\拍照攻略闪屏-10.png: 941x1672
[image-size] D:\测试\闪屏\拍照攻略闪屏-100.png: 941x1672
[image-size] D:\测试\闪屏\拍照攻略闪屏-11.png: 941x1672
[image-size] D:\测试\闪屏\拍照攻略闪屏-12.png: 941x1672
[image-size] D:\测试\闪屏\拍照攻略闪屏-13.png: 941x1672
[image-size] D:\测试\闪屏\拍照攻略闪屏-14.png: 941x1672
[image-size] D:\测试\闪屏\拍照攻略闪屏-15.png: 941x1672
[image-size] D:\测试\闪屏\拍照攻略闪屏-16.png: 941x1672
[image-size] D:\测试\闪屏\拍照攻略闪屏-17.png: 941x1672
[image-size] D:\测试\闪屏\拍照攻略闪屏-18.png: 941x1672
[image-size] D:\测试\闪屏\拍照攻略闪屏-19.png: 941x1672
[image-size] D:\测试\闪屏\拍照攻略闪屏-2.png: 941x1672
[image-size] D:\测试\闪屏\拍照攻略闪屏-20.png: 941x1672
[image-size] D:\测试\闪屏\拍照攻略闪屏-21.png: 941x1672
[image-size] D:\测试\闪屏\拍照攻略闪屏-22.png: 941x1672
[image-size] D:\测试\闪屏\拍照攻略闪屏-23.png: 941x1672
[image-size] D:\测试\闪屏\拍照攻略闪屏-24.png: 941x1672
[image-size] D:\测试\闪屏\拍照攻略闪屏-25.png: 941x1672
[image-size] D:\测试\闪屏\拍照攻略闪屏-26.png: 941x1672
[image-size] D:\测试\闪屏\拍照攻略闪屏-27.png: 941x1672
[image-size] D:\测试\闪屏\拍照攻略闪屏-28.png: 941x1672
[image-size] D:\测试\闪屏\拍照攻略闪屏-29.png: 941x1672
[image-size] D:\测试\闪屏\拍照攻略闪屏-3.png: 941x1672
[image-size] D:\测试\闪屏\拍照攻略闪屏-30.png: 941x1672
[image-size] D:\测试\闪屏\拍照攻略闪屏-31.png: 941x1672
[image-size] D:\测试\闪屏\拍照攻略闪屏-32.png: 941x1672
[image-size] D:\测试\闪屏\拍照攻略闪屏-33.png: 941x1672
[image-size] D:\测试\闪屏\拍照攻略闪屏-34.png: 941x1672
[image-size] D:\测试\闪屏\拍照攻略闪屏-35.png: 941x1672
[image-size] D:\测试\闪屏\拍照攻略闪屏-36.png: 941x1672
[image-size] D:\测试\闪屏\拍照攻略闪屏-37.png: 941x1672
[image-size] D:\测试\闪屏\拍照攻略闪屏-38.png: 941x1672
[image-size] D:\测试\闪屏\拍照攻略闪屏-39.png: 941x1672
[image-size] D:\测试\闪屏\拍照攻略闪屏-4.png: 941x1672
[image-size] D:\测试\闪屏\拍照攻略闪屏-40.png: 941x1672
[image-size] D:\测试\闪屏\拍照攻略闪屏-41.png: 941x1672
[image-size] D:\测试\闪屏\拍照攻略闪屏-42.png: 941x1672
[image-size] D:\测试\闪屏\拍照攻略闪屏-43.png: 941x1672
[image-size] D:\测试\闪屏\拍照攻略闪屏-44.png: 941x1672
[image-size] D:\测试\闪屏\拍照攻略闪屏-45.png: 941x1672
[image-size] D:\测试\闪屏\拍照攻略闪屏-46.png: 941x1672
[image-size] D:\测试\闪屏\拍照攻略闪屏-47.png: 941x1672
[image-size] D:\测试\闪屏\拍照攻略闪屏-48.png: 941x1672
[image-size] D:\测试\闪屏\拍照攻略闪屏-49.png: 941x1672
[image-size] D:\测试\闪屏\拍照攻略闪屏-5.png: 941x1672
[image-size] D:\测试\闪屏\拍照攻略闪屏-50.png: 941x1672
[image-size] D:\测试\闪屏\拍照攻略闪屏-51.png: 941x1672
[image-size] D:\测试\闪屏\拍照攻略闪屏-52.png: 941x1672
[image-size] D:\测试\闪屏\拍照攻略闪屏-53.png: 941x1672
[image-size] D:\测试\闪屏\拍照攻略闪屏-54.png: 941x1672
[image-size] D:\测试\闪屏\拍照攻略闪屏-55.png: 941x1672
[image-size] D:\测试\闪屏\拍照攻略闪屏-56.png: 941x1672
[image-size] D:\测试\闪屏\拍照攻略闪屏-57.png: 941x1672
[image-size] D:\测试\闪屏\拍照攻略闪屏-58.png: 941x1672
[image-size] D:\测试\闪屏\拍照攻略闪屏-59.png: 941x1672
[image-size] D:\测试\闪屏\拍照攻略闪屏-6.png: 941x1672
[image-size] D:\测试\闪屏\拍照攻略闪屏-60.png: 941x1672
[image-size] D:\测试\闪屏\拍照攻略闪屏-61.png: 941x1672
[image-size] D:\测试\闪屏\拍照攻略闪屏-62.png: 941x1672
[image-size] D:\测试\闪屏\拍照攻略闪屏-63.png: 941x1672
[image-size] D:\测试\闪屏\拍照攻略闪屏-64.png: 941x1672
[image-size] D:\测试\闪屏\拍照攻略闪屏-65.png: 941x1672
[image-size] D:\测试\闪屏\拍照攻略闪屏-66.png: 941x1672
[image-size] D:\测试\闪屏\拍照攻略闪屏-67.png: 941x1672
[image-size] D:\测试\闪屏\拍照攻略闪屏-68.png: 941x1672
[image-size] D:\测试\闪屏\拍照攻略闪屏-69.png: 941x1672
[image-size] D:\测试\闪屏\拍照攻略闪屏-7.png: 941x1672
[image-size] D:\测试\闪屏\拍照攻略闪屏-70.png: 941x1672
[image-size] D:\测试\闪屏\拍照攻略闪屏-71.png: 941x1672
[image-size] D:\测试\闪屏\拍照攻略闪屏-72.png: 941x1672
[image-size] D:\测试\闪屏\拍照攻略闪屏-73.png: 941x1672
[image-size] D:\测试\闪屏\拍照攻略闪屏-74.png: 941x1672
[image-size] D:\测试\闪屏\拍照攻略闪屏-75.png: 941x1672
[image-size] D:\测试\闪屏\拍照攻略闪屏-76.png: 941x1672
[image-size] D:\测试\闪屏\拍照攻略闪屏-77.png: 941x1672
[image-size] D:\测试\闪屏\拍照攻略闪屏-78.png: 941x1672
[image-size] D:\测试\闪屏\拍照攻略闪屏-79.png: 941x1672
[image-size] D:\测试\闪屏\拍照攻略闪屏-8.png: 941x1672
[image-size] D:\测试\闪屏\拍照攻略闪屏-80.png: 941x1672
[image-size] D:\测试\闪屏\拍照攻略闪屏-81.png: 941x1672
[image-size] D:\测试\闪屏\拍照攻略闪屏-82.png: 941x1672
[image-size] D:\测试\闪屏\拍照攻略闪屏-83.png: 941x1672
[image-size] D:\测试\闪屏\拍照攻略闪屏-84.png: 941x1672
[image-size] D:\测试\闪屏\拍照攻略闪屏-85.png: 941x1672
[image-size] D:\测试\闪屏\拍照攻略闪屏-86.png: 941x1672
[image-size] D:\测试\闪屏\拍照攻略闪屏-87.png: 941x1672
[image-size] D:\测试\闪屏\拍照攻略闪屏-88.png: 941x1672
[image-size] D:\测试\闪屏\拍照攻略闪屏-89.png: 941x1672
[image-size] D:\测试\闪屏\拍照攻略闪屏-9.png: 941x1672
[image-size] D:\测试\闪屏\拍照攻略闪屏-90.png: 941x1672
[image-size] D:\测试\闪屏\拍照攻略闪屏-91.png: 941x1672
[image-size] D:\测试\闪屏\拍照攻略闪屏-92.png: 941x1672
[image-size] D:\测试\闪屏\拍照攻略闪屏-93.png: 941x1672
[image-size] D:\测试\闪屏\拍照攻略闪屏-94.png: 941x1672
[image-size] D:\测试\闪屏\拍照攻略闪屏-95.png: 941x1672
[image-size] D:\测试\闪屏\拍照攻略闪屏-96.png: 941x1672
[image-size] D:\测试\闪屏\拍照攻略闪屏-97.png: 941x1672
[image-size] D:\测试\闪屏\拍照攻略闪屏-98.png: 941x1672
[image-size] D:\测试\闪屏\拍照攻略闪屏-99.png: 941x1672
[2m12:38:00[22m [36m[1m[vite][22m[39m [90m[2m(client)[22m[39m [32mhmr update [39m[2m/src/index.css, /src/features/composite/components/BatchExportTab.tsx, /src/features/composite/components/ExportResultsPanel.tsx[22m
[image-size] D:\测试\闪屏\拍照攻略闪屏-1.png: 941x1672
[image-size] D:\测试\闪屏\拍照攻略闪屏-10.png: 941x1672
[image-size] D:\测试\闪屏\拍照攻略闪屏-100.png: 941x1672
[image-size] D:\测试\闪屏\拍照攻略闪屏-11.png: 941x1672
[image-size] D:\测试\闪屏\拍照攻略闪屏-12.png: 941x1672
[image-size] D:\测试\闪屏\拍照攻略闪屏-13.png: 941x1672
[image-size] D:\测试\闪屏\拍照攻略闪屏-14.png: 941x1672
[image-size] D:\测试\闪屏\拍照攻略闪屏-15.png: 941x1672
[image-size] D:\测试\闪屏\拍照攻略闪屏-16.png: 941x1672
[image-size] D:\测试\闪屏\拍照攻略闪屏-17.png: 941x1672
[image-size] D:\测试\闪屏\拍照攻略闪屏-18.png: 941x1672
[image-size] D:\测试\闪屏\拍照攻略闪屏-19.png: 941x1672
[image-size] D:\测试\闪屏\拍照攻略闪屏-2.png: 941x1672
[image-size] D:\测试\闪屏\拍照攻略闪屏-20.png: 941x1672
[image-size] D:\测试\闪屏\拍照攻略闪屏-21.png: 941x1672
[image-size] D:\测试\闪屏\拍照攻略闪屏-22.png: 941x1672
[image-size] D:\测试\闪屏\拍照攻略闪屏-23.png: 941x1672
[image-size] D:\测试\闪屏\拍照攻略闪屏-24.png: 941x1672
[image-size] D:\测试\闪屏\拍照攻略闪屏-25.png: 941x1672
[image-size] D:\测试\闪屏\拍照攻略闪屏-26.png: 941x1672
[image-size] D:\测试\闪屏\拍照攻略闪屏-27.png: 941x1672
[image-size] D:\测试\闪屏\拍照攻略闪屏-28.png: 941x1672
[image-size] D:\测试\闪屏\拍照攻略闪屏-29.png: 941x1672
[image-size] D:\测试\闪屏\拍照攻略闪屏-3.png: 941x1672
[image-size] D:\测试\闪屏\拍照攻略闪屏-30.png: 941x1672
[image-size] D:\测试\闪屏\拍照攻略闪屏-31.png: 941x1672
[image-size] D:\测试\闪屏\拍照攻略闪屏-32.png: 941x1672
[image-size] D:\测试\闪屏\拍照攻略闪屏-33.png: 941x1672
[image-size] D:\测试\闪屏\拍照攻略闪屏-34.png: 941x1672
[image-size] D:\测试\闪屏\拍照攻略闪屏-35.png: 941x1672
[image-size] D:\测试\闪屏\拍照攻略闪屏-36.png: 941x1672
[image-size] D:\测试\闪屏\拍照攻略闪屏-37.png: 941x1672
[image-size] D:\测试\闪屏\拍照攻略闪屏-38.png: 941x1672
[image-size] D:\测试\闪屏\拍照攻略闪屏-39.png: 941x1672
[image-size] D:\测试\闪屏\拍照攻略闪屏-4.png: 941x1672
[image-size] D:\测试\闪屏\拍照攻略闪屏-40.png: 941x1672
[image-size] D:\测试\闪屏\拍照攻略闪屏-41.png: 941x1672
[image-size] D:\测试\闪屏\拍照攻略闪屏-42.png: 941x1672
[image-size] D:\测试\闪屏\拍照攻略闪屏-43.png: 941x1672
[image-size] D:\测试\闪屏\拍照攻略闪屏-44.png: 941x1672
[image-size] D:\测试\闪屏\拍照攻略闪屏-45.png: 941x1672
[image-size] D:\测试\闪屏\拍照攻略闪屏-46.png: 941x1672
[image-size] D:\测试\闪屏\拍照攻略闪屏-47.png: 941x1672
[image-size] D:\测试\闪屏\拍照攻略闪屏-48.png: 941x1672
[image-size] D:\测试\闪屏\拍照攻略闪屏-49.png: 941x1672
[image-size] D:\测试\闪屏\拍照攻略闪屏-5.png: 941x1672
[image-size] D:\测试\闪屏\拍照攻略闪屏-50.png: 941x1672
[image-size] D:\测试\闪屏\拍照攻略闪屏-51.png: 941x1672
[image-size] D:\测试\闪屏\拍照攻略闪屏-52.png: 941x1672
[image-size] D:\测试\闪屏\拍照攻略闪屏-53.png: 941x1672
[image-size] D:\测试\闪屏\拍照攻略闪屏-54.png: 941x1672
[image-size] D:\测试\闪屏\拍照攻略闪屏-55.png: 941x1672
[image-size] D:\测试\闪屏\拍照攻略闪屏-56.png: 941x1672
[image-size] D:\测试\闪屏\拍照攻略闪屏-57.png: 941x1672
[image-size] D:\测试\闪屏\拍照攻略闪屏-58.png: 941x1672
[image-size] D:\测试\闪屏\拍照攻略闪屏-59.png: 941x1672
[image-size] D:\测试\闪屏\拍照攻略闪屏-6.png: 941x1672
[image-size] D:\测试\闪屏\拍照攻略闪屏-60.png: 941x1672
[image-size] D:\测试\闪屏\拍照攻略闪屏-61.png: 941x1672
[image-size] D:\测试\闪屏\拍照攻略闪屏-62.png: 941x1672
[image-size] D:\测试\闪屏\拍照攻略闪屏-63.png: 941x1672
[image-size] D:\测试\闪屏\拍照攻略闪屏-64.png: 941x1672
[image-size] D:\测试\闪屏\拍照攻略闪屏-65.png: 941x1672
[image-size] D:\测试\闪屏\拍照攻略闪屏-66.png: 941x1672
[image-size] D:\测试\闪屏\拍照攻略闪屏-67.png: 941x1672
[image-size] D:\测试\闪屏\拍照攻略闪屏-68.png: 941x1672
[image-size] D:\测试\闪屏\拍照攻略闪屏-69.png: 941x1672
[image-size] D:\测试\闪屏\拍照攻略闪屏-7.png: 941x1672
[image-size] D:\测试\闪屏\拍照攻略闪屏-70.png: 941x1672
[image-size] D:\测试\闪屏\拍照攻略闪屏-71.png: 941x1672
[image-size] D:\测试\闪屏\拍照攻略闪屏-72.png: 941x1672
[image-size] D:\测试\闪屏\拍照攻略闪屏-73.png: 941x1672
[image-size] D:\测试\闪屏\拍照攻略闪屏-74.png: 941x1672
[image-size] D:\测试\闪屏\拍照攻略闪屏-75.png: 941x1672
[image-size] D:\测试\闪屏\拍照攻略闪屏-76.png: 941x1672
[image-size] D:\测试\闪屏\拍照攻略闪屏-77.png: 941x1672
[image-size] D:\测试\闪屏\拍照攻略闪屏-78.png: 941x1672
[image-size] D:\测试\闪屏\拍照攻略闪屏-79.png: 941x1672
[image-size] D:\测试\闪屏\拍照攻略闪屏-8.png: 941x1672
[image-size] D:\测试\闪屏\拍照攻略闪屏-80.png: 941x1672
[image-size] D:\测试\闪屏\拍照攻略闪屏-81.png: 941x1672
[image-size] D:\测试\闪屏\拍照攻略闪屏-82.png: 941x1672
[image-size] D:\测试\闪屏\拍照攻略闪屏-83.png: 941x1672
[image-size] D:\测试\闪屏\拍照攻略闪屏-84.png: 941x1672
[image-size] D:\测试\闪屏\拍照攻略闪屏-85.png: 941x1672
[image-size] D:\测试\闪屏\拍照攻略闪屏-86.png: 941x1672
[image-size] D:\测试\闪屏\拍照攻略闪屏-87.png: 941x1672
[image-size] D:\测试\闪屏\拍照攻略闪屏-88.png: 941x1672
[image-size] D:\测试\闪屏\拍照攻略闪屏-89.png: 941x1672
[image-size] D:\测试\闪屏\拍照攻略闪屏-9.png: 941x1672
[image-size] D:\测试\闪屏\拍照攻略闪屏-90.png: 941x1672
[image-size] D:\测试\闪屏\拍照攻略闪屏-91.png: 941x1672
[image-size] D:\测试\闪屏\拍照攻略闪屏-92.png: 941x1672
[image-size] D:\测试\闪屏\拍照攻略闪屏-93.png: 941x1672
[image-size] D:\测试\闪屏\拍照攻略闪屏-94.png: 941x1672
[image-size] D:\测试\闪屏\拍照攻略闪屏-95.png: 941x1672
[image-size] D:\测试\闪屏\拍照攻略闪屏-96.png: 941x1672
[image-size] D:\测试\闪屏\拍照攻略闪屏-97.png: 941x1672
[image-size] D:\测试\闪屏\拍照攻略闪屏-98.png: 941x1672
[image-size] D:\测试\闪屏\拍照攻略闪屏-99.png: 941x1672
[image-size] D:\测试\闪屏\拍照攻略闪屏-1.png: 941x1672
[image-size] D:\测试\闪屏\拍照攻略闪屏-10.png: 941x1672
[image-size] D:\测试\闪屏\拍照攻略闪屏-100.png: 941x1672
[image-size] D:\测试\闪屏\拍照攻略闪屏-11.png: 941x1672
[image-size] D:\测试\闪屏\拍照攻略闪屏-12.png: 941x1672
[image-size] D:\测试\闪屏\拍照攻略闪屏-13.png: 941x1672
[image-size] D:\测试\闪屏\拍照攻略闪屏-14.png: 941x1672
[image-size] D:\测试\闪屏\拍照攻略闪屏-15.png: 941x1672
[image-size] D:\测试\闪屏\拍照攻略闪屏-16.png: 941x1672
[image-size] D:\测试\闪屏\拍照攻略闪屏-17.png: 941x1672
[image-size] D:\测试\闪屏\拍照攻略闪屏-18.png: 941x1672
[image-size] D:\测试\闪屏\拍照攻略闪屏-19.png: 941x1672
[image-size] D:\测试\闪屏\拍照攻略闪屏-2.png: 941x1672
[image-size] D:\测试\闪屏\拍照攻略闪屏-20.png: 941x1672
[image-size] D:\测试\闪屏\拍照攻略闪屏-21.png: 941x1672
[image-size] D:\测试\闪屏\拍照攻略闪屏-22.png: 941x1672
[image-size] D:\测试\闪屏\拍照攻略闪屏-23.png: 941x1672
[image-size] D:\测试\闪屏\拍照攻略闪屏-24.png: 941x1672
[image-size] D:\测试\闪屏\拍照攻略闪屏-25.png: 941x1672
[image-size] D:\测试\闪屏\拍照攻略闪屏-26.png: 941x1672
[image-size] D:\测试\闪屏\拍照攻略闪屏-27.png: 941x1672
[image-size] D:\测试\闪屏\拍照攻略闪屏-28.png: 941x1672
[image-size] D:\测试\闪屏\拍照攻略闪屏-29.png: 941x1672
[image-size] D:\测试\闪屏\拍照攻略闪屏-3.png: 941x1672
[image-size] D:\测试\闪屏\拍照攻略闪屏-30.png: 941x1672
[image-size] D:\测试\闪屏\拍照攻略闪屏-31.png: 941x1672
[image-size] D:\测试\闪屏\拍照攻略闪屏-32.png: 941x1672
[image-size] D:\测试\闪屏\拍照攻略闪屏-33.png: 941x1672
[image-size] D:\测试\闪屏\拍照攻略闪屏-34.png: 941x1672
[image-size] D:\测试\闪屏\拍照攻略闪屏-35.png: 941x1672
[image-size] D:\测试\闪屏\拍照攻略闪屏-36.png: 941x1672
[image-size] D:\测试\闪屏\拍照攻略闪屏-37.png: 941x1672
[image-size] D:\测试\闪屏\拍照攻略闪屏-38.png: 941x1672
[image-size] D:\测试\闪屏\拍照攻略闪屏-39.png: 941x1672
[image-size] D:\测试\闪屏\拍照攻略闪屏-4.png: 941x1672
[image-size] D:\测试\闪屏\拍照攻略闪屏-40.png: 941x1672
[image-size] D:\测试\闪屏\拍照攻略闪屏-41.png: 941x1672
[image-size] D:\测试\闪屏\拍照攻略闪屏-42.png: 941x1672
[image-size] D:\测试\闪屏\拍照攻略闪屏-43.png: 941x1672
[image-size] D:\测试\闪屏\拍照攻略闪屏-44.png: 941x1672
[image-size] D:\测试\闪屏\拍照攻略闪屏-45.png: 941x1672
[image-size] D:\测试\闪屏\拍照攻略闪屏-46.png: 941x1672
[image-size] D:\测试\闪屏\拍照攻略闪屏-47.png: 941x1672
[image-size] D:\测试\闪屏\拍照攻略闪屏-48.png: 941x1672
[image-size] D:\测试\闪屏\拍照攻略闪屏-49.png: 941x1672
[image-size] D:\测试\闪屏\拍照攻略闪屏-5.png: 941x1672
[image-size] D:\测试\闪屏\拍照攻略闪屏-50.png: 941x1672
[image-size] D:\测试\闪屏\拍照攻略闪屏-51.png: 941x1672
[image-size] D:\测试\闪屏\拍照攻略闪屏-52.png: 941x1672
[image-size] D:\测试\闪屏\拍照攻略闪屏-53.png: 941x1672
[image-size] D:\测试\闪屏\拍照攻略闪屏-54.png: 941x1672
[image-size] D:\测试\闪屏\拍照攻略闪屏-55.png: 941x1672
[image-size] D:\测试\闪屏\拍照攻略闪屏-56.png: 941x1672
[image-size] D:\测试\闪屏\拍照攻略闪屏-57.png: 941x1672
[image-size] D:\测试\闪屏\拍照攻略闪屏-58.png: 941x1672
[image-size] D:\测试\闪屏\拍照攻略闪屏-59.png: 941x1672
[image-size] D:\测试\闪屏\拍照攻略闪屏-6.png: 941x1672
[image-size] D:\测试\闪屏\拍照攻略闪屏-60.png: 941x1672
[image-size] D:\测试\闪屏\拍照攻略闪屏-61.png: 941x1672
[image-size] D:\测试\闪屏\拍照攻略闪屏-62.png: 941x1672
[image-size] D:\测试\闪屏\拍照攻略闪屏-63.png: 941x1672
[image-size] D:\测试\闪屏\拍照攻略闪屏-64.png: 941x1672
[image-size] D:\测试\闪屏\拍照攻略闪屏-65.png: 941x1672
[image-size] D:\测试\闪屏\拍照攻略闪屏-66.png: 941x1672
[image-size] D:\测试\闪屏\拍照攻略闪屏-67.png: 941x1672
[image-size] D:\测试\闪屏\拍照攻略闪屏-68.png: 941x1672
[image-size] D:\测试\闪屏\拍照攻略闪屏-69.png: 941x1672
[image-size] D:\测试\闪屏\拍照攻略闪屏-7.png: 941x1672
[image-size] D:\测试\闪屏\拍照攻略闪屏-70.png: 941x1672
[image-size] D:\测试\闪屏\拍照攻略闪屏-71.png: 941x1672
[image-size] D:\测试\闪屏\拍照攻略闪屏-72.png: 941x1672
[image-size] D:\测试\闪屏\拍照攻略闪屏-73.png: 941x1672
[image-size] D:\测试\闪屏\拍照攻略闪屏-74.png: 941x1672
[image-size] D:\测试\闪屏\拍照攻略闪屏-75.png: 941x1672
[image-size] D:\测试\闪屏\拍照攻略闪屏-76.png: 941x1672
[image-size] D:\测试\闪屏\拍照攻略闪屏-77.png: 941x1672
[image-size] D:\测试\闪屏\拍照攻略闪屏-78.png: 941x1672
[image-size] D:\测试\闪屏\拍照攻略闪屏-79.png: 941x1672
[image-size] D:\测试\闪屏\拍照攻略闪屏-8.png: 941x1672
[image-size] D:\测试\闪屏\拍照攻略闪屏-80.png: 941x1672
[image-size] D:\测试\闪屏\拍照攻略闪屏-81.png: 941x1672
[image-size] D:\测试\闪屏\拍照攻略闪屏-82.png: 941x1672
[image-size] D:\测试\闪屏\拍照攻略闪屏-83.png: 941x1672
[image-size] D:\测试\闪屏\拍照攻略闪屏-84.png: 941x1672
[image-size] D:\测试\闪屏\拍照攻略闪屏-85.png: 941x1672
[image-size] D:\测试\闪屏\拍照攻略闪屏-86.png: 941x1672
[image-size] D:\测试\闪屏\拍照攻略闪屏-87.png: 941x1672
[image-size] D:\测试\闪屏\拍照攻略闪屏-88.png: 941x1672
[image-size] D:\测试\闪屏\拍照攻略闪屏-89.png: 941x1672
[image-size] D:\测试\闪屏\拍照攻略闪屏-9.png: 941x1672
[image-size] D:\测试\闪屏\拍照攻略闪屏-90.png: 941x1672
[image-size] D:\测试\闪屏\拍照攻略闪屏-91.png: 941x1672
[image-size] D:\测试\闪屏\拍照攻略闪屏-92.png: 941x1672
[image-size] D:\测试\闪屏\拍照攻略闪屏-93.png: 941x1672
[image-size] D:\测试\闪屏\拍照攻略闪屏-94.png: 941x1672
[image-size] D:\测试\闪屏\拍照攻略闪屏-95.png: 941x1672
[image-size] D:\测试\闪屏\拍照攻略闪屏-96.png: 941x1672
[image-size] D:\测试\闪屏\拍照攻略闪屏-97.png: 941x1672
[image-size] D:\测试\闪屏\拍照攻略闪屏-98.png: 941x1672
[image-size] D:\测试\闪屏\拍照攻略闪屏-99.png: 941x1672
[image-size] D:\测试\闪屏\拍照攻略闪屏-1.png: 941x1672
[image-size] D:\测试\闪屏\拍照攻略闪屏-10.png: 941x1672
[image-size] D:\测试\闪屏\拍照攻略闪屏-100.png: 941x1672
[image-size] D:\测试\闪屏\拍照攻略闪屏-11.png: 941x1672
[image-size] D:\测试\闪屏\拍照攻略闪屏-12.png: 941x1672
[image-size] D:\测试\闪屏\拍照攻略闪屏-13.png: 941x1672
[image-size] D:\测试\闪屏\拍照攻略闪屏-14.png: 941x1672
[image-size] D:\测试\闪屏\拍照攻略闪屏-15.png: 941x1672
[image-size] D:\测试\闪屏\拍照攻略闪屏-16.png: 941x1672
[image-size] D:\测试\闪屏\拍照攻略闪屏-17.png: 941x1672
[image-size] D:\测试\闪屏\拍照攻略闪屏-18.png: 941x1672
[image-size] D:\测试\闪屏\拍照攻略闪屏-19.png: 941x1672
[image-size] D:\测试\闪屏\拍照攻略闪屏-2.png: 941x1672
[image-size] D:\测试\闪屏\拍照攻略闪屏-20.png: 941x1672
[image-size] D:\测试\闪屏\拍照攻略闪屏-21.png: 941x1672
[image-size] D:\测试\闪屏\拍照攻略闪屏-22.png: 941x1672
[image-size] D:\测试\闪屏\拍照攻略闪屏-23.png: 941x1672
[image-size] D:\测试\闪屏\拍照攻略闪屏-24.png: 941x1672
[image-size] D:\测试\闪屏\拍照攻略闪屏-25.png: 941x1672
[image-size] D:\测试\闪屏\拍照攻略闪屏-26.png: 941x1672
[image-size] D:\测试\闪屏\拍照攻略闪屏-27.png: 941x1672
[image-size] D:\测试\闪屏\拍照攻略闪屏-28.png: 941x1672
[image-size] D:\测试\闪屏\拍照攻略闪屏-29.png: 941x1672
[image-size] D:\测试\闪屏\拍照攻略闪屏-3.png: 941x1672
[image-size] D:\测试\闪屏\拍照攻略闪屏-30.png: 941x1672
[image-size] D:\测试\闪屏\拍照攻略闪屏-31.png: 941x1672
[image-size] D:\测试\闪屏\拍照攻略闪屏-32.png: 941x1672
[image-size] D:\测试\闪屏\拍照攻略闪屏-33.png: 941x1672
[image-size] D:\测试\闪屏\拍照攻略闪屏-34.png: 941x1672
[image-size] D:\测试\闪屏\拍照攻略闪屏-35.png: 941x1672
[image-size] D:\测试\闪屏\拍照攻略闪屏-36.png: 941x1672
[image-size] D:\测试\闪屏\拍照攻略闪屏-37.png: 941x1672
[image-size] D:\测试\闪屏\拍照攻略闪屏-38.png: 941x1672
[image-size] D:\测试\闪屏\拍照攻略闪屏-39.png: 941x1672
[image-size] D:\测试\闪屏\拍照攻略闪屏-4.png: 941x1672
[image-size] D:\测试\闪屏\拍照攻略闪屏-40.png: 941x1672
[image-size] D:\测试\闪屏\拍照攻略闪屏-41.png: 941x1672
[image-size] D:\测试\闪屏\拍照攻略闪屏-42.png: 941x1672
[image-size] D:\测试\闪屏\拍照攻略闪屏-43.png: 941x1672
[image-size] D:\测试\闪屏\拍照攻略闪屏-44.png: 941x1672
[image-size] D:\测试\闪屏\拍照攻略闪屏-45.png: 941x1672
[image-size] D:\测试\闪屏\拍照攻略闪屏-46.png: 941x1672
[image-size] D:\测试\闪屏\拍照攻略闪屏-47.png: 941x1672
[image-size] D:\测试\闪屏\拍照攻略闪屏-48.png: 941x1672
[image-size] D:\测试\闪屏\拍照攻略闪屏-49.png: 941x1672
[image-size] D:\测试\闪屏\拍照攻略闪屏-5.png: 941x1672
[image-size] D:\测试\闪屏\拍照攻略闪屏-50.png: 941x1672
[image-size] D:\测试\闪屏\拍照攻略闪屏-51.png: 941x1672
[image-size] D:\测试\闪屏\拍照攻略闪屏-52.png: 941x1672
[image-size] D:\测试\闪屏\拍照攻略闪屏-53.png: 941x1672
[image-size] D:\测试\闪屏\拍照攻略闪屏-54.png: 941x1672
[image-size] D:\测试\闪屏\拍照攻略闪屏-55.png: 941x1672
[image-size] D:\测试\闪屏\拍照攻略闪屏-56.png: 941x1672
[image-size] D:\测试\闪屏\拍照攻略闪屏-57.png: 941x1672
[image-size] D:\测试\闪屏\拍照攻略闪屏-58.png: 941x1672
[image-size] D:\测试\闪屏\拍照攻略闪屏-59.png: 941x1672
[image-size] D:\测试\闪屏\拍照攻略闪屏-6.png: 941x1672
[image-size] D:\测试\闪屏\拍照攻略闪屏-60.png: 941x1672
[image-size] D:\测试\闪屏\拍照攻略闪屏-61.png: 941x1672
[image-size] D:\测试\闪屏\拍照攻略闪屏-62.png: 941x1672
[image-size] D:\测试\闪屏\拍照攻略闪屏-63.png: 941x1672
[image-size] D:\测试\闪屏\拍照攻略闪屏-64.png: 941x1672
[image-size] D:\测试\闪屏\拍照攻略闪屏-65.png: 941x1672
[image-size] D:\测试\闪屏\拍照攻略闪屏-66.png: 941x1672
[image-size] D:\测试\闪屏\拍照攻略闪屏-67.png: 941x1672
[image-size] D:\测试\闪屏\拍照攻略闪屏-68.png: 941x1672
[image-size] D:\测试\闪屏\拍照攻略闪屏-69.png: 941x1672
[image-size] D:\测试\闪屏\拍照攻略闪屏-7.png: 941x1672
[image-size] D:\测试\闪屏\拍照攻略闪屏-70.png: 941x1672
[image-size] D:\测试\闪屏\拍照攻略闪屏-71.png: 941x1672
[image-size] D:\测试\闪屏\拍照攻略闪屏-72.png: 941x1672
[image-size] D:\测试\闪屏\拍照攻略闪屏-73.png: 941x1672
[image-size] D:\测试\闪屏\拍照攻略闪屏-74.png: 941x1672
[image-size] D:\测试\闪屏\拍照攻略闪屏-75.png: 941x1672
[image-size] D:\测试\闪屏\拍照攻略闪屏-76.png: 941x1672
[image-size] D:\测试\闪屏\拍照攻略闪屏-77.png: 941x1672
[image-size] D:\测试\闪屏\拍照攻略闪屏-78.png: 941x1672
[image-size] D:\测试\闪屏\拍照攻略闪屏-79.png: 941x1672
[image-size] D:\测试\闪屏\拍照攻略闪屏-8.png: 941x1672
[image-size] D:\测试\闪屏\拍照攻略闪屏-80.png: 941x1672
[image-size] D:\测试\闪屏\拍照攻略闪屏-81.png: 941x1672
[image-size] D:\测试\闪屏\拍照攻略闪屏-82.png: 941x1672
[image-size] D:\测试\闪屏\拍照攻略闪屏-83.png: 941x1672
[image-size] D:\测试\闪屏\拍照攻略闪屏-84.png: 941x1672
[image-size] D:\测试\闪屏\拍照攻略闪屏-85.png: 941x1672
[image-size] D:\测试\闪屏\拍照攻略闪屏-86.png: 941x1672
[image-size] D:\测试\闪屏\拍照攻略闪屏-87.png: 941x1672
[image-size] D:\测试\闪屏\拍照攻略闪屏-88.png: 941x1672
[image-size] D:\测试\闪屏\拍照攻略闪屏-89.png: 941x1672
[image-size] D:\测试\闪屏\拍照攻略闪屏-9.png: 941x1672
[image-size] D:\测试\闪屏\拍照攻略闪屏-90.png: 941x1672
[image-size] D:\测试\闪屏\拍照攻略闪屏-91.png: 941x1672
[image-size] D:\测试\闪屏\拍照攻略闪屏-92.png: 941x1672
[image-size] D:\测试\闪屏\拍照攻略闪屏-93.png: 941x1672
[image-size] D:\测试\闪屏\拍照攻略闪屏-94.png: 941x1672
[image-size] D:\测试\闪屏\拍照攻略闪屏-95.png: 941x1672
[image-size] D:\测试\闪屏\拍照攻略闪屏-96.png: 941x1672
[image-size] D:\测试\闪屏\拍照攻略闪屏-97.png: 941x1672
[image-size] D:\测试\闪屏\拍照攻略闪屏-98.png: 941x1672
[image-size] D:\测试\闪屏\拍照攻略闪屏-99.png: 941x1672
[image-size] D:\测试\闪屏\拍照攻略闪屏-1.png: 941x1672
[image-size] D:\测试\闪屏\拍照攻略闪屏-10.png: 941x1672
[image-size] D:\测试\闪屏\拍照攻略闪屏-100.png: 941x1672
[image-size] D:\测试\闪屏\拍照攻略闪屏-11.png: 941x1672
[image-size] D:\测试\闪屏\拍照攻略闪屏-12.png: 941x1672
[image-size] D:\测试\闪屏\拍照攻略闪屏-13.png: 941x1672
[image-size] D:\测试\闪屏\拍照攻略闪屏-14.png: 941x1672
[image-size] D:\测试\闪屏\拍照攻略闪屏-15.png: 941x1672
[image-size] D:\测试\闪屏\拍照攻略闪屏-16.png: 941x1672
[image-size] D:\测试\闪屏\拍照攻略闪屏-17.png: 941x1672
[image-size] D:\测试\闪屏\拍照攻略闪屏-18.png: 941x1672
[image-size] D:\测试\闪屏\拍照攻略闪屏-19.png: 941x1672
[image-size] D:\测试\闪屏\拍照攻略闪屏-2.png: 941x1672
[image-size] D:\测试\闪屏\拍照攻略闪屏-20.png: 941x1672
[image-size] D:\测试\闪屏\拍照攻略闪屏-21.png: 941x1672
[image-size] D:\测试\闪屏\拍照攻略闪屏-22.png: 941x1672
[image-size] D:\测试\闪屏\拍照攻略闪屏-23.png: 941x1672
[image-size] D:\测试\闪屏\拍照攻略闪屏-24.png: 941x1672
[image-size] D:\测试\闪屏\拍照攻略闪屏-25.png: 941x1672
[image-size] D:\测试\闪屏\拍照攻略闪屏-26.png: 941x1672
[image-size] D:\测试\闪屏\拍照攻略闪屏-27.png: 941x1672
[image-size] D:\测试\闪屏\拍照攻略闪屏-28.png: 941x1672
[image-size] D:\测试\闪屏\拍照攻略闪屏-29.png: 941x1672
[image-size] D:\测试\闪屏\拍照攻略闪屏-3.png: 941x1672
[image-size] D:\测试\闪屏\拍照攻略闪屏-30.png: 941x1672
[image-size] D:\测试\闪屏\拍照攻略闪屏-31.png: 941x1672
[image-size] D:\测试\闪屏\拍照攻略闪屏-32.png: 941x1672
[image-size] D:\测试\闪屏\拍照攻略闪屏-33.png: 941x1672
[image-size] D:\测试\闪屏\拍照攻略闪屏-34.png: 941x1672
[image-size] D:\测试\闪屏\拍照攻略闪屏-35.png: 941x1672
[image-size] D:\测试\闪屏\拍照攻略闪屏-36.png: 941x1672
[image-size] D:\测试\闪屏\拍照攻略闪屏-37.png: 941x1672
[image-size] D:\测试\闪屏\拍照攻略闪屏-38.png: 941x1672
[image-size] D:\测试\闪屏\拍照攻略闪屏-39.png: 941x1672
[image-size] D:\测试\闪屏\拍照攻略闪屏-4.png: 941x1672
[image-size] D:\测试\闪屏\拍照攻略闪屏-40.png: 941x1672
[image-size] D:\测试\闪屏\拍照攻略闪屏-41.png: 941x1672
[image-size] D:\测试\闪屏\拍照攻略闪屏-42.png: 941x1672
[image-size] D:\测试\闪屏\拍照攻略闪屏-43.png: 941x1672
[image-size] D:\测试\闪屏\拍照攻略闪屏-44.png: 941x1672
[image-size] D:\测试\闪屏\拍照攻略闪屏-45.png: 941x1672
[image-size] D:\测试\闪屏\拍照攻略闪屏-46.png: 941x1672
[image-size] D:\测试\闪屏\拍照攻略闪屏-47.png: 941x1672
[image-size] D:\测试\闪屏\拍照攻略闪屏-48.png: 941x1672
[image-size] D:\测试\闪屏\拍照攻略闪屏-49.png: 941x1672
[image-size] D:\测试\闪屏\拍照攻略闪屏-5.png: 941x1672
[image-size] D:\测试\闪屏\拍照攻略闪屏-50.png: 941x1672
[image-size] D:\测试\闪屏\拍照攻略闪屏-51.png: 941x1672
[image-size] D:\测试\闪屏\拍照攻略闪屏-52.png: 941x1672
[image-size] D:\测试\闪屏\拍照攻略闪屏-53.png: 941x1672
[image-size] D:\测试\闪屏\拍照攻略闪屏-54.png: 941x1672
[image-size] D:\测试\闪屏\拍照攻略闪屏-55.png: 941x1672
[image-size] D:\测试\闪屏\拍照攻略闪屏-56.png: 941x1672
[image-size] D:\测试\闪屏\拍照攻略闪屏-57.png: 941x1672
[image-size] D:\测试\闪屏\拍照攻略闪屏-58.png: 941x1672
[image-size] D:\测试\闪屏\拍照攻略闪屏-59.png: 941x1672
[image-size] D:\测试\闪屏\拍照攻略闪屏-6.png: 941x1672
[image-size] D:\测试\闪屏\拍照攻略闪屏-60.png: 941x1672
[image-size] D:\测试\闪屏\拍照攻略闪屏-61.png: 941x1672
[image-size] D:\测试\闪屏\拍照攻略闪屏-62.png: 941x1672
[image-size] D:\测试\闪屏\拍照攻略闪屏-63.png: 941x1672
[image-size] D:\测试\闪屏\拍照攻略闪屏-64.png: 941x1672
[image-size] D:\测试\闪屏\拍照攻略闪屏-65.png: 941x1672
[image-size] D:\测试\闪屏\拍照攻略闪屏-66.png: 941x1672
[image-size] D:\测试\闪屏\拍照攻略闪屏-67.png: 941x1672
[image-size] D:\测试\闪屏\拍照攻略闪屏-68.png: 941x1672
[image-size] D:\测试\闪屏\拍照攻略闪屏-69.png: 941x1672
[image-size] D:\测试\闪屏\拍照攻略闪屏-7.png: 941x1672
[image-size] D:\测试\闪屏\拍照攻略闪屏-70.png: 941x1672
[image-size] D:\测试\闪屏\拍照攻略闪屏-71.png: 941x1672
[image-size] D:\测试\闪屏\拍照攻略闪屏-72.png: 941x1672
[image-size] D:\测试\闪屏\拍照攻略闪屏-73.png: 941x1672
[image-size] D:\测试\闪屏\拍照攻略闪屏-74.png: 941x1672
[image-size] D:\测试\闪屏\拍照攻略闪屏-75.png: 941x1672
[image-size] D:\测试\闪屏\拍照攻略闪屏-76.png: 941x1672
[image-size] D:\测试\闪屏\拍照攻略闪屏-77.png: 941x1672
[image-size] D:\测试\闪屏\拍照攻略闪屏-78.png: 941x1672
[image-size] D:\测试\闪屏\拍照攻略闪屏-79.png: 941x1672
[image-size] D:\测试\闪屏\拍照攻略闪屏-8.png: 941x1672
[image-size] D:\测试\闪屏\拍照攻略闪屏-80.png: 941x1672
[image-size] D:\测试\闪屏\拍照攻略闪屏-81.png: 941x1672
[image-size] D:\测试\闪屏\拍照攻略闪屏-82.png: 941x1672
[image-size] D:\测试\闪屏\拍照攻略闪屏-83.png: 941x1672
[image-size] D:\测试\闪屏\拍照攻略闪屏-84.png: 941x1672
[image-size] D:\测试\闪屏\拍照攻略闪屏-85.png: 941x1672
[image-size] D:\测试\闪屏\拍照攻略闪屏-86.png: 941x1672
[image-size] D:\测试\闪屏\拍照攻略闪屏-87.png: 941x1672
[image-size] D:\测试\闪屏\拍照攻略闪屏-88.png: 941x1672
[image-size] D:\测试\闪屏\拍照攻略闪屏-89.png: 941x1672
[image-size] D:\测试\闪屏\拍照攻略闪屏-9.png: 941x1672
[image-size] D:\测试\闪屏\拍照攻略闪屏-90.png: 941x1672
[image-size] D:\测试\闪屏\拍照攻略闪屏-91.png: 941x1672
[image-size] D:\测试\闪屏\拍照攻略闪屏-92.png: 941x1672
[image-size] D:\测试\闪屏\拍照攻略闪屏-93.png: 941x1672
[image-size] D:\测试\闪屏\拍照攻略闪屏-94.png: 941x1672
[image-size] D:\测试\闪屏\拍照攻略闪屏-95.png: 941x1672
[image-size] D:\测试\闪屏\拍照攻略闪屏-96.png: 941x1672
[image-size] D:\测试\闪屏\拍照攻略闪屏-97.png: 941x1672
[image-size] D:\测试\闪屏\拍照攻略闪屏-98.png: 941x1672
[image-size] D:\测试\闪屏\拍照攻略闪屏-99.png: 941x1672
[image-size] D:\测试\闪屏\拍照攻略闪屏-1.png: 941x1672
[image-size] D:\测试\闪屏\拍照攻略闪屏-10.png: 941x1672
[image-size] D:\测试\闪屏\拍照攻略闪屏-100.png: 941x1672
[image-size] D:\测试\闪屏\拍照攻略闪屏-11.png: 941x1672
[image-size] D:\测试\闪屏\拍照攻略闪屏-12.png: 941x1672
[image-size] D:\测试\闪屏\拍照攻略闪屏-13.png: 941x1672
[image-size] D:\测试\闪屏\拍照攻略闪屏-14.png: 941x1672
[image-size] D:\测试\闪屏\拍照攻略闪屏-15.png: 941x1672
[image-size] D:\测试\闪屏\拍照攻略闪屏-16.png: 941x1672
[image-size] D:\测试\闪屏\拍照攻略闪屏-17.png: 941x1672
[image-size] D:\测试\闪屏\拍照攻略闪屏-18.png: 941x1672
[image-size] D:\测试\闪屏\拍照攻略闪屏-19.png: 941x1672
[image-size] D:\测试\闪屏\拍照攻略闪屏-2.png: 941x1672
[image-size] D:\测试\闪屏\拍照攻略闪屏-20.png: 941x1672
[image-size] D:\测试\闪屏\拍照攻略闪屏-21.png: 941x1672
[image-size] D:\测试\闪屏\拍照攻略闪屏-22.png: 941x1672
[image-size] D:\测试\闪屏\拍照攻略闪屏-23.png: 941x1672
[image-size] D:\测试\闪屏\拍照攻略闪屏-24.png: 941x1672
[image-size] D:\测试\闪屏\拍照攻略闪屏-25.png: 941x1672
[image-size] D:\测试\闪屏\拍照攻略闪屏-26.png: 941x1672
[image-size] D:\测试\闪屏\拍照攻略闪屏-27.png: 941x1672
[image-size] D:\测试\闪屏\拍照攻略闪屏-28.png: 941x1672
[image-size] D:\测试\闪屏\拍照攻略闪屏-29.png: 941x1672
[image-size] D:\测试\闪屏\拍照攻略闪屏-3.png: 941x1672
[image-size] D:\测试\闪屏\拍照攻略闪屏-30.png: 941x1672
[image-size] D:\测试\闪屏\拍照攻略闪屏-31.png: 941x1672
[image-size] D:\测试\闪屏\拍照攻略闪屏-32.png: 941x1672
[image-size] D:\测试\闪屏\拍照攻略闪屏-33.png: 941x1672
[image-size] D:\测试\闪屏\拍照攻略闪屏-34.png: 941x1672
[image-size] D:\测试\闪屏\拍照攻略闪屏-35.png: 941x1672
[image-size] D:\测试\闪屏\拍照攻略闪屏-36.png: 941x1672
[image-size] D:\测试\闪屏\拍照攻略闪屏-37.png: 941x1672
[image-size] D:\测试\闪屏\拍照攻略闪屏-38.png: 941x1672
[image-size] D:\测试\闪屏\拍照攻略闪屏-39.png: 941x1672
[image-size] D:\测试\闪屏\拍照攻略闪屏-4.png: 941x1672
[image-size] D:\测试\闪屏\拍照攻略闪屏-40.png: 941x1672
[image-size] D:\测试\闪屏\拍照攻略闪屏-41.png: 941x1672
[image-size] D:\测试\闪屏\拍照攻略闪屏-42.png: 941x1672
[image-size] D:\测试\闪屏\拍照攻略闪屏-43.png: 941x1672
[image-size] D:\测试\闪屏\拍照攻略闪屏-44.png: 941x1672
[image-size] D:\测试\闪屏\拍照攻略闪屏-45.png: 941x1672
[image-size] D:\测试\闪屏\拍照攻略闪屏-46.png: 941x1672
[image-size] D:\测试\闪屏\拍照攻略闪屏-47.png: 941x1672
[image-size] D:\测试\闪屏\拍照攻略闪屏-48.png: 941x1672
[image-size] D:\测试\闪屏\拍照攻略闪屏-49.png: 941x1672
[image-size] D:\测试\闪屏\拍照攻略闪屏-5.png: 941x1672
[image-size] D:\测试\闪屏\拍照攻略闪屏-50.png: 941x1672
[image-size] D:\测试\闪屏\拍照攻略闪屏-51.png: 941x1672
[image-size] D:\测试\闪屏\拍照攻略闪屏-52.png: 941x1672
[image-size] D:\测试\闪屏\拍照攻略闪屏-53.png: 941x1672
[image-size] D:\测试\闪屏\拍照攻略闪屏-54.png: 941x1672
[image-size] D:\测试\闪屏\拍照攻略闪屏-55.png: 941x1672
[image-size] D:\测试\闪屏\拍照攻略闪屏-56.png: 941x1672
[image-size] D:\测试\闪屏\拍照攻略闪屏-57.png: 941x1672
[image-size] D:\测试\闪屏\拍照攻略闪屏-58.png: 941x1672
[image-size] D:\测试\闪屏\拍照攻略闪屏-59.png: 941x1672
[image-size] D:\测试\闪屏\拍照攻略闪屏-6.png: 941x1672
[image-size] D:\测试\闪屏\拍照攻略闪屏-60.png: 941x1672
[image-size] D:\测试\闪屏\拍照攻略闪屏-61.png: 941x1672
[image-size] D:\测试\闪屏\拍照攻略闪屏-62.png: 941x1672
[image-size] D:\测试\闪屏\拍照攻略闪屏-63.png: 941x1672
[image-size] D:\测试\闪屏\拍照攻略闪屏-64.png: 941x1672
[image-size] D:\测试\闪屏\拍照攻略闪屏-65.png: 941x1672
[image-size] D:\测试\闪屏\拍照攻略闪屏-66.png: 941x1672
[image-size] D:\测试\闪屏\拍照攻略闪屏-67.png: 941x1672
[image-size] D:\测试\闪屏\拍照攻略闪屏-68.png: 941x1672
[image-size] D:\测试\闪屏\拍照攻略闪屏-69.png: 941x1672
[image-size] D:\测试\闪屏\拍照攻略闪屏-7.png: 941x1672
[image-size] D:\测试\闪屏\拍照攻略闪屏-70.png: 941x1672
[image-size] D:\测试\闪屏\拍照攻略闪屏-71.png: 941x1672
[image-size] D:\测试\闪屏\拍照攻略闪屏-72.png: 941x1672
[image-size] D:\测试\闪屏\拍照攻略闪屏-73.png: 941x1672
[image-size] D:\测试\闪屏\拍照攻略闪屏-74.png: 941x1672
[image-size] D:\测试\闪屏\拍照攻略闪屏-75.png: 941x1672
[image-size] D:\测试\闪屏\拍照攻略闪屏-76.png: 941x1672
[image-size] D:\测试\闪屏\拍照攻略闪屏-77.png: 941x1672
[image-size] D:\测试\闪屏\拍照攻略闪屏-78.png: 941x1672
[image-size] D:\测试\闪屏\拍照攻略闪屏-79.png: 941x1672
[image-size] D:\测试\闪屏\拍照攻略闪屏-8.png: 941x1672
[image-size] D:\测试\闪屏\拍照攻略闪屏-80.png: 941x1672
[image-size] D:\测试\闪屏\拍照攻略闪屏-81.png: 941x1672
[image-size] D:\测试\闪屏\拍照攻略闪屏-82.png: 941x1672
[image-size] D:\测试\闪屏\拍照攻略闪屏-83.png: 941x1672
[image-size] D:\测试\闪屏\拍照攻略闪屏-84.png: 941x1672
[image-size] D:\测试\闪屏\拍照攻略闪屏-85.png: 941x1672
[image-size] D:\测试\闪屏\拍照攻略闪屏-86.png: 941x1672
[image-size] D:\测试\闪屏\拍照攻略闪屏-87.png: 941x1672
[image-size] D:\测试\闪屏\拍照攻略闪屏-88.png: 941x1672
[image-size] D:\测试\闪屏\拍照攻略闪屏-89.png: 941x1672
[image-size] D:\测试\闪屏\拍照攻略闪屏-9.png: 941x1672
[image-size] D:\测试\闪屏\拍照攻略闪屏-90.png: 941x1672
[image-size] D:\测试\闪屏\拍照攻略闪屏-91.png: 941x1672
[image-size] D:\测试\闪屏\拍照攻略闪屏-92.png: 941x1672
[image-size] D:\测试\闪屏\拍照攻略闪屏-93.png: 941x1672
[image-size] D:\测试\闪屏\拍照攻略闪屏-94.png: 941x1672
[image-size] D:\测试\闪屏\拍照攻略闪屏-95.png: 941x1672
[image-size] D:\测试\闪屏\拍照攻略闪屏-96.png: 941x1672
[image-size] D:\测试\闪屏\拍照攻略闪屏-97.png: 941x1672
[image-size] D:\测试\闪屏\拍照攻略闪屏-98.png: 941x1672
[image-size] D:\测试\闪屏\拍照攻略闪屏-99.png: 941x1672
[image-size] D:\测试\闪屏\拍照攻略闪屏-1.png: 941x1672
[image-size] D:\测试\闪屏\拍照攻略闪屏-10.png: 941x1672
[image-size] D:\测试\闪屏\拍照攻略闪屏-100.png: 941x1672
[image-size] D:\测试\闪屏\拍照攻略闪屏-11.png: 941x1672
[image-size] D:\测试\闪屏\拍照攻略闪屏-12.png: 941x1672
[image-size] D:\测试\闪屏\拍照攻略闪屏-13.png: 941x1672
[image-size] D:\测试\闪屏\拍照攻略闪屏-14.png: 941x1672
[image-size] D:\测试\闪屏\拍照攻略闪屏-15.png: 941x1672
[image-size] D:\测试\闪屏\拍照攻略闪屏-16.png: 941x1672
[image-size] D:\测试\闪屏\拍照攻略闪屏-17.png: 941x1672
[image-size] D:\测试\闪屏\拍照攻略闪屏-18.png: 941x1672
[image-size] D:\测试\闪屏\拍照攻略闪屏-19.png: 941x1672
[image-size] D:\测试\闪屏\拍照攻略闪屏-2.png: 941x1672
[image-size] D:\测试\闪屏\拍照攻略闪屏-20.png: 941x1672
[image-size] D:\测试\闪屏\拍照攻略闪屏-21.png: 941x1672
[image-size] D:\测试\闪屏\拍照攻略闪屏-22.png: 941x1672
[image-size] D:\测试\闪屏\拍照攻略闪屏-23.png: 941x1672
[image-size] D:\测试\闪屏\拍照攻略闪屏-24.png: 941x1672
[image-size] D:\测试\闪屏\拍照攻略闪屏-25.png: 941x1672
[image-size] D:\测试\闪屏\拍照攻略闪屏-26.png: 941x1672
[image-size] D:\测试\闪屏\拍照攻略闪屏-27.png: 941x1672
[image-size] D:\测试\闪屏\拍照攻略闪屏-28.png: 941x1672
[image-size] D:\测试\闪屏\拍照攻略闪屏-29.png: 941x1672
[image-size] D:\测试\闪屏\拍照攻略闪屏-3.png: 941x1672
[image-size] D:\测试\闪屏\拍照攻略闪屏-30.png: 941x1672
[image-size] D:\测试\闪屏\拍照攻略闪屏-31.png: 941x1672
[image-size] D:\测试\闪屏\拍照攻略闪屏-32.png: 941x1672
[image-size] D:\测试\闪屏\拍照攻略闪屏-33.png: 941x1672
[image-size] D:\测试\闪屏\拍照攻略闪屏-34.png: 941x1672
[image-size] D:\测试\闪屏\拍照攻略闪屏-35.png: 941x1672
[image-size] D:\测试\闪屏\拍照攻略闪屏-36.png: 941x1672
[image-size] D:\测试\闪屏\拍照攻略闪屏-37.png: 941x1672
[image-size] D:\测试\闪屏\拍照攻略闪屏-38.png: 941x1672
[image-size] D:\测试\闪屏\拍照攻略闪屏-39.png: 941x1672
[image-size] D:\测试\闪屏\拍照攻略闪屏-4.png: 941x1672
[image-size] D:\测试\闪屏\拍照攻略闪屏-40.png: 941x1672
[image-size] D:\测试\闪屏\拍照攻略闪屏-41.png: 941x1672
[image-size] D:\测试\闪屏\拍照攻略闪屏-42.png: 941x1672
[image-size] D:\测试\闪屏\拍照攻略闪屏-43.png: 941x1672
[image-size] D:\测试\闪屏\拍照攻略闪屏-44.png: 941x1672
[image-size] D:\测试\闪屏\拍照攻略闪屏-45.png: 941x1672
[image-size] D:\测试\闪屏\拍照攻略闪屏-46.png: 941x1672
[image-size] D:\测试\闪屏\拍照攻略闪屏-47.png: 941x1672
[image-size] D:\测试\闪屏\拍照攻略闪屏-48.png: 941x1672
[image-size] D:\测试\闪屏\拍照攻略闪屏-49.png: 941x1672
[image-size] D:\测试\闪屏\拍照攻略闪屏-5.png: 941x1672
[image-size] D:\测试\闪屏\拍照攻略闪屏-50.png: 941x1672
[image-size] D:\测试\闪屏\拍照攻略闪屏-51.png: 941x1672
[image-size] D:\测试\闪屏\拍照攻略闪屏-52.png: 941x1672
[image-size] D:\测试\闪屏\拍照攻略闪屏-53.png: 941x1672
[image-size] D:\测试\闪屏\拍照攻略闪屏-54.png: 941x1672
[image-size] D:\测试\闪屏\拍照攻略闪屏-55.png: 941x1672
[image-size] D:\测试\闪屏\拍照攻略闪屏-56.png: 941x1672
[image-size] D:\测试\闪屏\拍照攻略闪屏-57.png: 941x1672
[image-size] D:\测试\闪屏\拍照攻略闪屏-58.png: 941x1672
[image-size] D:\测试\闪屏\拍照攻略闪屏-59.png: 941x1672
[image-size] D:\测试\闪屏\拍照攻略闪屏-6.png: 941x1672
[image-size] D:\测试\闪屏\拍照攻略闪屏-60.png: 941x1672
[image-size] D:\测试\闪屏\拍照攻略闪屏-61.png: 941x1672
[image-size] D:\测试\闪屏\拍照攻略闪屏-62.png: 941x1672
[image-size] D:\测试\闪屏\拍照攻略闪屏-63.png: 941x1672
[image-size] D:\测试\闪屏\拍照攻略闪屏-64.png: 941x1672
[image-size] D:\测试\闪屏\拍照攻略闪屏-65.png: 941x1672
[image-size] D:\测试\闪屏\拍照攻略闪屏-66.png: 941x1672
[image-size] D:\测试\闪屏\拍照攻略闪屏-67.png: 941x1672
[image-size] D:\测试\闪屏\拍照攻略闪屏-68.png: 941x1672
[image-size] D:\测试\闪屏\拍照攻略闪屏-69.png: 941x1672
[image-size] D:\测试\闪屏\拍照攻略闪屏-7.png: 941x1672
[image-size] D:\测试\闪屏\拍照攻略闪屏-70.png: 941x1672
[image-size] D:\测试\闪屏\拍照攻略闪屏-71.png: 941x1672
[image-size] D:\测试\闪屏\拍照攻略闪屏-72.png: 941x1672
[image-size] D:\测试\闪屏\拍照攻略闪屏-73.png: 941x1672
[image-size] D:\测试\闪屏\拍照攻略闪屏-74.png: 941x1672
[image-size] D:\测试\闪屏\拍照攻略闪屏-75.png: 941x1672
[image-size] D:\测试\闪屏\拍照攻略闪屏-76.png: 941x1672
[image-size] D:\测试\闪屏\拍照攻略闪屏-77.png: 941x1672
[image-size] D:\测试\闪屏\拍照攻略闪屏-78.png: 941x1672
[image-size] D:\测试\闪屏\拍照攻略闪屏-79.png: 941x1672
[image-size] D:\测试\闪屏\拍照攻略闪屏-8.png: 941x1672
[image-size] D:\测试\闪屏\拍照攻略闪屏-80.png: 941x1672
[image-size] D:\测试\闪屏\拍照攻略闪屏-81.png: 941x1672
[image-size] D:\测试\闪屏\拍照攻略闪屏-82.png: 941x1672
[image-size] D:\测试\闪屏\拍照攻略闪屏-83.png: 941x1672
[image-size] D:\测试\闪屏\拍照攻略闪屏-84.png: 941x1672
[image-size] D:\测试\闪屏\拍照攻略闪屏-85.png: 941x1672
[image-size] D:\测试\闪屏\拍照攻略闪屏-86.png: 941x1672
[image-size] D:\测试\闪屏\拍照攻略闪屏-87.png: 941x1672
[image-size] D:\测试\闪屏\拍照攻略闪屏-88.png: 941x1672
[image-size] D:\测试\闪屏\拍照攻略闪屏-89.png: 941x1672
[image-size] D:\测试\闪屏\拍照攻略闪屏-9.png: 941x1672
[image-size] D:\测试\闪屏\拍照攻略闪屏-90.png: 941x1672
[image-size] D:\测试\闪屏\拍照攻略闪屏-91.png: 941x1672
[image-size] D:\测试\闪屏\拍照攻略闪屏-92.png: 941x1672
[image-size] D:\测试\闪屏\拍照攻略闪屏-93.png: 941x1672
[image-size] D:\测试\闪屏\拍照攻略闪屏-94.png: 941x1672
[image-size] D:\测试\闪屏\拍照攻略闪屏-95.png: 941x1672
[image-size] D:\测试\闪屏\拍照攻略闪屏-96.png: 941x1672
[image-size] D:\测试\闪屏\拍照攻略闪屏-97.png: 941x1672
[image-size] D:\测试\闪屏\拍照攻略闪屏-98.png: 941x1672
[image-size] D:\测试\闪屏\拍照攻略闪屏-99.png: 941x1672
[image-size] D:\测试\闪屏\拍照攻略闪屏-1.png: 941x1672
[image-size] D:\测试\闪屏\拍照攻略闪屏-10.png: 941x1672
[image-size] D:\测试\闪屏\拍照攻略闪屏-100.png: 941x1672
[image-size] D:\测试\闪屏\拍照攻略闪屏-11.png: 941x1672
[image-size] D:\测试\闪屏\拍照攻略闪屏-12.png: 941x1672
[image-size] D:\测试\闪屏\拍照攻略闪屏-13.png: 941x1672
[image-size] D:\测试\闪屏\拍照攻略闪屏-14.png: 941x1672
[image-size] D:\测试\闪屏\拍照攻略闪屏-15.png: 941x1672
[image-size] D:\测试\闪屏\拍照攻略闪屏-16.png: 941x1672
[image-size] D:\测试\闪屏\拍照攻略闪屏-17.png: 941x1672
[image-size] D:\测试\闪屏\拍照攻略闪屏-18.png: 941x1672
[image-size] D:\测试\闪屏\拍照攻略闪屏-19.png: 941x1672
[image-size] D:\测试\闪屏\拍照攻略闪屏-2.png: 941x1672
[image-size] D:\测试\闪屏\拍照攻略闪屏-20.png: 941x1672
[image-size] D:\测试\闪屏\拍照攻略闪屏-21.png: 941x1672
[image-size] D:\测试\闪屏\拍照攻略闪屏-22.png: 941x1672
[image-size] D:\测试\闪屏\拍照攻略闪屏-23.png: 941x1672
[image-size] D:\测试\闪屏\拍照攻略闪屏-24.png: 941x1672
[image-size] D:\测试\闪屏\拍照攻略闪屏-25.png: 941x1672
[image-size] D:\测试\闪屏\拍照攻略闪屏-26.png: 941x1672
[image-size] D:\测试\闪屏\拍照攻略闪屏-27.png: 941x1672
[image-size] D:\测试\闪屏\拍照攻略闪屏-28.png: 941x1672
[image-size] D:\测试\闪屏\拍照攻略闪屏-29.png: 941x1672
[image-size] D:\测试\闪屏\拍照攻略闪屏-3.png: 941x1672
[image-size] D:\测试\闪屏\拍照攻略闪屏-30.png: 941x1672
[image-size] D:\测试\闪屏\拍照攻略闪屏-31.png: 941x1672
[image-size] D:\测试\闪屏\拍照攻略闪屏-32.png: 941x1672
[image-size] D:\测试\闪屏\拍照攻略闪屏-33.png: 941x1672
[image-size] D:\测试\闪屏\拍照攻略闪屏-34.png: 941x1672
[image-size] D:\测试\闪屏\拍照攻略闪屏-35.png: 941x1672
[image-size] D:\测试\闪屏\拍照攻略闪屏-36.png: 941x1672
[image-size] D:\测试\闪屏\拍照攻略闪屏-37.png: 941x1672
[image-size] D:\测试\闪屏\拍照攻略闪屏-38.png: 941x1672
[image-size] D:\测试\闪屏\拍照攻略闪屏-39.png: 941x1672
[image-size] D:\测试\闪屏\拍照攻略闪屏-4.png: 941x1672
[image-size] D:\测试\闪屏\拍照攻略闪屏-40.png: 941x1672
[image-size] D:\测试\闪屏\拍照攻略闪屏-41.png: 941x1672
[image-size] D:\测试\闪屏\拍照攻略闪屏-42.png: 941x1672
[image-size] D:\测试\闪屏\拍照攻略闪屏-43.png: 941x1672
[image-size] D:\测试\闪屏\拍照攻略闪屏-44.png: 941x1672
[image-size] D:\测试\闪屏\拍照攻略闪屏-45.png: 941x1672
[image-size] D:\测试\闪屏\拍照攻略闪屏-46.png: 941x1672
[image-size] D:\测试\闪屏\拍照攻略闪屏-47.png: 941x1672
[image-size] D:\测试\闪屏\拍照攻略闪屏-48.png: 941x1672
[image-size] D:\测试\闪屏\拍照攻略闪屏-49.png: 941x1672
[image-size] D:\测试\闪屏\拍照攻略闪屏-5.png: 941x1672
[image-size] D:\测试\闪屏\拍照攻略闪屏-50.png: 941x1672
[image-size] D:\测试\闪屏\拍照攻略闪屏-51.png: 941x1672
[image-size] D:\测试\闪屏\拍照攻略闪屏-52.png: 941x1672
[image-size] D:\测试\闪屏\拍照攻略闪屏-53.png: 941x1672
[image-size] D:\测试\闪屏\拍照攻略闪屏-54.png: 941x1672
[image-size] D:\测试\闪屏\拍照攻略闪屏-55.png: 941x1672
[image-size] D:\测试\闪屏\拍照攻略闪屏-56.png: 941x1672
[image-size] D:\测试\闪屏\拍照攻略闪屏-57.png: 941x1672
[image-size] D:\测试\闪屏\拍照攻略闪屏-58.png: 941x1672
[image-size] D:\测试\闪屏\拍照攻略闪屏-59.png: 941x1672
[image-size] D:\测试\闪屏\拍照攻略闪屏-6.png: 941x1672
[image-size] D:\测试\闪屏\拍照攻略闪屏-60.png: 941x1672
[image-size] D:\测试\闪屏\拍照攻略闪屏-61.png: 941x1672
[image-size] D:\测试\闪屏\拍照攻略闪屏-62.png: 941x1672
[image-size] D:\测试\闪屏\拍照攻略闪屏-63.png: 941x1672
[image-size] D:\测试\闪屏\拍照攻略闪屏-64.png: 941x1672
[image-size] D:\测试\闪屏\拍照攻略闪屏-65.png: 941x1672
[image-size] D:\测试\闪屏\拍照攻略闪屏-66.png: 941x1672
[image-size] D:\测试\闪屏\拍照攻略闪屏-67.png: 941x1672
[image-size] D:\测试\闪屏\拍照攻略闪屏-68.png: 941x1672
[image-size] D:\测试\闪屏\拍照攻略闪屏-69.png: 941x1672
[image-size] D:\测试\闪屏\拍照攻略闪屏-7.png: 941x1672
[image-size] D:\测试\闪屏\拍照攻略闪屏-70.png: 941x1672
[image-size] D:\测试\闪屏\拍照攻略闪屏-71.png: 941x1672
[image-size] D:\测试\闪屏\拍照攻略闪屏-72.png: 941x1672
[image-size] D:\测试\闪屏\拍照攻略闪屏-73.png: 941x1672
[image-size] D:\测试\闪屏\拍照攻略闪屏-74.png: 941x1672
[image-size] D:\测试\闪屏\拍照攻略闪屏-75.png: 941x1672
[image-size] D:\测试\闪屏\拍照攻略闪屏-76.png: 941x1672
[image-size] D:\测试\闪屏\拍照攻略闪屏-77.png: 941x1672
[image-size] D:\测试\闪屏\拍照攻略闪屏-78.png: 941x1672
[image-size] D:\测试\闪屏\拍照攻略闪屏-79.png: 941x1672
[image-size] D:\测试\闪屏\拍照攻略闪屏-8.png: 941x1672
[image-size] D:\测试\闪屏\拍照攻略闪屏-80.png: 941x1672
[image-size] D:\测试\闪屏\拍照攻略闪屏-81.png: 941x1672
[image-size] D:\测试\闪屏\拍照攻略闪屏-82.png: 941x1672
[image-size] D:\测试\闪屏\拍照攻略闪屏-83.png: 941x1672
[image-size] D:\测试\闪屏\拍照攻略闪屏-84.png: 941x1672
[image-size] D:\测试\闪屏\拍照攻略闪屏-85.png: 941x1672
[image-size] D:\测试\闪屏\拍照攻略闪屏-86.png: 941x1672
[image-size] D:\测试\闪屏\拍照攻略闪屏-87.png: 941x1672
[image-size] D:\测试\闪屏\拍照攻略闪屏-88.png: 941x1672
[image-size] D:\测试\闪屏\拍照攻略闪屏-89.png: 941x1672
[image-size] D:\测试\闪屏\拍照攻略闪屏-9.png: 941x1672
[image-size] D:\测试\闪屏\拍照攻略闪屏-90.png: 941x1672
[image-size] D:\测试\闪屏\拍照攻略闪屏-91.png: 941x1672
[image-size] D:\测试\闪屏\拍照攻略闪屏-92.png: 941x1672
[image-size] D:\测试\闪屏\拍照攻略闪屏-93.png: 941x1672
[image-size] D:\测试\闪屏\拍照攻略闪屏-94.png: 941x1672
[image-size] D:\测试\闪屏\拍照攻略闪屏-95.png: 941x1672
[image-size] D:\测试\闪屏\拍照攻略闪屏-96.png: 941x1672
[image-size] D:\测试\闪屏\拍照攻略闪屏-97.png: 941x1672
[image-size] D:\测试\闪屏\拍照攻略闪屏-98.png: 941x1672
[image-size] D:\测试\闪屏\拍照攻略闪屏-99.png: 941x1672
[image-size] D:\测试\闪屏\拍照攻略闪屏-1.png: 941x1672
[image-size] D:\测试\闪屏\拍照攻略闪屏-10.png: 941x1672
[image-size] D:\测试\闪屏\拍照攻略闪屏-100.png: 941x1672
[image-size] D:\测试\闪屏\拍照攻略闪屏-11.png: 941x1672
[image-size] D:\测试\闪屏\拍照攻略闪屏-12.png: 941x1672
[image-size] D:\测试\闪屏\拍照攻略闪屏-13.png: 941x1672
[image-size] D:\测试\闪屏\拍照攻略闪屏-14.png: 941x1672
[image-size] D:\测试\闪屏\拍照攻略闪屏-15.png: 941x1672
[image-size] D:\测试\闪屏\拍照攻略闪屏-16.png: 941x1672
[image-size] D:\测试\闪屏\拍照攻略闪屏-17.png: 941x1672
[image-size] D:\测试\闪屏\拍照攻略闪屏-18.png: 941x1672
[image-size] D:\测试\闪屏\拍照攻略闪屏-19.png: 941x1672
[image-size] D:\测试\闪屏\拍照攻略闪屏-2.png: 941x1672
[image-size] D:\测试\闪屏\拍照攻略闪屏-20.png: 941x1672
[image-size] D:\测试\闪屏\拍照攻略闪屏-21.png: 941x1672
[image-size] D:\测试\闪屏\拍照攻略闪屏-22.png: 941x1672
[image-size] D:\测试\闪屏\拍照攻略闪屏-23.png: 941x1672
[image-size] D:\测试\闪屏\拍照攻略闪屏-24.png: 941x1672
[image-size] D:\测试\闪屏\拍照攻略闪屏-25.png: 941x1672
[image-size] D:\测试\闪屏\拍照攻略闪屏-26.png: 941x1672
[image-size] D:\测试\闪屏\拍照攻略闪屏-27.png: 941x1672
[image-size] D:\测试\闪屏\拍照攻略闪屏-28.png: 941x1672
[image-size] D:\测试\闪屏\拍照攻略闪屏-29.png: 941x1672
[image-size] D:\测试\闪屏\拍照攻略闪屏-3.png: 941x1672
[image-size] D:\测试\闪屏\拍照攻略闪屏-30.png: 941x1672
[image-size] D:\测试\闪屏\拍照攻略闪屏-31.png: 941x1672
[image-size] D:\测试\闪屏\拍照攻略闪屏-32.png: 941x1672
[image-size] D:\测试\闪屏\拍照攻略闪屏-33.png: 941x1672
[image-size] D:\测试\闪屏\拍照攻略闪屏-34.png: 941x1672
[image-size] D:\测试\闪屏\拍照攻略闪屏-35.png: 941x1672
[image-size] D:\测试\闪屏\拍照攻略闪屏-36.png: 941x1672
[image-size] D:\测试\闪屏\拍照攻略闪屏-37.png: 941x1672
[image-size] D:\测试\闪屏\拍照攻略闪屏-38.png: 941x1672
[image-size] D:\测试\闪屏\拍照攻略闪屏-39.png: 941x1672
[image-size] D:\测试\闪屏\拍照攻略闪屏-4.png: 941x1672
[image-size] D:\测试\闪屏\拍照攻略闪屏-40.png: 941x1672
[image-size] D:\测试\闪屏\拍照攻略闪屏-41.png: 941x1672
[image-size] D:\测试\闪屏\拍照攻略闪屏-42.png: 941x1672
[image-size] D:\测试\闪屏\拍照攻略闪屏-43.png: 941x1672
[image-size] D:\测试\闪屏\拍照攻略闪屏-44.png: 941x1672
[image-size] D:\测试\闪屏\拍照攻略闪屏-45.png: 941x1672
[image-size] D:\测试\闪屏\拍照攻略闪屏-46.png: 941x1672
[image-size] D:\测试\闪屏\拍照攻略闪屏-47.png: 941x1672
[image-size] D:\测试\闪屏\拍照攻略闪屏-48.png: 941x1672
[image-size] D:\测试\闪屏\拍照攻略闪屏-49.png: 941x1672
[image-size] D:\测试\闪屏\拍照攻略闪屏-5.png: 941x1672
[image-size] D:\测试\闪屏\拍照攻略闪屏-50.png: 941x1672
[image-size] D:\测试\闪屏\拍照攻略闪屏-51.png: 941x1672
[image-size] D:\测试\闪屏\拍照攻略闪屏-52.png: 941x1672
[image-size] D:\测试\闪屏\拍照攻略闪屏-53.png: 941x1672
[image-size] D:\测试\闪屏\拍照攻略闪屏-54.png: 941x1672
[image-size] D:\测试\闪屏\拍照攻略闪屏-55.png: 941x1672
[image-size] D:\测试\闪屏\拍照攻略闪屏-56.png: 941x1672
[image-size] D:\测试\闪屏\拍照攻略闪屏-57.png: 941x1672
[image-size] D:\测试\闪屏\拍照攻略闪屏-58.png: 941x1672
[image-size] D:\测试\闪屏\拍照攻略闪屏-59.png: 941x1672
[image-size] D:\测试\闪屏\拍照攻略闪屏-6.png: 941x1672
[image-size] D:\测试\闪屏\拍照攻略闪屏-60.png: 941x1672
[image-size] D:\测试\闪屏\拍照攻略闪屏-61.png: 941x1672
[image-size] D:\测试\闪屏\拍照攻略闪屏-62.png: 941x1672
[image-size] D:\测试\闪屏\拍照攻略闪屏-63.png: 941x1672
[image-size] D:\测试\闪屏\拍照攻略闪屏-64.png: 941x1672
[image-size] D:\测试\闪屏\拍照攻略闪屏-65.png: 941x1672
[image-size] D:\测试\闪屏\拍照攻略闪屏-66.png: 941x1672
[image-size] D:\测试\闪屏\拍照攻略闪屏-67.png: 941x1672
[image-size] D:\测试\闪屏\拍照攻略闪屏-68.png: 941x1672
[image-size] D:\测试\闪屏\拍照攻略闪屏-69.png: 941x1672
[image-size] D:\测试\闪屏\拍照攻略闪屏-7.png: 941x1672
[image-size] D:\测试\闪屏\拍照攻略闪屏-70.png: 941x1672
[image-size] D:\测试\闪屏\拍照攻略闪屏-71.png: 941x1672
[image-size] D:\测试\闪屏\拍照攻略闪屏-72.png: 941x1672
[image-size] D:\测试\闪屏\拍照攻略闪屏-73.png: 941x1672
[image-size] D:\测试\闪屏\拍照攻略闪屏-74.png: 941x1672
[image-size] D:\测试\闪屏\拍照攻略闪屏-75.png: 941x1672
[image-size] D:\测试\闪屏\拍照攻略闪屏-76.png: 941x1672
[image-size] D:\测试\闪屏\拍照攻略闪屏-77.png: 941x1672
[image-size] D:\测试\闪屏\拍照攻略闪屏-78.png: 941x1672
[image-size] D:\测试\闪屏\拍照攻略闪屏-79.png: 941x1672
[image-size] D:\测试\闪屏\拍照攻略闪屏-8.png: 941x1672
[image-size] D:\测试\闪屏\拍照攻略闪屏-80.png: 941x1672
[image-size] D:\测试\闪屏\拍照攻略闪屏-81.png: 941x1672
[image-size] D:\测试\闪屏\拍照攻略闪屏-82.png: 941x1672
[image-size] D:\测试\闪屏\拍照攻略闪屏-83.png: 941x1672
[image-size] D:\测试\闪屏\拍照攻略闪屏-84.png: 941x1672
[image-size] D:\测试\闪屏\拍照攻略闪屏-85.png: 941x1672
[image-size] D:\测试\闪屏\拍照攻略闪屏-86.png: 941x1672
[image-size] D:\测试\闪屏\拍照攻略闪屏-87.png: 941x1672
[image-size] D:\测试\闪屏\拍照攻略闪屏-88.png: 941x1672
[image-size] D:\测试\闪屏\拍照攻略闪屏-89.png: 941x1672
[image-size] D:\测试\闪屏\拍照攻略闪屏-9.png: 941x1672
[image-size] D:\测试\闪屏\拍照攻略闪屏-90.png: 941x1672
[image-size] D:\测试\闪屏\拍照攻略闪屏-91.png: 941x1672
[image-size] D:\测试\闪屏\拍照攻略闪屏-92.png: 941x1672
[image-size] D:\测试\闪屏\拍照攻略闪屏-93.png: 941x1672
[image-size] D:\测试\闪屏\拍照攻略闪屏-94.png: 941x1672
[image-size] D:\测试\闪屏\拍照攻略闪屏-95.png: 941x1672
[image-size] D:\测试\闪屏\拍照攻略闪屏-96.png: 941x1672
[image-size] D:\测试\闪屏\拍照攻略闪屏-97.png: 941x1672
[image-size] D:\测试\闪屏\拍照攻略闪屏-98.png: 941x1672
[image-size] D:\测试\闪屏\拍照攻略闪屏-99.png: 941x1672
[image-size] D:\测试\大图\拍照攻略大图-1.png: 1672x941
[image-size] D:\测试\大图\拍照攻略大图-10.png: 1672x941
[image-size] D:\测试\大图\拍照攻略大图-100.png: 1672x941
[image-size] D:\测试\大图\拍照攻略大图-11.png: 1672x941
[image-size] D:\测试\大图\拍照攻略大图-12.png: 1672x941
[image-size] D:\测试\大图\拍照攻略大图-13.png: 1672x941
[image-size] D:\测试\大图\拍照攻略大图-14.png: 1672x941
[image-size] D:\测试\大图\拍照攻略大图-15.png: 1672x941
[image-size] D:\测试\大图\拍照攻略大图-16.png: 1672x941
[image-size] D:\测试\大图\拍照攻略大图-17.png: 1672x941
[image-size] D:\测试\大图\拍照攻略大图-18.png: 1672x941
[image-size] D:\测试\大图\拍照攻略大图-19.png: 1672x941
[image-size] D:\测试\大图\拍照攻略大图-2.png: 1672x941
[image-size] D:\测试\大图\拍照攻略大图-20.png: 1672x941
[image-size] D:\测试\大图\拍照攻略大图-21.png: 1672x941
[image-size] D:\测试\大图\拍照攻略大图-22.png: 1672x941
[image-size] D:\测试\大图\拍照攻略大图-23.png: 1672x941
[image-size] D:\测试\大图\拍照攻略大图-24.png: 1672x941
[image-size] D:\测试\大图\拍照攻略大图-25.png: 1672x941
[image-size] D:\测试\大图\拍照攻略大图-26.png: 1672x941
[image-size] D:\测试\大图\拍照攻略大图-27.png: 1672x941
[image-size] D:\测试\大图\拍照攻略大图-28.png: 1672x941
[image-size] D:\测试\大图\拍照攻略大图-29.png: 1672x941
[image-size] D:\测试\大图\拍照攻略大图-3.png: 1672x941
[image-size] D:\测试\大图\拍照攻略大图-30.png: 1672x941
[image-size] D:\测试\大图\拍照攻略大图-31.png: 1672x941
[image-size] D:\测试\大图\拍照攻略大图-32.png: 1672x941
[image-size] D:\测试\大图\拍照攻略大图-33.png: 1672x941
[image-size] D:\测试\大图\拍照攻略大图-34.png: 1672x941
[image-size] D:\测试\大图\拍照攻略大图-35.png: 1672x941
[image-size] D:\测试\大图\拍照攻略大图-36.png: 1672x941
[image-size] D:\测试\大图\拍照攻略大图-37.png: 1672x941
[image-size] D:\测试\大图\拍照攻略大图-38.png: 1672x941
[image-size] D:\测试\大图\拍照攻略大图-39.png: 1672x941
[image-size] D:\测试\大图\拍照攻略大图-4.png: 1672x941
[image-size] D:\测试\大图\拍照攻略大图-40.png: 1672x941
[image-size] D:\测试\大图\拍照攻略大图-41.png: 1672x941
[image-size] D:\测试\大图\拍照攻略大图-42.png: 1672x941
[image-size] D:\测试\大图\拍照攻略大图-43.png: 1672x941
[image-size] D:\测试\大图\拍照攻略大图-44.png: 1672x941
[image-size] D:\测试\大图\拍照攻略大图-45.png: 1672x941
[image-size] D:\测试\大图\拍照攻略大图-46.png: 1672x941
[image-size] D:\测试\大图\拍照攻略大图-47.png: 1672x941
[image-size] D:\测试\大图\拍照攻略大图-48.png: 1672x941
[image-size] D:\测试\大图\拍照攻略大图-49.png: 1672x941
[image-size] D:\测试\大图\拍照攻略大图-5.png: 1672x941
[image-size] D:\测试\大图\拍照攻略大图-50.png: 1672x941
[image-size] D:\测试\大图\拍照攻略大图-51.png: 1672x941
[image-size] D:\测试\大图\拍照攻略大图-52.png: 1672x941
[image-size] D:\测试\大图\拍照攻略大图-53.png: 1672x941
[image-size] D:\测试\大图\拍照攻略大图-54.png: 1672x941
[image-size] D:\测试\大图\拍照攻略大图-55.png: 1672x941
[image-size] D:\测试\大图\拍照攻略大图-56.png: 1672x941
[image-size] D:\测试\大图\拍照攻略大图-57.png: 1672x941
[image-size] D:\测试\大图\拍照攻略大图-58.png: 1672x941
[image-size] D:\测试\大图\拍照攻略大图-59.png: 1672x941
[image-size] D:\测试\大图\拍照攻略大图-6.png: 1672x941
[image-size] D:\测试\大图\拍照攻略大图-60.png: 1672x941
[image-size] D:\测试\大图\拍照攻略大图-61.png: 1672x941
[image-size] D:\测试\大图\拍照攻略大图-62.png: 1672x941
[image-size] D:\测试\大图\拍照攻略大图-63.png: 1672x941
[image-size] D:\测试\大图\拍照攻略大图-64.png: 1672x941
[image-size] D:\测试\大图\拍照攻略大图-65.png: 1672x941
[image-size] D:\测试\大图\拍照攻略大图-66.png: 1672x941
[image-size] D:\测试\大图\拍照攻略大图-67.png: 1672x941
[image-size] D:\测试\大图\拍照攻略大图-68.png: 1672x941
[image-size] D:\测试\大图\拍照攻略大图-69.png: 1672x941
[image-size] D:\测试\大图\拍照攻略大图-7.png: 1672x941
[image-size] D:\测试\大图\拍照攻略大图-70.png: 1672x941
[image-size] D:\测试\大图\拍照攻略大图-71.png: 1672x941
[image-size] D:\测试\大图\拍照攻略大图-72.png: 1672x941
[image-size] D:\测试\大图\拍照攻略大图-73.png: 1672x941
[image-size] D:\测试\大图\拍照攻略大图-74.png: 1672x941
[image-size] D:\测试\大图\拍照攻略大图-75.png: 1672x941
[image-size] D:\测试\大图\拍照攻略大图-76.png: 1672x941
[image-size] D:\测试\大图\拍照攻略大图-77.png: 1672x941
[image-size] D:\测试\大图\拍照攻略大图-78.png: 1672x941
[image-size] D:\测试\大图\拍照攻略大图-79.png: 1672x941
[image-size] D:\测试\大图\拍照攻略大图-8.png: 1672x941
[image-size] D:\测试\大图\拍照攻略大图-80.png: 1672x941
[image-size] D:\测试\大图\拍照攻略大图-81.png: 1672x941
[image-size] D:\测试\大图\拍照攻略大图-82.png: 1672x941
[image-size] D:\测试\大图\拍照攻略大图-83.png: 1672x941
[image-size] D:\测试\大图\拍照攻略大图-84.png: 1672x941
[image-size] D:\测试\大图\拍照攻略大图-85.png: 1672x941
[image-size] D:\测试\大图\拍照攻略大图-86.png: 1672x941
[image-size] D:\测试\大图\拍照攻略大图-87.png: 1672x941
[image-size] D:\测试\大图\拍照攻略大图-88.png: 1672x941
[image-size] D:\测试\大图\拍照攻略大图-89.png: 1672x941
[image-size] D:\测试\大图\拍照攻略大图-9.png: 1672x941
[image-size] D:\测试\大图\拍照攻略大图-90.png: 1672x941
[image-size] D:\测试\大图\拍照攻略大图-91.png: 1672x941
[image-size] D:\测试\大图\拍照攻略大图-92.png: 1672x941
[image-size] D:\测试\大图\拍照攻略大图-93.png: 1672x941
[image-size] D:\测试\大图\拍照攻略大图-94.png: 1672x941
[image-size] D:\测试\大图\拍照攻略大图-95.png: 1672x941
[image-size] D:\测试\大图\拍照攻略大图-96.png: 1672x941
[image-size] D:\测试\大图\拍照攻略大图-97.png: 1672x941
[image-size] D:\测试\大图\拍照攻略大图-98.png: 1672x941
[image-size] D:\测试\大图\拍照攻略大图-99.png: 1672x941
[image-size] D:\测试\闪屏\拍照攻略闪屏-1.png: 941x1672
[image-size] D:\测试\闪屏\拍照攻略闪屏-10.png: 941x1672
[image-size] D:\测试\闪屏\拍照攻略闪屏-100.png: 941x1672
[image-size] D:\测试\闪屏\拍照攻略闪屏-11.png: 941x1672
[image-size] D:\测试\闪屏\拍照攻略闪屏-12.png: 941x1672
[image-size] D:\测试\闪屏\拍照攻略闪屏-13.png: 941x1672
[image-size] D:\测试\闪屏\拍照攻略闪屏-14.png: 941x1672
[image-size] D:\测试\闪屏\拍照攻略闪屏-15.png: 941x1672
[image-size] D:\测试\闪屏\拍照攻略闪屏-16.png: 941x1672
[image-size] D:\测试\闪屏\拍照攻略闪屏-17.png: 941x1672
[image-size] D:\测试\闪屏\拍照攻略闪屏-18.png: 941x1672
[image-size] D:\测试\闪屏\拍照攻略闪屏-19.png: 941x1672
[image-size] D:\测试\闪屏\拍照攻略闪屏-2.png: 941x1672
[image-size] D:\测试\闪屏\拍照攻略闪屏-20.png: 941x1672
[image-size] D:\测试\闪屏\拍照攻略闪屏-21.png: 941x1672
[image-size] D:\测试\闪屏\拍照攻略闪屏-22.png: 941x1672
[image-size] D:\测试\闪屏\拍照攻略闪屏-23.png: 941x1672
[image-size] D:\测试\闪屏\拍照攻略闪屏-24.png: 941x1672
[image-size] D:\测试\闪屏\拍照攻略闪屏-25.png: 941x1672
[image-size] D:\测试\闪屏\拍照攻略闪屏-26.png: 941x1672
[image-size] D:\测试\闪屏\拍照攻略闪屏-27.png: 941x1672
[image-size] D:\测试\闪屏\拍照攻略闪屏-28.png: 941x1672
[image-size] D:\测试\闪屏\拍照攻略闪屏-29.png: 941x1672
[image-size] D:\测试\闪屏\拍照攻略闪屏-3.png: 941x1672
[image-size] D:\测试\闪屏\拍照攻略闪屏-30.png: 941x1672
[image-size] D:\测试\闪屏\拍照攻略闪屏-31.png: 941x1672
[image-size] D:\测试\闪屏\拍照攻略闪屏-32.png: 941x1672
[image-size] D:\测试\闪屏\拍照攻略闪屏-33.png: 941x1672
[image-size] D:\测试\闪屏\拍照攻略闪屏-34.png: 941x1672
[image-size] D:\测试\闪屏\拍照攻略闪屏-35.png: 941x1672
[image-size] D:\测试\闪屏\拍照攻略闪屏-36.png: 941x1672
[image-size] D:\测试\闪屏\拍照攻略闪屏-37.png: 941x1672
[image-size] D:\测试\闪屏\拍照攻略闪屏-38.png: 941x1672
[image-size] D:\测试\闪屏\拍照攻略闪屏-39.png: 941x1672
[image-size] D:\测试\闪屏\拍照攻略闪屏-4.png: 941x1672
[image-size] D:\测试\闪屏\拍照攻略闪屏-40.png: 941x1672
[image-size] D:\测试\闪屏\拍照攻略闪屏-41.png: 941x1672
[image-size] D:\测试\闪屏\拍照攻略闪屏-42.png: 941x1672
[image-size] D:\测试\闪屏\拍照攻略闪屏-43.png: 941x1672
[image-size] D:\测试\闪屏\拍照攻略闪屏-44.png: 941x1672
[image-size] D:\测试\闪屏\拍照攻略闪屏-45.png: 941x1672
[image-size] D:\测试\闪屏\拍照攻略闪屏-46.png: 941x1672
[image-size] D:\测试\闪屏\拍照攻略闪屏-47.png: 941x1672
[image-size] D:\测试\闪屏\拍照攻略闪屏-48.png: 941x1672
[image-size] D:\测试\闪屏\拍照攻略闪屏-49.png: 941x1672
[image-size] D:\测试\闪屏\拍照攻略闪屏-5.png: 941x1672
[image-size] D:\测试\闪屏\拍照攻略闪屏-50.png: 941x1672
[image-size] D:\测试\闪屏\拍照攻略闪屏-51.png: 941x1672
[image-size] D:\测试\闪屏\拍照攻略闪屏-52.png: 941x1672
[image-size] D:\测试\闪屏\拍照攻略闪屏-53.png: 941x1672
[image-size] D:\测试\闪屏\拍照攻略闪屏-54.png: 941x1672
[image-size] D:\测试\闪屏\拍照攻略闪屏-55.png: 941x1672
[image-size] D:\测试\闪屏\拍照攻略闪屏-56.png: 941x1672
[image-size] D:\测试\闪屏\拍照攻略闪屏-57.png: 941x1672
[image-size] D:\测试\闪屏\拍照攻略闪屏-58.png: 941x1672
[image-size] D:\测试\闪屏\拍照攻略闪屏-59.png: 941x1672
[image-size] D:\测试\闪屏\拍照攻略闪屏-6.png: 941x1672
[image-size] D:\测试\闪屏\拍照攻略闪屏-60.png: 941x1672
[image-size] D:\测试\闪屏\拍照攻略闪屏-61.png: 941x1672
[image-size] D:\测试\闪屏\拍照攻略闪屏-62.png: 941x1672
[image-size] D:\测试\闪屏\拍照攻略闪屏-63.png: 941x1672
[image-size] D:\测试\闪屏\拍照攻略闪屏-64.png: 941x1672
[image-size] D:\测试\闪屏\拍照攻略闪屏-65.png: 941x1672
[image-size] D:\测试\闪屏\拍照攻略闪屏-66.png: 941x1672
[image-size] D:\测试\闪屏\拍照攻略闪屏-67.png: 941x1672
[image-size] D:\测试\闪屏\拍照攻略闪屏-68.png: 941x1672
[image-size] D:\测试\闪屏\拍照攻略闪屏-69.png: 941x1672
[image-size] D:\测试\闪屏\拍照攻略闪屏-7.png: 941x1672
[image-size] D:\测试\闪屏\拍照攻略闪屏-70.png: 941x1672
[image-size] D:\测试\闪屏\拍照攻略闪屏-71.png: 941x1672
[image-size] D:\测试\闪屏\拍照攻略闪屏-72.png: 941x1672
[image-size] D:\测试\闪屏\拍照攻略闪屏-73.png: 941x1672
[image-size] D:\测试\闪屏\拍照攻略闪屏-74.png: 941x1672
[image-size] D:\测试\闪屏\拍照攻略闪屏-75.png: 941x1672
[image-size] D:\测试\闪屏\拍照攻略闪屏-76.png: 941x1672
[image-size] D:\测试\闪屏\拍照攻略闪屏-77.png: 941x1672
[image-size] D:\测试\闪屏\拍照攻略闪屏-78.png: 941x1672
[image-size] D:\测试\闪屏\拍照攻略闪屏-79.png: 941x1672
[image-size] D:\测试\闪屏\拍照攻略闪屏-8.png: 941x1672
[image-size] D:\测试\闪屏\拍照攻略闪屏-80.png: 941x1672
[image-size] D:\测试\闪屏\拍照攻略闪屏-81.png: 941x1672
[image-size] D:\测试\闪屏\拍照攻略闪屏-82.png: 941x1672
[image-size] D:\测试\闪屏\拍照攻略闪屏-83.png: 941x1672
[image-size] D:\测试\闪屏\拍照攻略闪屏-84.png: 941x1672
[image-size] D:\测试\闪屏\拍照攻略闪屏-85.png: 941x1672
[image-size] D:\测试\闪屏\拍照攻略闪屏-86.png: 941x1672
[image-size] D:\测试\闪屏\拍照攻略闪屏-87.png: 941x1672
[image-size] D:\测试\闪屏\拍照攻略闪屏-88.png: 941x1672
[image-size] D:\测试\闪屏\拍照攻略闪屏-89.png: 941x1672
[image-size] D:\测试\闪屏\拍照攻略闪屏-9.png: 941x1672
[image-size] D:\测试\闪屏\拍照攻略闪屏-90.png: 941x1672
[image-size] D:\测试\闪屏\拍照攻略闪屏-91.png: 941x1672
[image-size] D:\测试\闪屏\拍照攻略闪屏-92.png: 941x1672
[image-size] D:\测试\闪屏\拍照攻略闪屏-93.png: 941x1672
[image-size] D:\测试\闪屏\拍照攻略闪屏-94.png: 941x1672
[image-size] D:\测试\闪屏\拍照攻略闪屏-95.png: 941x1672
[image-size] D:\测试\闪屏\拍照攻略闪屏-96.png: 941x1672
[image-size] D:\测试\闪屏\拍照攻略闪屏-97.png: 941x1672
[image-size] D:\测试\闪屏\拍照攻略闪屏-98.png: 941x1672
[image-size] D:\测试\闪屏\拍照攻略闪屏-99.png: 941x1672
[image-size] D:\测试\大图\拍照攻略大图-1.png: 1672x941
[image-size] D:\测试\大图\拍照攻略大图-10.png: 1672x941
[image-size] D:\测试\大图\拍照攻略大图-100.png: 1672x941
[image-size] D:\测试\大图\拍照攻略大图-11.png: 1672x941
[image-size] D:\测试\大图\拍照攻略大图-12.png: 1672x941
[image-size] D:\测试\大图\拍照攻略大图-13.png: 1672x941
[image-size] D:\测试\大图\拍照攻略大图-14.png: 1672x941
[image-size] D:\测试\大图\拍照攻略大图-15.png: 1672x941
[image-size] D:\测试\大图\拍照攻略大图-16.png: 1672x941
[image-size] D:\测试\大图\拍照攻略大图-17.png: 1672x941
[image-size] D:\测试\大图\拍照攻略大图-18.png: 1672x941
[image-size] D:\测试\大图\拍照攻略大图-19.png: 1672x941
[image-size] D:\测试\大图\拍照攻略大图-2.png: 1672x941
[image-size] D:\测试\大图\拍照攻略大图-20.png: 1672x941
[image-size] D:\测试\大图\拍照攻略大图-21.png: 1672x941
[image-size] D:\测试\大图\拍照攻略大图-22.png: 1672x941
[image-size] D:\测试\大图\拍照攻略大图-23.png: 1672x941
[image-size] D:\测试\大图\拍照攻略大图-24.png: 1672x941
[image-size] D:\测试\大图\拍照攻略大图-25.png: 1672x941
[image-size] D:\测试\大图\拍照攻略大图-26.png: 1672x941
[image-size] D:\测试\大图\拍照攻略大图-27.png: 1672x941
[image-size] D:\测试\大图\拍照攻略大图-28.png: 1672x941
[image-size] D:\测试\大图\拍照攻略大图-29.png: 1672x941
[image-size] D:\测试\大图\拍照攻略大图-3.png: 1672x941
[image-size] D:\测试\大图\拍照攻略大图-30.png: 1672x941
[image-size] D:\测试\大图\拍照攻略大图-31.png: 1672x941
[image-size] D:\测试\大图\拍照攻略大图-32.png: 1672x941
[image-size] D:\测试\大图\拍照攻略大图-33.png: 1672x941
[image-size] D:\测试\大图\拍照攻略大图-34.png: 1672x941
[image-size] D:\测试\大图\拍照攻略大图-35.png: 1672x941
[image-size] D:\测试\大图\拍照攻略大图-36.png: 1672x941
[image-size] D:\测试\大图\拍照攻略大图-37.png: 1672x941
[image-size] D:\测试\大图\拍照攻略大图-38.png: 1672x941
[image-size] D:\测试\大图\拍照攻略大图-39.png: 1672x941
[image-size] D:\测试\大图\拍照攻略大图-4.png: 1672x941
[image-size] D:\测试\大图\拍照攻略大图-40.png: 1672x941
[image-size] D:\测试\大图\拍照攻略大图-41.png: 1672x941
[image-size] D:\测试\大图\拍照攻略大图-42.png: 1672x941
[image-size] D:\测试\大图\拍照攻略大图-43.png: 1672x941
[image-size] D:\测试\大图\拍照攻略大图-44.png: 1672x941
[image-size] D:\测试\大图\拍照攻略大图-45.png: 1672x941
[image-size] D:\测试\大图\拍照攻略大图-46.png: 1672x941
[image-size] D:\测试\大图\拍照攻略大图-47.png: 1672x941
[image-size] D:\测试\大图\拍照攻略大图-48.png: 1672x941
[image-size] D:\测试\大图\拍照攻略大图-49.png: 1672x941
[image-size] D:\测试\大图\拍照攻略大图-5.png: 1672x941
[image-size] D:\测试\大图\拍照攻略大图-50.png: 1672x941
[image-size] D:\测试\大图\拍照攻略大图-51.png: 1672x941
[image-size] D:\测试\大图\拍照攻略大图-52.png: 1672x941
[image-size] D:\测试\大图\拍照攻略大图-53.png: 1672x941
[image-size] D:\测试\大图\拍照攻略大图-54.png: 1672x941
[image-size] D:\测试\大图\拍照攻略大图-55.png: 1672x941
[image-size] D:\测试\大图\拍照攻略大图-56.png: 1672x941
[image-size] D:\测试\大图\拍照攻略大图-57.png: 1672x941
[image-size] D:\测试\大图\拍照攻略大图-58.png: 1672x941
[image-size] D:\测试\大图\拍照攻略大图-59.png: 1672x941
[image-size] D:\测试\大图\拍照攻略大图-6.png: 1672x941
[image-size] D:\测试\大图\拍照攻略大图-60.png: 1672x941
[image-size] D:\测试\大图\拍照攻略大图-61.png: 1672x941
[image-size] D:\测试\大图\拍照攻略大图-62.png: 1672x941
[image-size] D:\测试\大图\拍照攻略大图-63.png: 1672x941
[image-size] D:\测试\大图\拍照攻略大图-64.png: 1672x941
[image-size] D:\测试\大图\拍照攻略大图-65.png: 1672x941
[image-size] D:\测试\大图\拍照攻略大图-66.png: 1672x941
[image-size] D:\测试\大图\拍照攻略大图-67.png: 1672x941
[image-size] D:\测试\大图\拍照攻略大图-68.png: 1672x941
[image-size] D:\测试\大图\拍照攻略大图-69.png: 1672x941
[image-size] D:\测试\大图\拍照攻略大图-7.png: 1672x941
[image-size] D:\测试\大图\拍照攻略大图-70.png: 1672x941
[image-size] D:\测试\大图\拍照攻略大图-71.png: 1672x941
[image-size] D:\测试\大图\拍照攻略大图-72.png: 1672x941
[image-size] D:\测试\大图\拍照攻略大图-73.png: 1672x941
[image-size] D:\测试\大图\拍照攻略大图-74.png: 1672x941
[image-size] D:\测试\大图\拍照攻略大图-75.png: 1672x941
[image-size] D:\测试\大图\拍照攻略大图-76.png: 1672x941
[image-size] D:\测试\大图\拍照攻略大图-77.png: 1672x941
[image-size] D:\测试\大图\拍照攻略大图-78.png: 1672x941
[image-size] D:\测试\大图\拍照攻略大图-79.png: 1672x941
[image-size] D:\测试\大图\拍照攻略大图-8.png: 1672x941
[image-size] D:\测试\大图\拍照攻略大图-80.png: 1672x941
[image-size] D:\测试\大图\拍照攻略大图-81.png: 1672x941
[image-size] D:\测试\大图\拍照攻略大图-82.png: 1672x941
[image-size] D:\测试\大图\拍照攻略大图-83.png: 1672x941
[image-size] D:\测试\大图\拍照攻略大图-84.png: 1672x941
[image-size] D:\测试\大图\拍照攻略大图-85.png: 1672x941
[image-size] D:\测试\大图\拍照攻略大图-86.png: 1672x941
[image-size] D:\测试\大图\拍照攻略大图-87.png: 1672x941
[image-size] D:\测试\大图\拍照攻略大图-88.png: 1672x941
[image-size] D:\测试\大图\拍照攻略大图-89.png: 1672x941
[image-size] D:\测试\大图\拍照攻略大图-9.png: 1672x941
[image-size] D:\测试\大图\拍照攻略大图-90.png: 1672x941
[image-size] D:\测试\大图\拍照攻略大图-91.png: 1672x941
[image-size] D:\测试\大图\拍照攻略大图-92.png: 1672x941
[image-size] D:\测试\大图\拍照攻略大图-93.png: 1672x941
[image-size] D:\测试\大图\拍照攻略大图-94.png: 1672x941
[image-size] D:\测试\大图\拍照攻略大图-95.png: 1672x941
[image-size] D:\测试\大图\拍照攻略大图-96.png: 1672x941
[image-size] D:\测试\大图\拍照攻略大图-97.png: 1672x941
[image-size] D:\测试\大图\拍照攻略大图-98.png: 1672x941
[image-size] D:\测试\大图\拍照攻略大图-99.png: 1672x941
[image-size] D:\测试\闪屏\拍照攻略闪屏-1.png: 941x1672
[image-size] D:\测试\闪屏\拍照攻略闪屏-10.png: 941x1672
[image-size] D:\测试\闪屏\拍照攻略闪屏-100.png: 941x1672
[image-size] D:\测试\闪屏\拍照攻略闪屏-11.png: 941x1672
[image-size] D:\测试\闪屏\拍照攻略闪屏-12.png: 941x1672
[image-size] D:\测试\闪屏\拍照攻略闪屏-13.png: 941x1672
[image-size] D:\测试\闪屏\拍照攻略闪屏-14.png: 941x1672
[image-size] D:\测试\闪屏\拍照攻略闪屏-15.png: 941x1672
[image-size] D:\测试\闪屏\拍照攻略闪屏-16.png: 941x1672
[image-size] D:\测试\闪屏\拍照攻略闪屏-17.png: 941x1672
[image-size] D:\测试\闪屏\拍照攻略闪屏-18.png: 941x1672
[image-size] D:\测试\闪屏\拍照攻略闪屏-19.png: 941x1672
[image-size] D:\测试\闪屏\拍照攻略闪屏-2.png: 941x1672
[image-size] D:\测试\闪屏\拍照攻略闪屏-20.png: 941x1672
[image-size] D:\测试\闪屏\拍照攻略闪屏-21.png: 941x1672
[image-size] D:\测试\闪屏\拍照攻略闪屏-22.png: 941x1672
[image-size] D:\测试\闪屏\拍照攻略闪屏-23.png: 941x1672
[image-size] D:\测试\闪屏\拍照攻略闪屏-24.png: 941x1672
[image-size] D:\测试\闪屏\拍照攻略闪屏-25.png: 941x1672
[image-size] D:\测试\闪屏\拍照攻略闪屏-26.png: 941x1672
[image-size] D:\测试\闪屏\拍照攻略闪屏-27.png: 941x1672
[image-size] D:\测试\闪屏\拍照攻略闪屏-28.png: 941x1672
[image-size] D:\测试\闪屏\拍照攻略闪屏-29.png: 941x1672
[image-size] D:\测试\闪屏\拍照攻略闪屏-3.png: 941x1672
[image-size] D:\测试\闪屏\拍照攻略闪屏-30.png: 941x1672
[image-size] D:\测试\闪屏\拍照攻略闪屏-31.png: 941x1672
[image-size] D:\测试\闪屏\拍照攻略闪屏-32.png: 941x1672
[image-size] D:\测试\闪屏\拍照攻略闪屏-33.png: 941x1672
[image-size] D:\测试\闪屏\拍照攻略闪屏-34.png: 941x1672
[image-size] D:\测试\闪屏\拍照攻略闪屏-35.png: 941x1672
[image-size] D:\测试\闪屏\拍照攻略闪屏-36.png: 941x1672
[image-size] D:\测试\闪屏\拍照攻略闪屏-37.png: 941x1672
[image-size] D:\测试\闪屏\拍照攻略闪屏-38.png: 941x1672
[image-size] D:\测试\闪屏\拍照攻略闪屏-39.png: 941x1672
[image-size] D:\测试\闪屏\拍照攻略闪屏-4.png: 941x1672
[image-size] D:\测试\闪屏\拍照攻略闪屏-40.png: 941x1672
[image-size] D:\测试\闪屏\拍照攻略闪屏-41.png: 941x1672
[image-size] D:\测试\闪屏\拍照攻略闪屏-42.png: 941x1672
[image-size] D:\测试\闪屏\拍照攻略闪屏-43.png: 941x1672
[image-size] D:\测试\闪屏\拍照攻略闪屏-44.png: 941x1672
[image-size] D:\测试\闪屏\拍照攻略闪屏-45.png: 941x1672
[image-size] D:\测试\闪屏\拍照攻略闪屏-46.png: 941x1672
[image-size] D:\测试\闪屏\拍照攻略闪屏-47.png: 941x1672
[image-size] D:\测试\闪屏\拍照攻略闪屏-48.png: 941x1672
[image-size] D:\测试\闪屏\拍照攻略闪屏-49.png: 941x1672
[image-size] D:\测试\闪屏\拍照攻略闪屏-5.png: 941x1672
[image-size] D:\测试\闪屏\拍照攻略闪屏-50.png: 941x1672
[image-size] D:\测试\闪屏\拍照攻略闪屏-51.png: 941x1672
[image-size] D:\测试\闪屏\拍照攻略闪屏-52.png: 941x1672
[image-size] D:\测试\闪屏\拍照攻略闪屏-53.png: 941x1672
[image-size] D:\测试\闪屏\拍照攻略闪屏-54.png: 941x1672
[image-size] D:\测试\闪屏\拍照攻略闪屏-55.png: 941x1672
[image-size] D:\测试\闪屏\拍照攻略闪屏-56.png: 941x1672
[image-size] D:\测试\闪屏\拍照攻略闪屏-57.png: 941x1672
[image-size] D:\测试\闪屏\拍照攻略闪屏-58.png: 941x1672
[image-size] D:\测试\闪屏\拍照攻略闪屏-59.png: 941x1672
[image-size] D:\测试\闪屏\拍照攻略闪屏-6.png: 941x1672
[image-size] D:\测试\闪屏\拍照攻略闪屏-60.png: 941x1672
[image-size] D:\测试\闪屏\拍照攻略闪屏-61.png: 941x1672
[image-size] D:\测试\闪屏\拍照攻略闪屏-62.png: 941x1672
[image-size] D:\测试\闪屏\拍照攻略闪屏-63.png: 941x1672
[image-size] D:\测试\闪屏\拍照攻略闪屏-64.png: 941x1672
[image-size] D:\测试\闪屏\拍照攻略闪屏-65.png: 941x1672
[image-size] D:\测试\闪屏\拍照攻略闪屏-66.png: 941x1672
[image-size] D:\测试\闪屏\拍照攻略闪屏-67.png: 941x1672
[image-size] D:\测试\闪屏\拍照攻略闪屏-68.png: 941x1672
[image-size] D:\测试\闪屏\拍照攻略闪屏-69.png: 941x1672
[image-size] D:\测试\闪屏\拍照攻略闪屏-7.png: 941x1672
[image-size] D:\测试\闪屏\拍照攻略闪屏-70.png: 941x1672
[image-size] D:\测试\闪屏\拍照攻略闪屏-71.png: 941x1672
[image-size] D:\测试\闪屏\拍照攻略闪屏-72.png: 941x1672
[image-size] D:\测试\闪屏\拍照攻略闪屏-73.png: 941x1672
[image-size] D:\测试\闪屏\拍照攻略闪屏-74.png: 941x1672
[image-size] D:\测试\闪屏\拍照攻略闪屏-75.png: 941x1672
[image-size] D:\测试\闪屏\拍照攻略闪屏-76.png: 941x1672
[image-size] D:\测试\闪屏\拍照攻略闪屏-77.png: 941x1672
[image-size] D:\测试\闪屏\拍照攻略闪屏-78.png: 941x1672
[image-size] D:\测试\闪屏\拍照攻略闪屏-79.png: 941x1672
[image-size] D:\测试\闪屏\拍照攻略闪屏-8.png: 941x1672
[image-size] D:\测试\闪屏\拍照攻略闪屏-80.png: 941x1672
[image-size] D:\测试\闪屏\拍照攻略闪屏-81.png: 941x1672
[image-size] D:\测试\闪屏\拍照攻略闪屏-82.png: 941x1672
[image-size] D:\测试\闪屏\拍照攻略闪屏-83.png: 941x1672
[image-size] D:\测试\闪屏\拍照攻略闪屏-84.png: 941x1672
[image-size] D:\测试\闪屏\拍照攻略闪屏-85.png: 941x1672
[image-size] D:\测试\闪屏\拍照攻略闪屏-86.png: 941x1672
[image-size] D:\测试\闪屏\拍照攻略闪屏-87.png: 941x1672
[image-size] D:\测试\闪屏\拍照攻略闪屏-88.png: 941x1672
[image-size] D:\测试\闪屏\拍照攻略闪屏-89.png: 941x1672
[image-size] D:\测试\闪屏\拍照攻略闪屏-9.png: 941x1672
[image-size] D:\测试\闪屏\拍照攻略闪屏-90.png: 941x1672
[image-size] D:\测试\闪屏\拍照攻略闪屏-91.png: 941x1672
[image-size] D:\测试\闪屏\拍照攻略闪屏-92.png: 941x1672
[image-size] D:\测试\闪屏\拍照攻略闪屏-93.png: 941x1672
[image-size] D:\测试\闪屏\拍照攻略闪屏-94.png: 941x1672
[image-size] D:\测试\闪屏\拍照攻略闪屏-95.png: 941x1672
[image-size] D:\测试\闪屏\拍照攻略闪屏-96.png: 941x1672
[image-size] D:\测试\闪屏\拍照攻略闪屏-97.png: 941x1672
[image-size] D:\测试\闪屏\拍照攻略闪屏-98.png: 941x1672
[image-size] D:\测试\闪屏\拍照攻略闪屏-99.png: 941x1672
[image-size] D:\测试\大图\拍照攻略大图-1.png: 1672x941
[image-size] D:\测试\大图\拍照攻略大图-10.png: 1672x941
[image-size] D:\测试\大图\拍照攻略大图-100.png: 1672x941
[image-size] D:\测试\大图\拍照攻略大图-11.png: 1672x941
[image-size] D:\测试\大图\拍照攻略大图-12.png: 1672x941
[image-size] D:\测试\大图\拍照攻略大图-13.png: 1672x941
[image-size] D:\测试\大图\拍照攻略大图-14.png: 1672x941
[image-size] D:\测试\大图\拍照攻略大图-15.png: 1672x941
[image-size] D:\测试\大图\拍照攻略大图-16.png: 1672x941
[image-size] D:\测试\大图\拍照攻略大图-17.png: 1672x941
[image-size] D:\测试\大图\拍照攻略大图-18.png: 1672x941
[image-size] D:\测试\大图\拍照攻略大图-19.png: 1672x941
[image-size] D:\测试\大图\拍照攻略大图-2.png: 1672x941
[image-size] D:\测试\大图\拍照攻略大图-20.png: 1672x941
[image-size] D:\测试\大图\拍照攻略大图-21.png: 1672x941
[image-size] D:\测试\大图\拍照攻略大图-22.png: 1672x941
[image-size] D:\测试\大图\拍照攻略大图-23.png: 1672x941
[image-size] D:\测试\大图\拍照攻略大图-24.png: 1672x941
[image-size] D:\测试\大图\拍照攻略大图-25.png: 1672x941
[image-size] D:\测试\大图\拍照攻略大图-26.png: 1672x941
[image-size] D:\测试\大图\拍照攻略大图-27.png: 1672x941
[image-size] D:\测试\大图\拍照攻略大图-28.png: 1672x941
[image-size] D:\测试\大图\拍照攻略大图-29.png: 1672x941
[image-size] D:\测试\大图\拍照攻略大图-3.png: 1672x941
[image-size] D:\测试\大图\拍照攻略大图-30.png: 1672x941
[image-size] D:\测试\大图\拍照攻略大图-31.png: 1672x941
[image-size] D:\测试\大图\拍照攻略大图-32.png: 1672x941
[image-size] D:\测试\大图\拍照攻略大图-33.png: 1672x941
[image-size] D:\测试\大图\拍照攻略大图-34.png: 1672x941
[image-size] D:\测试\大图\拍照攻略大图-35.png: 1672x941
[image-size] D:\测试\大图\拍照攻略大图-36.png: 1672x941
[image-size] D:\测试\大图\拍照攻略大图-37.png: 1672x941
[image-size] D:\测试\大图\拍照攻略大图-38.png: 1672x941
[image-size] D:\测试\大图\拍照攻略大图-39.png: 1672x941
[image-size] D:\测试\大图\拍照攻略大图-4.png: 1672x941
[image-size] D:\测试\大图\拍照攻略大图-40.png: 1672x941
[image-size] D:\测试\大图\拍照攻略大图-41.png: 1672x941
[image-size] D:\测试\大图\拍照攻略大图-42.png: 1672x941
[image-size] D:\测试\大图\拍照攻略大图-43.png: 1672x941
[image-size] D:\测试\大图\拍照攻略大图-44.png: 1672x941
[image-size] D:\测试\大图\拍照攻略大图-45.png: 1672x941
[image-size] D:\测试\大图\拍照攻略大图-46.png: 1672x941
[image-size] D:\测试\大图\拍照攻略大图-47.png: 1672x941
[image-size] D:\测试\大图\拍照攻略大图-48.png: 1672x941
[image-size] D:\测试\大图\拍照攻略大图-49.png: 1672x941
[image-size] D:\测试\大图\拍照攻略大图-5.png: 1672x941
[image-size] D:\测试\大图\拍照攻略大图-50.png: 1672x941
[image-size] D:\测试\大图\拍照攻略大图-51.png: 1672x941
[image-size] D:\测试\大图\拍照攻略大图-52.png: 1672x941
[image-size] D:\测试\大图\拍照攻略大图-53.png: 1672x941
[image-size] D:\测试\大图\拍照攻略大图-54.png: 1672x941
[image-size] D:\测试\大图\拍照攻略大图-55.png: 1672x941
[image-size] D:\测试\大图\拍照攻略大图-56.png: 1672x941
[image-size] D:\测试\大图\拍照攻略大图-57.png: 1672x941
[image-size] D:\测试\大图\拍照攻略大图-58.png: 1672x941
[image-size] D:\测试\大图\拍照攻略大图-59.png: 1672x941
[image-size] D:\测试\大图\拍照攻略大图-6.png: 1672x941
[image-size] D:\测试\大图\拍照攻略大图-60.png: 1672x941
[image-size] D:\测试\大图\拍照攻略大图-61.png: 1672x941
[image-size] D:\测试\大图\拍照攻略大图-62.png: 1672x941
[image-size] D:\测试\大图\拍照攻略大图-63.png: 1672x941
[image-size] D:\测试\大图\拍照攻略大图-64.png: 1672x941
[image-size] D:\测试\大图\拍照攻略大图-65.png: 1672x941
[image-size] D:\测试\大图\拍照攻略大图-66.png: 1672x941
[image-size] D:\测试\大图\拍照攻略大图-67.png: 1672x941
[image-size] D:\测试\大图\拍照攻略大图-68.png: 1672x941
[image-size] D:\测试\大图\拍照攻略大图-69.png: 1672x941
[image-size] D:\测试\大图\拍照攻略大图-7.png: 1672x941
[image-size] D:\测试\大图\拍照攻略大图-70.png: 1672x941
[image-size] D:\测试\大图\拍照攻略大图-71.png: 1672x941
[image-size] D:\测试\大图\拍照攻略大图-72.png: 1672x941
[image-size] D:\测试\大图\拍照攻略大图-73.png: 1672x941
[image-size] D:\测试\大图\拍照攻略大图-74.png: 1672x941
[image-size] D:\测试\大图\拍照攻略大图-75.png: 1672x941
[image-size] D:\测试\大图\拍照攻略大图-76.png: 1672x941
[image-size] D:\测试\大图\拍照攻略大图-77.png: 1672x941
[image-size] D:\测试\大图\拍照攻略大图-78.png: 1672x941
[image-size] D:\测试\大图\拍照攻略大图-79.png: 1672x941
[image-size] D:\测试\大图\拍照攻略大图-8.png: 1672x941
[image-size] D:\测试\大图\拍照攻略大图-80.png: 1672x941
[image-size] D:\测试\大图\拍照攻略大图-81.png: 1672x941
[image-size] D:\测试\大图\拍照攻略大图-82.png: 1672x941
[image-size] D:\测试\大图\拍照攻略大图-83.png: 1672x941
[image-size] D:\测试\大图\拍照攻略大图-84.png: 1672x941
[image-size] D:\测试\大图\拍照攻略大图-85.png: 1672x941
[image-size] D:\测试\大图\拍照攻略大图-86.png: 1672x941
[image-size] D:\测试\大图\拍照攻略大图-87.png: 1672x941
[image-size] D:\测试\大图\拍照攻略大图-88.png: 1672x941
[image-size] D:\测试\大图\拍照攻略大图-89.png: 1672x941
[image-size] D:\测试\大图\拍照攻略大图-9.png: 1672x941
[image-size] D:\测试\大图\拍照攻略大图-90.png: 1672x941
[image-size] D:\测试\大图\拍照攻略大图-91.png: 1672x941
[image-size] D:\测试\大图\拍照攻略大图-92.png: 1672x941
[image-size] D:\测试\大图\拍照攻略大图-93.png: 1672x941
[image-size] D:\测试\大图\拍照攻略大图-94.png: 1672x941
[image-size] D:\测试\大图\拍照攻略大图-95.png: 1672x941
[image-size] D:\测试\大图\拍照攻略大图-96.png: 1672x941
[image-size] D:\测试\大图\拍照攻略大图-97.png: 1672x941
[image-size] D:\测试\大图\拍照攻略大图-98.png: 1672x941
[image-size] D:\测试\大图\拍照攻略大图-99.png: 1672x941
[image-size] D:\测试\闪屏\拍照攻略闪屏-1.png: 941x1672
[image-size] D:\测试\闪屏\拍照攻略闪屏-10.png: 941x1672
[image-size] D:\测试\闪屏\拍照攻略闪屏-100.png: 941x1672
[image-size] D:\测试\闪屏\拍照攻略闪屏-11.png: 941x1672
[image-size] D:\测试\闪屏\拍照攻略闪屏-12.png: 941x1672
[image-size] D:\测试\闪屏\拍照攻略闪屏-13.png: 941x1672
[image-size] D:\测试\闪屏\拍照攻略闪屏-14.png: 941x1672
[image-size] D:\测试\闪屏\拍照攻略闪屏-15.png: 941x1672
[image-size] D:\测试\闪屏\拍照攻略闪屏-16.png: 941x1672
[image-size] D:\测试\闪屏\拍照攻略闪屏-17.png: 941x1672
[image-size] D:\测试\闪屏\拍照攻略闪屏-18.png: 941x1672
[image-size] D:\测试\闪屏\拍照攻略闪屏-19.png: 941x1672
[image-size] D:\测试\闪屏\拍照攻略闪屏-2.png: 941x1672
[image-size] D:\测试\闪屏\拍照攻略闪屏-20.png: 941x1672
[image-size] D:\测试\闪屏\拍照攻略闪屏-21.png: 941x1672
[image-size] D:\测试\闪屏\拍照攻略闪屏-22.png: 941x1672
[image-size] D:\测试\闪屏\拍照攻略闪屏-23.png: 941x1672
[image-size] D:\测试\闪屏\拍照攻略闪屏-24.png: 941x1672
[image-size] D:\测试\闪屏\拍照攻略闪屏-25.png: 941x1672
[image-size] D:\测试\闪屏\拍照攻略闪屏-26.png: 941x1672
[image-size] D:\测试\闪屏\拍照攻略闪屏-27.png: 941x1672
[image-size] D:\测试\闪屏\拍照攻略闪屏-28.png: 941x1672
[image-size] D:\测试\闪屏\拍照攻略闪屏-29.png: 941x1672
[image-size] D:\测试\闪屏\拍照攻略闪屏-3.png: 941x1672
[image-size] D:\测试\闪屏\拍照攻略闪屏-30.png: 941x1672
[image-size] D:\测试\闪屏\拍照攻略闪屏-31.png: 941x1672
[image-size] D:\测试\闪屏\拍照攻略闪屏-32.png: 941x1672
[image-size] D:\测试\闪屏\拍照攻略闪屏-33.png: 941x1672
[image-size] D:\测试\闪屏\拍照攻略闪屏-34.png: 941x1672
[image-size] D:\测试\闪屏\拍照攻略闪屏-35.png: 941x1672
[image-size] D:\测试\闪屏\拍照攻略闪屏-36.png: 941x1672
[image-size] D:\测试\闪屏\拍照攻略闪屏-37.png: 941x1672
[image-size] D:\测试\闪屏\拍照攻略闪屏-38.png: 941x1672
[image-size] D:\测试\闪屏\拍照攻略闪屏-39.png: 941x1672
[image-size] D:\测试\闪屏\拍照攻略闪屏-4.png: 941x1672
[image-size] D:\测试\闪屏\拍照攻略闪屏-40.png: 941x1672
[image-size] D:\测试\闪屏\拍照攻略闪屏-41.png: 941x1672
[image-size] D:\测试\闪屏\拍照攻略闪屏-42.png: 941x1672
[image-size] D:\测试\闪屏\拍照攻略闪屏-43.png: 941x1672
[image-size] D:\测试\闪屏\拍照攻略闪屏-44.png: 941x1672
[image-size] D:\测试\闪屏\拍照攻略闪屏-45.png: 941x1672
[image-size] D:\测试\闪屏\拍照攻略闪屏-46.png: 941x1672
[image-size] D:\测试\闪屏\拍照攻略闪屏-47.png: 941x1672
[image-size] D:\测试\闪屏\拍照攻略闪屏-48.png: 941x1672
[image-size] D:\测试\闪屏\拍照攻略闪屏-49.png: 941x1672
[image-size] D:\测试\闪屏\拍照攻略闪屏-5.png: 941x1672
[image-size] D:\测试\闪屏\拍照攻略闪屏-50.png: 941x1672
[image-size] D:\测试\闪屏\拍照攻略闪屏-51.png: 941x1672
[image-size] D:\测试\闪屏\拍照攻略闪屏-52.png: 941x1672
[image-size] D:\测试\闪屏\拍照攻略闪屏-53.png: 941x1672
[image-size] D:\测试\闪屏\拍照攻略闪屏-54.png: 941x1672
[image-size] D:\测试\闪屏\拍照攻略闪屏-55.png: 941x1672
[image-size] D:\测试\闪屏\拍照攻略闪屏-56.png: 941x1672
[image-size] D:\测试\闪屏\拍照攻略闪屏-57.png: 941x1672
[image-size] D:\测试\闪屏\拍照攻略闪屏-58.png: 941x1672
[image-size] D:\测试\闪屏\拍照攻略闪屏-59.png: 941x1672
[image-size] D:\测试\闪屏\拍照攻略闪屏-6.png: 941x1672
[image-size] D:\测试\闪屏\拍照攻略闪屏-60.png: 941x1672
[image-size] D:\测试\闪屏\拍照攻略闪屏-61.png: 941x1672
[image-size] D:\测试\闪屏\拍照攻略闪屏-62.png: 941x1672
[image-size] D:\测试\闪屏\拍照攻略闪屏-63.png: 941x1672
[image-size] D:\测试\闪屏\拍照攻略闪屏-64.png: 941x1672
[image-size] D:\测试\闪屏\拍照攻略闪屏-65.png: 941x1672
[image-size] D:\测试\闪屏\拍照攻略闪屏-66.png: 941x1672
[image-size] D:\测试\闪屏\拍照攻略闪屏-67.png: 941x1672
[image-size] D:\测试\闪屏\拍照攻略闪屏-68.png: 941x1672
[image-size] D:\测试\闪屏\拍照攻略闪屏-69.png: 941x1672
[image-size] D:\测试\闪屏\拍照攻略闪屏-7.png: 941x1672
[image-size] D:\测试\闪屏\拍照攻略闪屏-70.png: 941x1672
[image-size] D:\测试\闪屏\拍照攻略闪屏-71.png: 941x1672
[image-size] D:\测试\闪屏\拍照攻略闪屏-72.png: 941x1672
[image-size] D:\测试\闪屏\拍照攻略闪屏-73.png: 941x1672
[image-size] D:\测试\闪屏\拍照攻略闪屏-74.png: 941x1672
[image-size] D:\测试\闪屏\拍照攻略闪屏-75.png: 941x1672
[image-size] D:\测试\闪屏\拍照攻略闪屏-76.png: 941x1672
[image-size] D:\测试\闪屏\拍照攻略闪屏-77.png: 941x1672
[image-size] D:\测试\闪屏\拍照攻略闪屏-78.png: 941x1672
[image-size] D:\测试\闪屏\拍照攻略闪屏-79.png: 941x1672
[image-size] D:\测试\闪屏\拍照攻略闪屏-8.png: 941x1672
[image-size] D:\测试\闪屏\拍照攻略闪屏-80.png: 941x1672
[image-size] D:\测试\闪屏\拍照攻略闪屏-81.png: 941x1672
[image-size] D:\测试\闪屏\拍照攻略闪屏-82.png: 941x1672
[image-size] D:\测试\闪屏\拍照攻略闪屏-83.png: 941x1672
[image-size] D:\测试\闪屏\拍照攻略闪屏-84.png: 941x1672
[image-size] D:\测试\闪屏\拍照攻略闪屏-85.png: 941x1672
[image-size] D:\测试\闪屏\拍照攻略闪屏-86.png: 941x1672
[image-size] D:\测试\闪屏\拍照攻略闪屏-87.png: 941x1672
[image-size] D:\测试\闪屏\拍照攻略闪屏-88.png: 941x1672
[image-size] D:\测试\闪屏\拍照攻略闪屏-89.png: 941x1672
[image-size] D:\测试\闪屏\拍照攻略闪屏-9.png: 941x1672
[image-size] D:\测试\闪屏\拍照攻略闪屏-90.png: 941x1672
[image-size] D:\测试\闪屏\拍照攻略闪屏-91.png: 941x1672
[image-size] D:\测试\闪屏\拍照攻略闪屏-92.png: 941x1672
[image-size] D:\测试\闪屏\拍照攻略闪屏-93.png: 941x1672
[image-size] D:\测试\闪屏\拍照攻略闪屏-94.png: 941x1672
[image-size] D:\测试\闪屏\拍照攻略闪屏-95.png: 941x1672
[image-size] D:\测试\闪屏\拍照攻略闪屏-96.png: 941x1672
[image-size] D:\测试\闪屏\拍照攻略闪屏-97.png: 941x1672
[image-size] D:\测试\闪屏\拍照攻略闪屏-98.png: 941x1672
[image-size] D:\测试\闪屏\拍照攻略闪屏-99.png: 941x1672
[image-size] D:\测试\大图\拍照攻略大图-1.png: 1672x941
[image-size] D:\测试\大图\拍照攻略大图-10.png: 1672x941
[image-size] D:\测试\大图\拍照攻略大图-100.png: 1672x941
[image-size] D:\测试\大图\拍照攻略大图-11.png: 1672x941
[image-size] D:\测试\大图\拍照攻略大图-12.png: 1672x941
[image-size] D:\测试\大图\拍照攻略大图-13.png: 1672x941
[image-size] D:\测试\大图\拍照攻略大图-14.png: 1672x941
[image-size] D:\测试\大图\拍照攻略大图-15.png: 1672x941
[image-size] D:\测试\大图\拍照攻略大图-16.png: 1672x941
[image-size] D:\测试\大图\拍照攻略大图-17.png: 1672x941
[image-size] D:\测试\大图\拍照攻略大图-18.png: 1672x941
[image-size] D:\测试\大图\拍照攻略大图-19.png: 1672x941
[image-size] D:\测试\大图\拍照攻略大图-2.png: 1672x941
[image-size] D:\测试\大图\拍照攻略大图-20.png: 1672x941
[image-size] D:\测试\大图\拍照攻略大图-21.png: 1672x941
[image-size] D:\测试\大图\拍照攻略大图-22.png: 1672x941
[image-size] D:\测试\大图\拍照攻略大图-23.png: 1672x941
[image-size] D:\测试\大图\拍照攻略大图-24.png: 1672x941
[image-size] D:\测试\大图\拍照攻略大图-25.png: 1672x941
[image-size] D:\测试\大图\拍照攻略大图-26.png: 1672x941
[image-size] D:\测试\大图\拍照攻略大图-27.png: 1672x941
[image-size] D:\测试\大图\拍照攻略大图-28.png: 1672x941
[image-size] D:\测试\大图\拍照攻略大图-29.png: 1672x941
[image-size] D:\测试\大图\拍照攻略大图-3.png: 1672x941
[image-size] D:\测试\大图\拍照攻略大图-30.png: 1672x941
[image-size] D:\测试\大图\拍照攻略大图-31.png: 1672x941
[image-size] D:\测试\大图\拍照攻略大图-32.png: 1672x941
[image-size] D:\测试\大图\拍照攻略大图-33.png: 1672x941
[image-size] D:\测试\大图\拍照攻略大图-34.png: 1672x941
[image-size] D:\测试\大图\拍照攻略大图-35.png: 1672x941
[image-size] D:\测试\大图\拍照攻略大图-36.png: 1672x941
[image-size] D:\测试\大图\拍照攻略大图-37.png: 1672x941
[image-size] D:\测试\大图\拍照攻略大图-38.png: 1672x941
[image-size] D:\测试\大图\拍照攻略大图-39.png: 1672x941
[image-size] D:\测试\大图\拍照攻略大图-4.png: 1672x941
[image-size] D:\测试\大图\拍照攻略大图-40.png: 1672x941
[image-size] D:\测试\大图\拍照攻略大图-41.png: 1672x941
[image-size] D:\测试\大图\拍照攻略大图-42.png: 1672x941
[image-size] D:\测试\大图\拍照攻略大图-43.png: 1672x941
[image-size] D:\测试\大图\拍照攻略大图-44.png: 1672x941
[image-size] D:\测试\大图\拍照攻略大图-45.png: 1672x941
[image-size] D:\测试\大图\拍照攻略大图-46.png: 1672x941
[image-size] D:\测试\大图\拍照攻略大图-47.png: 1672x941
[image-size] D:\测试\大图\拍照攻略大图-48.png: 1672x941
[image-size] D:\测试\大图\拍照攻略大图-49.png: 1672x941
[image-size] D:\测试\大图\拍照攻略大图-5.png: 1672x941
[image-size] D:\测试\大图\拍照攻略大图-50.png: 1672x941
[image-size] D:\测试\大图\拍照攻略大图-51.png: 1672x941
[image-size] D:\测试\大图\拍照攻略大图-52.png: 1672x941
[image-size] D:\测试\大图\拍照攻略大图-53.png: 1672x941
[image-size] D:\测试\大图\拍照攻略大图-54.png: 1672x941
[image-size] D:\测试\大图\拍照攻略大图-55.png: 1672x941
[image-size] D:\测试\大图\拍照攻略大图-56.png: 1672x941
[image-size] D:\测试\大图\拍照攻略大图-57.png: 1672x941
[image-size] D:\测试\大图\拍照攻略大图-58.png: 1672x941
[image-size] D:\测试\大图\拍照攻略大图-59.png: 1672x941
[image-size] D:\测试\大图\拍照攻略大图-6.png: 1672x941
[image-size] D:\测试\大图\拍照攻略大图-60.png: 1672x941
[image-size] D:\测试\大图\拍照攻略大图-61.png: 1672x941
[image-size] D:\测试\大图\拍照攻略大图-62.png: 1672x941
[image-size] D:\测试\大图\拍照攻略大图-63.png: 1672x941
[image-size] D:\测试\大图\拍照攻略大图-64.png: 1672x941
[image-size] D:\测试\大图\拍照攻略大图-65.png: 1672x941
[image-size] D:\测试\大图\拍照攻略大图-66.png: 1672x941
[image-size] D:\测试\大图\拍照攻略大图-67.png: 1672x941
[image-size] D:\测试\大图\拍照攻略大图-68.png: 1672x941
[image-size] D:\测试\大图\拍照攻略大图-69.png: 1672x941
[image-size] D:\测试\大图\拍照攻略大图-7.png: 1672x941
[image-size] D:\测试\大图\拍照攻略大图-70.png: 1672x941
[image-size] D:\测试\大图\拍照攻略大图-71.png: 1672x941
[image-size] D:\测试\大图\拍照攻略大图-72.png: 1672x941
[image-size] D:\测试\大图\拍照攻略大图-73.png: 1672x941
[image-size] D:\测试\大图\拍照攻略大图-74.png: 1672x941
[image-size] D:\测试\大图\拍照攻略大图-75.png: 1672x941
[image-size] D:\测试\大图\拍照攻略大图-76.png: 1672x941
[image-size] D:\测试\大图\拍照攻略大图-77.png: 1672x941
[image-size] D:\测试\大图\拍照攻略大图-78.png: 1672x941
[image-size] D:\测试\大图\拍照攻略大图-79.png: 1672x941
[image-size] D:\测试\大图\拍照攻略大图-8.png: 1672x941
[image-size] D:\测试\大图\拍照攻略大图-80.png: 1672x941
[image-size] D:\测试\大图\拍照攻略大图-81.png: 1672x941
[image-size] D:\测试\大图\拍照攻略大图-82.png: 1672x941
[image-size] D:\测试\大图\拍照攻略大图-83.png: 1672x941
[image-size] D:\测试\大图\拍照攻略大图-84.png: 1672x941
[image-size] D:\测试\大图\拍照攻略大图-85.png: 1672x941
[image-size] D:\测试\大图\拍照攻略大图-86.png: 1672x941
[image-size] D:\测试\大图\拍照攻略大图-87.png: 1672x941
[image-size] D:\测试\大图\拍照攻略大图-88.png: 1672x941
[image-size] D:\测试\大图\拍照攻略大图-89.png: 1672x941
[image-size] D:\测试\大图\拍照攻略大图-9.png: 1672x941
[image-size] D:\测试\大图\拍照攻略大图-90.png: 1672x941
[image-size] D:\测试\大图\拍照攻略大图-91.png: 1672x941
[image-size] D:\测试\大图\拍照攻略大图-92.png: 1672x941
[image-size] D:\测试\大图\拍照攻略大图-93.png: 1672x941
[image-size] D:\测试\大图\拍照攻略大图-94.png: 1672x941
[image-size] D:\测试\大图\拍照攻略大图-95.png: 1672x941
[image-size] D:\测试\大图\拍照攻略大图-96.png: 1672x941
[image-size] D:\测试\大图\拍照攻略大图-97.png: 1672x941
[image-size] D:\测试\大图\拍照攻略大图-98.png: 1672x941
[image-size] D:\测试\大图\拍照攻略大图-99.png: 1672x941
[image-size] D:\测试\闪屏\拍照攻略闪屏-1.png: 941x1672
[image-size] D:\测试\闪屏\拍照攻略闪屏-10.png: 941x1672
[image-size] D:\测试\闪屏\拍照攻略闪屏-100.png: 941x1672
[image-size] D:\测试\闪屏\拍照攻略闪屏-11.png: 941x1672
[image-size] D:\测试\闪屏\拍照攻略闪屏-12.png: 941x1672
[image-size] D:\测试\闪屏\拍照攻略闪屏-13.png: 941x1672
[image-size] D:\测试\闪屏\拍照攻略闪屏-14.png: 941x1672
[image-size] D:\测试\闪屏\拍照攻略闪屏-15.png: 941x1672
[image-size] D:\测试\闪屏\拍照攻略闪屏-16.png: 941x1672
[image-size] D:\测试\闪屏\拍照攻略闪屏-17.png: 941x1672
[image-size] D:\测试\闪屏\拍照攻略闪屏-18.png: 941x1672
[image-size] D:\测试\闪屏\拍照攻略闪屏-19.png: 941x1672
[image-size] D:\测试\闪屏\拍照攻略闪屏-2.png: 941x1672
[image-size] D:\测试\闪屏\拍照攻略闪屏-20.png: 941x1672
[image-size] D:\测试\闪屏\拍照攻略闪屏-21.png: 941x1672
[image-size] D:\测试\闪屏\拍照攻略闪屏-22.png: 941x1672
[image-size] D:\测试\闪屏\拍照攻略闪屏-23.png: 941x1672
[image-size] D:\测试\闪屏\拍照攻略闪屏-24.png: 941x1672
[image-size] D:\测试\闪屏\拍照攻略闪屏-25.png: 941x1672
[image-size] D:\测试\闪屏\拍照攻略闪屏-26.png: 941x1672
[image-size] D:\测试\闪屏\拍照攻略闪屏-27.png: 941x1672
[image-size] D:\测试\闪屏\拍照攻略闪屏-28.png: 941x1672
[image-size] D:\测试\闪屏\拍照攻略闪屏-29.png: 941x1672
[image-size] D:\测试\闪屏\拍照攻略闪屏-3.png: 941x1672
[image-size] D:\测试\闪屏\拍照攻略闪屏-30.png: 941x1672
[image-size] D:\测试\闪屏\拍照攻略闪屏-31.png: 941x1672
[image-size] D:\测试\闪屏\拍照攻略闪屏-32.png: 941x1672
[image-size] D:\测试\闪屏\拍照攻略闪屏-33.png: 941x1672
[image-size] D:\测试\闪屏\拍照攻略闪屏-34.png: 941x1672
[image-size] D:\测试\闪屏\拍照攻略闪屏-35.png: 941x1672
[image-size] D:\测试\闪屏\拍照攻略闪屏-36.png: 941x1672
[image-size] D:\测试\闪屏\拍照攻略闪屏-37.png: 941x1672
[image-size] D:\测试\闪屏\拍照攻略闪屏-38.png: 941x1672
[image-size] D:\测试\闪屏\拍照攻略闪屏-39.png: 941x1672
[image-size] D:\测试\闪屏\拍照攻略闪屏-4.png: 941x1672
[image-size] D:\测试\闪屏\拍照攻略闪屏-40.png: 941x1672
[image-size] D:\测试\闪屏\拍照攻略闪屏-41.png: 941x1672
[image-size] D:\测试\闪屏\拍照攻略闪屏-42.png: 941x1672
[image-size] D:\测试\闪屏\拍照攻略闪屏-43.png: 941x1672
[image-size] D:\测试\闪屏\拍照攻略闪屏-44.png: 941x1672
[image-size] D:\测试\闪屏\拍照攻略闪屏-45.png: 941x1672
[image-size] D:\测试\闪屏\拍照攻略闪屏-46.png: 941x1672
[image-size] D:\测试\闪屏\拍照攻略闪屏-47.png: 941x1672
[image-size] D:\测试\闪屏\拍照攻略闪屏-48.png: 941x1672
[image-size] D:\测试\闪屏\拍照攻略闪屏-49.png: 941x1672
[image-size] D:\测试\闪屏\拍照攻略闪屏-5.png: 941x1672
[image-size] D:\测试\闪屏\拍照攻略闪屏-50.png: 941x1672
[image-size] D:\测试\闪屏\拍照攻略闪屏-51.png: 941x1672
[image-size] D:\测试\闪屏\拍照攻略闪屏-52.png: 941x1672
[image-size] D:\测试\闪屏\拍照攻略闪屏-53.png: 941x1672
[image-size] D:\测试\闪屏\拍照攻略闪屏-54.png: 941x1672
[image-size] D:\测试\闪屏\拍照攻略闪屏-55.png: 941x1672
[image-size] D:\测试\闪屏\拍照攻略闪屏-56.png: 941x1672
[image-size] D:\测试\闪屏\拍照攻略闪屏-57.png: 941x1672
[image-size] D:\测试\闪屏\拍照攻略闪屏-58.png: 941x1672
[image-size] D:\测试\闪屏\拍照攻略闪屏-59.png: 941x1672
[image-size] D:\测试\闪屏\拍照攻略闪屏-6.png: 941x1672
[image-size] D:\测试\闪屏\拍照攻略闪屏-60.png: 941x1672
[image-size] D:\测试\闪屏\拍照攻略闪屏-61.png: 941x1672
[image-size] D:\测试\闪屏\拍照攻略闪屏-62.png: 941x1672
[image-size] D:\测试\闪屏\拍照攻略闪屏-63.png: 941x1672
[image-size] D:\测试\闪屏\拍照攻略闪屏-64.png: 941x1672
[image-size] D:\测试\闪屏\拍照攻略闪屏-65.png: 941x1672
[image-size] D:\测试\闪屏\拍照攻略闪屏-66.png: 941x1672
[image-size] D:\测试\闪屏\拍照攻略闪屏-67.png: 941x1672
[image-size] D:\测试\闪屏\拍照攻略闪屏-68.png: 941x1672
[image-size] D:\测试\闪屏\拍照攻略闪屏-69.png: 941x1672
[image-size] D:\测试\闪屏\拍照攻略闪屏-7.png: 941x1672
[image-size] D:\测试\闪屏\拍照攻略闪屏-70.png: 941x1672
[image-size] D:\测试\闪屏\拍照攻略闪屏-71.png: 941x1672
[image-size] D:\测试\闪屏\拍照攻略闪屏-72.png: 941x1672
[image-size] D:\测试\闪屏\拍照攻略闪屏-73.png: 941x1672
[image-size] D:\测试\闪屏\拍照攻略闪屏-74.png: 941x1672
[image-size] D:\测试\闪屏\拍照攻略闪屏-75.png: 941x1672
[image-size] D:\测试\闪屏\拍照攻略闪屏-76.png: 941x1672
[image-size] D:\测试\闪屏\拍照攻略闪屏-77.png: 941x1672
[image-size] D:\测试\闪屏\拍照攻略闪屏-78.png: 941x1672
[image-size] D:\测试\闪屏\拍照攻略闪屏-79.png: 941x1672
[image-size] D:\测试\闪屏\拍照攻略闪屏-8.png: 941x1672
[image-size] D:\测试\闪屏\拍照攻略闪屏-80.png: 941x1672
[image-size] D:\测试\闪屏\拍照攻略闪屏-81.png: 941x1672
[image-size] D:\测试\闪屏\拍照攻略闪屏-82.png: 941x1672
[image-size] D:\测试\闪屏\拍照攻略闪屏-83.png: 941x1672
[image-size] D:\测试\闪屏\拍照攻略闪屏-84.png: 941x1672
[image-size] D:\测试\闪屏\拍照攻略闪屏-85.png: 941x1672
[image-size] D:\测试\闪屏\拍照攻略闪屏-86.png: 941x1672
[image-size] D:\测试\闪屏\拍照攻略闪屏-87.png: 941x1672
[image-size] D:\测试\闪屏\拍照攻略闪屏-88.png: 941x1672
[image-size] D:\测试\闪屏\拍照攻略闪屏-89.png: 941x1672
[image-size] D:\测试\闪屏\拍照攻略闪屏-9.png: 941x1672
[image-size] D:\测试\闪屏\拍照攻略闪屏-90.png: 941x1672
[image-size] D:\测试\闪屏\拍照攻略闪屏-91.png: 941x1672
[image-size] D:\测试\闪屏\拍照攻略闪屏-92.png: 941x1672
[image-size] D:\测试\闪屏\拍照攻略闪屏-93.png: 941x1672
[image-size] D:\测试\闪屏\拍照攻略闪屏-94.png: 941x1672
[image-size] D:\测试\闪屏\拍照攻略闪屏-95.png: 941x1672
[image-size] D:\测试\闪屏\拍照攻略闪屏-96.png: 941x1672
[image-size] D:\测试\闪屏\拍照攻略闪屏-97.png: 941x1672
[image-size] D:\测试\闪屏\拍照攻略闪屏-98.png: 941x1672
[image-size] D:\测试\闪屏\拍照攻略闪屏-99.png: 941x1672
[image-size] D:\测试\大图\拍照攻略大图-1.png: 1672x941
[image-size] D:\测试\大图\拍照攻略大图-10.png: 1672x941
[image-size] D:\测试\大图\拍照攻略大图-100.png: 1672x941
[image-size] D:\测试\大图\拍照攻略大图-11.png: 1672x941
[image-size] D:\测试\大图\拍照攻略大图-12.png: 1672x941
[image-size] D:\测试\大图\拍照攻略大图-13.png: 1672x941
[image-size] D:\测试\大图\拍照攻略大图-14.png: 1672x941
[image-size] D:\测试\大图\拍照攻略大图-15.png: 1672x941
[image-size] D:\测试\大图\拍照攻略大图-16.png: 1672x941
[image-size] D:\测试\大图\拍照攻略大图-17.png: 1672x941
[image-size] D:\测试\大图\拍照攻略大图-18.png: 1672x941
[image-size] D:\测试\大图\拍照攻略大图-19.png: 1672x941
[image-size] D:\测试\大图\拍照攻略大图-2.png: 1672x941
[image-size] D:\测试\大图\拍照攻略大图-20.png: 1672x941
[image-size] D:\测试\大图\拍照攻略大图-21.png: 1672x941
[image-size] D:\测试\大图\拍照攻略大图-22.png: 1672x941
[image-size] D:\测试\大图\拍照攻略大图-23.png: 1672x941
[image-size] D:\测试\大图\拍照攻略大图-24.png: 1672x941
[image-size] D:\测试\大图\拍照攻略大图-25.png: 1672x941
[image-size] D:\测试\大图\拍照攻略大图-26.png: 1672x941
[image-size] D:\测试\大图\拍照攻略大图-27.png: 1672x941
[image-size] D:\测试\大图\拍照攻略大图-28.png: 1672x941
[image-size] D:\测试\大图\拍照攻略大图-29.png: 1672x941
[image-size] D:\测试\大图\拍照攻略大图-3.png: 1672x941
[image-size] D:\测试\大图\拍照攻略大图-30.png: 1672x941
[image-size] D:\测试\大图\拍照攻略大图-31.png: 1672x941
[image-size] D:\测试\大图\拍照攻略大图-32.png: 1672x941
[image-size] D:\测试\大图\拍照攻略大图-33.png: 1672x941
[image-size] D:\测试\大图\拍照攻略大图-34.png: 1672x941
[image-size] D:\测试\大图\拍照攻略大图-35.png: 1672x941
[image-size] D:\测试\大图\拍照攻略大图-36.png: 1672x941
[image-size] D:\测试\大图\拍照攻略大图-37.png: 1672x941
[image-size] D:\测试\大图\拍照攻略大图-38.png: 1672x941
[image-size] D:\测试\大图\拍照攻略大图-39.png: 1672x941
[image-size] D:\测试\大图\拍照攻略大图-4.png: 1672x941
[image-size] D:\测试\大图\拍照攻略大图-40.png: 1672x941
[image-size] D:\测试\大图\拍照攻略大图-41.png: 1672x941
[image-size] D:\测试\大图\拍照攻略大图-42.png: 1672x941
[image-size] D:\测试\大图\拍照攻略大图-43.png: 1672x941
[image-size] D:\测试\大图\拍照攻略大图-44.png: 1672x941
[image-size] D:\测试\大图\拍照攻略大图-45.png: 1672x941
[image-size] D:\测试\大图\拍照攻略大图-46.png: 1672x941
[image-size] D:\测试\大图\拍照攻略大图-47.png: 1672x941
[image-size] D:\测试\大图\拍照攻略大图-48.png: 1672x941
[image-size] D:\测试\大图\拍照攻略大图-49.png: 1672x941
[image-size] D:\测试\大图\拍照攻略大图-5.png: 1672x941
[image-size] D:\测试\大图\拍照攻略大图-50.png: 1672x941
[image-size] D:\测试\大图\拍照攻略大图-51.png: 1672x941
[image-size] D:\测试\大图\拍照攻略大图-52.png: 1672x941
[image-size] D:\测试\大图\拍照攻略大图-53.png: 1672x941
[image-size] D:\测试\大图\拍照攻略大图-54.png: 1672x941
[image-size] D:\测试\大图\拍照攻略大图-55.png: 1672x941
[image-size] D:\测试\大图\拍照攻略大图-56.png: 1672x941
[image-size] D:\测试\大图\拍照攻略大图-57.png: 1672x941
[image-size] D:\测试\大图\拍照攻略大图-58.png: 1672x941
[image-size] D:\测试\大图\拍照攻略大图-59.png: 1672x941
[image-size] D:\测试\大图\拍照攻略大图-6.png: 1672x941
[image-size] D:\测试\大图\拍照攻略大图-60.png: 1672x941
[image-size] D:\测试\大图\拍照攻略大图-61.png: 1672x941
[image-size] D:\测试\大图\拍照攻略大图-62.png: 1672x941
[image-size] D:\测试\大图\拍照攻略大图-63.png: 1672x941
[image-size] D:\测试\大图\拍照攻略大图-64.png: 1672x941
[image-size] D:\测试\大图\拍照攻略大图-65.png: 1672x941
[image-size] D:\测试\大图\拍照攻略大图-66.png: 1672x941
[image-size] D:\测试\大图\拍照攻略大图-67.png: 1672x941
[image-size] D:\测试\大图\拍照攻略大图-68.png: 1672x941
[image-size] D:\测试\大图\拍照攻略大图-69.png: 1672x941
[image-size] D:\测试\大图\拍照攻略大图-7.png: 1672x941
[image-size] D:\测试\大图\拍照攻略大图-70.png: 1672x941
[image-size] D:\测试\大图\拍照攻略大图-71.png: 1672x941
[image-size] D:\测试\大图\拍照攻略大图-72.png: 1672x941
[image-size] D:\测试\大图\拍照攻略大图-73.png: 1672x941
[image-size] D:\测试\大图\拍照攻略大图-74.png: 1672x941
[image-size] D:\测试\大图\拍照攻略大图-75.png: 1672x941
[image-size] D:\测试\大图\拍照攻略大图-76.png: 1672x941
[image-size] D:\测试\大图\拍照攻略大图-77.png: 1672x941
[image-size] D:\测试\大图\拍照攻略大图-78.png: 1672x941
[image-size] D:\测试\大图\拍照攻略大图-79.png: 1672x941
[image-size] D:\测试\大图\拍照攻略大图-8.png: 1672x941
[image-size] D:\测试\大图\拍照攻略大图-80.png: 1672x941
[image-size] D:\测试\大图\拍照攻略大图-81.png: 1672x941
[image-size] D:\测试\大图\拍照攻略大图-82.png: 1672x941
[image-size] D:\测试\大图\拍照攻略大图-83.png: 1672x941
[image-size] D:\测试\大图\拍照攻略大图-84.png: 1672x941
[image-size] D:\测试\大图\拍照攻略大图-85.png: 1672x941
[image-size] D:\测试\大图\拍照攻略大图-86.png: 1672x941
[image-size] D:\测试\大图\拍照攻略大图-87.png: 1672x941
[image-size] D:\测试\大图\拍照攻略大图-88.png: 1672x941
[image-size] D:\测试\大图\拍照攻略大图-89.png: 1672x941
[image-size] D:\测试\大图\拍照攻略大图-9.png: 1672x941
[image-size] D:\测试\大图\拍照攻略大图-90.png: 1672x941
[image-size] D:\测试\大图\拍照攻略大图-91.png: 1672x941
[image-size] D:\测试\大图\拍照攻略大图-92.png: 1672x941
[image-size] D:\测试\大图\拍照攻略大图-93.png: 1672x941
[image-size] D:\测试\大图\拍照攻略大图-94.png: 1672x941
[image-size] D:\测试\大图\拍照攻略大图-95.png: 1672x941
[image-size] D:\测试\大图\拍照攻略大图-96.png: 1672x941
[image-size] D:\测试\大图\拍照攻略大图-97.png: 1672x941
[image-size] D:\测试\大图\拍照攻略大图-98.png: 1672x941
[image-size] D:\测试\大图\拍照攻略大图-99.png: 1672x941
[image-size] D:\测试\闪屏\拍照攻略闪屏-1.png: 941x1672
[image-size] D:\测试\闪屏\拍照攻略闪屏-10.png: 941x1672
[image-size] D:\测试\闪屏\拍照攻略闪屏-100.png: 941x1672
[image-size] D:\测试\闪屏\拍照攻略闪屏-11.png: 941x1672
[image-size] D:\测试\闪屏\拍照攻略闪屏-12.png: 941x1672
[image-size] D:\测试\闪屏\拍照攻略闪屏-13.png: 941x1672
[image-size] D:\测试\闪屏\拍照攻略闪屏-14.png: 941x1672
[image-size] D:\测试\闪屏\拍照攻略闪屏-15.png: 941x1672
[image-size] D:\测试\闪屏\拍照攻略闪屏-16.png: 941x1672
[image-size] D:\测试\闪屏\拍照攻略闪屏-17.png: 941x1672
[image-size] D:\测试\闪屏\拍照攻略闪屏-18.png: 941x1672
[image-size] D:\测试\闪屏\拍照攻略闪屏-19.png: 941x1672
[image-size] D:\测试\闪屏\拍照攻略闪屏-2.png: 941x1672
[image-size] D:\测试\闪屏\拍照攻略闪屏-20.png: 941x1672
[image-size] D:\测试\闪屏\拍照攻略闪屏-21.png: 941x1672
[image-size] D:\测试\闪屏\拍照攻略闪屏-22.png: 941x1672
[image-size] D:\测试\闪屏\拍照攻略闪屏-23.png: 941x1672
[image-size] D:\测试\闪屏\拍照攻略闪屏-24.png: 941x1672
[image-size] D:\测试\闪屏\拍照攻略闪屏-25.png: 941x1672
[image-size] D:\测试\闪屏\拍照攻略闪屏-26.png: 941x1672
[image-size] D:\测试\闪屏\拍照攻略闪屏-27.png: 941x1672
[image-size] D:\测试\闪屏\拍照攻略闪屏-28.png: 941x1672
[image-size] D:\测试\闪屏\拍照攻略闪屏-29.png: 941x1672
[image-size] D:\测试\闪屏\拍照攻略闪屏-3.png: 941x1672
[image-size] D:\测试\闪屏\拍照攻略闪屏-30.png: 941x1672
[image-size] D:\测试\闪屏\拍照攻略闪屏-31.png: 941x1672
[image-size] D:\测试\闪屏\拍照攻略闪屏-32.png: 941x1672
[image-size] D:\测试\闪屏\拍照攻略闪屏-33.png: 941x1672
[image-size] D:\测试\闪屏\拍照攻略闪屏-34.png: 941x1672
[image-size] D:\测试\闪屏\拍照攻略闪屏-35.png: 941x1672
[image-size] D:\测试\闪屏\拍照攻略闪屏-36.png: 941x1672
[image-size] D:\测试\闪屏\拍照攻略闪屏-37.png: 941x1672
[image-size] D:\测试\闪屏\拍照攻略闪屏-38.png: 941x1672
[image-size] D:\测试\闪屏\拍照攻略闪屏-39.png: 941x1672
[image-size] D:\测试\闪屏\拍照攻略闪屏-4.png: 941x1672
[image-size] D:\测试\闪屏\拍照攻略闪屏-40.png: 941x1672
[image-size] D:\测试\闪屏\拍照攻略闪屏-41.png: 941x1672
[image-size] D:\测试\闪屏\拍照攻略闪屏-42.png: 941x1672
[image-size] D:\测试\闪屏\拍照攻略闪屏-43.png: 941x1672
[image-size] D:\测试\闪屏\拍照攻略闪屏-44.png: 941x1672
[image-size] D:\测试\闪屏\拍照攻略闪屏-45.png: 941x1672
[image-size] D:\测试\闪屏\拍照攻略闪屏-46.png: 941x1672
[image-size] D:\测试\闪屏\拍照攻略闪屏-47.png: 941x1672
[image-size] D:\测试\闪屏\拍照攻略闪屏-48.png: 941x1672
[image-size] D:\测试\闪屏\拍照攻略闪屏-49.png: 941x1672
[image-size] D:\测试\闪屏\拍照攻略闪屏-5.png: 941x1672
[image-size] D:\测试\闪屏\拍照攻略闪屏-50.png: 941x1672
[image-size] D:\测试\闪屏\拍照攻略闪屏-51.png: 941x1672
[image-size] D:\测试\闪屏\拍照攻略闪屏-52.png: 941x1672
[image-size] D:\测试\闪屏\拍照攻略闪屏-53.png: 941x1672
[image-size] D:\测试\闪屏\拍照攻略闪屏-54.png: 941x1672
[image-size] D:\测试\闪屏\拍照攻略闪屏-55.png: 941x1672
[image-size] D:\测试\闪屏\拍照攻略闪屏-56.png: 941x1672
[image-size] D:\测试\闪屏\拍照攻略闪屏-57.png: 941x1672
[image-size] D:\测试\闪屏\拍照攻略闪屏-58.png: 941x1672
[image-size] D:\测试\闪屏\拍照攻略闪屏-59.png: 941x1672
[image-size] D:\测试\闪屏\拍照攻略闪屏-6.png: 941x1672
[image-size] D:\测试\闪屏\拍照攻略闪屏-60.png: 941x1672
[image-size] D:\测试\闪屏\拍照攻略闪屏-61.png: 941x1672
[image-size] D:\测试\闪屏\拍照攻略闪屏-62.png: 941x1672
[image-size] D:\测试\闪屏\拍照攻略闪屏-63.png: 941x1672
[image-size] D:\测试\闪屏\拍照攻略闪屏-64.png: 941x1672
[image-size] D:\测试\闪屏\拍照攻略闪屏-65.png: 941x1672
[image-size] D:\测试\闪屏\拍照攻略闪屏-66.png: 941x1672
[image-size] D:\测试\闪屏\拍照攻略闪屏-67.png: 941x1672
[image-size] D:\测试\闪屏\拍照攻略闪屏-68.png: 941x1672
[image-size] D:\测试\闪屏\拍照攻略闪屏-69.png: 941x1672
[image-size] D:\测试\闪屏\拍照攻略闪屏-7.png: 941x1672
[image-size] D:\测试\闪屏\拍照攻略闪屏-70.png: 941x1672
[image-size] D:\测试\闪屏\拍照攻略闪屏-71.png: 941x1672
[image-size] D:\测试\闪屏\拍照攻略闪屏-72.png: 941x1672
[image-size] D:\测试\闪屏\拍照攻略闪屏-73.png: 941x1672
[image-size] D:\测试\闪屏\拍照攻略闪屏-74.png: 941x1672
[image-size] D:\测试\闪屏\拍照攻略闪屏-75.png: 941x1672
[image-size] D:\测试\闪屏\拍照攻略闪屏-76.png: 941x1672
[image-size] D:\测试\闪屏\拍照攻略闪屏-77.png: 941x1672
[image-size] D:\测试\闪屏\拍照攻略闪屏-78.png: 941x1672
[image-size] D:\测试\闪屏\拍照攻略闪屏-79.png: 941x1672
[image-size] D:\测试\闪屏\拍照攻略闪屏-8.png: 941x1672
[image-size] D:\测试\闪屏\拍照攻略闪屏-80.png: 941x1672
[image-size] D:\测试\闪屏\拍照攻略闪屏-81.png: 941x1672
[image-size] D:\测试\闪屏\拍照攻略闪屏-82.png: 941x1672
[image-size] D:\测试\闪屏\拍照攻略闪屏-83.png: 941x1672
[image-size] D:\测试\闪屏\拍照攻略闪屏-84.png: 941x1672
[image-size] D:\测试\闪屏\拍照攻略闪屏-85.png: 941x1672
[image-size] D:\测试\闪屏\拍照攻略闪屏-86.png: 941x1672
[image-size] D:\测试\闪屏\拍照攻略闪屏-87.png: 941x1672
[image-size] D:\测试\闪屏\拍照攻略闪屏-88.png: 941x1672
[image-size] D:\测试\闪屏\拍照攻略闪屏-89.png: 941x1672
[image-size] D:\测试\闪屏\拍照攻略闪屏-9.png: 941x1672
[image-size] D:\测试\闪屏\拍照攻略闪屏-90.png: 941x1672
[image-size] D:\测试\闪屏\拍照攻略闪屏-91.png: 941x1672
[image-size] D:\测试\闪屏\拍照攻略闪屏-92.png: 941x1672
[image-size] D:\测试\闪屏\拍照攻略闪屏-93.png: 941x1672
[image-size] D:\测试\闪屏\拍照攻略闪屏-94.png: 941x1672
[image-size] D:\测试\闪屏\拍照攻略闪屏-95.png: 941x1672
[image-size] D:\测试\闪屏\拍照攻略闪屏-96.png: 941x1672
[image-size] D:\测试\闪屏\拍照攻略闪屏-97.png: 941x1672
[image-size] D:\测试\闪屏\拍照攻略闪屏-98.png: 941x1672
[image-size] D:\测试\闪屏\拍照攻略闪屏-99.png: 941x1672
[image-size] D:\测试\闪屏\拍照攻略闪屏-1.png: 941x1672
[image-size] D:\测试\闪屏\拍照攻略闪屏-10.png: 941x1672
[image-size] D:\测试\闪屏\拍照攻略闪屏-100.png: 941x1672
[image-size] D:\测试\闪屏\拍照攻略闪屏-11.png: 941x1672
[image-size] D:\测试\闪屏\拍照攻略闪屏-12.png: 941x1672
[image-size] D:\测试\闪屏\拍照攻略闪屏-13.png: 941x1672
[image-size] D:\测试\闪屏\拍照攻略闪屏-14.png: 941x1672
[image-size] D:\测试\闪屏\拍照攻略闪屏-15.png: 941x1672
[image-size] D:\测试\闪屏\拍照攻略闪屏-16.png: 941x1672
[image-size] D:\测试\闪屏\拍照攻略闪屏-17.png: 941x1672
[image-size] D:\测试\闪屏\拍照攻略闪屏-18.png: 941x1672
[image-size] D:\测试\闪屏\拍照攻略闪屏-19.png: 941x1672
[image-size] D:\测试\闪屏\拍照攻略闪屏-2.png: 941x1672
[image-size] D:\测试\闪屏\拍照攻略闪屏-20.png: 941x1672
[image-size] D:\测试\闪屏\拍照攻略闪屏-21.png: 941x1672
[image-size] D:\测试\闪屏\拍照攻略闪屏-22.png: 941x1672
[image-size] D:\测试\闪屏\拍照攻略闪屏-23.png: 941x1672
[image-size] D:\测试\闪屏\拍照攻略闪屏-24.png: 941x1672
[image-size] D:\测试\闪屏\拍照攻略闪屏-25.png: 941x1672
[image-size] D:\测试\闪屏\拍照攻略闪屏-26.png: 941x1672
[image-size] D:\测试\闪屏\拍照攻略闪屏-27.png: 941x1672
[image-size] D:\测试\闪屏\拍照攻略闪屏-28.png: 941x1672
[image-size] D:\测试\闪屏\拍照攻略闪屏-29.png: 941x1672
[image-size] D:\测试\闪屏\拍照攻略闪屏-3.png: 941x1672
[image-size] D:\测试\闪屏\拍照攻略闪屏-30.png: 941x1672
[image-size] D:\测试\闪屏\拍照攻略闪屏-31.png: 941x1672
[image-size] D:\测试\闪屏\拍照攻略闪屏-32.png: 941x1672
[image-size] D:\测试\闪屏\拍照攻略闪屏-33.png: 941x1672
[image-size] D:\测试\闪屏\拍照攻略闪屏-34.png: 941x1672
[image-size] D:\测试\闪屏\拍照攻略闪屏-35.png: 941x1672
[image-size] D:\测试\闪屏\拍照攻略闪屏-36.png: 941x1672
[image-size] D:\测试\闪屏\拍照攻略闪屏-37.png: 941x1672
[image-size] D:\测试\闪屏\拍照攻略闪屏-38.png: 941x1672
[image-size] D:\测试\闪屏\拍照攻略闪屏-39.png: 941x1672
[image-size] D:\测试\闪屏\拍照攻略闪屏-4.png: 941x1672
[image-size] D:\测试\闪屏\拍照攻略闪屏-40.png: 941x1672
[image-size] D:\测试\闪屏\拍照攻略闪屏-41.png: 941x1672
[image-size] D:\测试\闪屏\拍照攻略闪屏-42.png: 941x1672
[image-size] D:\测试\闪屏\拍照攻略闪屏-43.png: 941x1672
[image-size] D:\测试\闪屏\拍照攻略闪屏-44.png: 941x1672
[image-size] D:\测试\闪屏\拍照攻略闪屏-45.png: 941x1672
[image-size] D:\测试\闪屏\拍照攻略闪屏-46.png: 941x1672
[image-size] D:\测试\闪屏\拍照攻略闪屏-47.png: 941x1672
[image-size] D:\测试\闪屏\拍照攻略闪屏-48.png: 941x1672
[image-size] D:\测试\闪屏\拍照攻略闪屏-49.png: 941x1672
[image-size] D:\测试\闪屏\拍照攻略闪屏-5.png: 941x1672
[image-size] D:\测试\闪屏\拍照攻略闪屏-50.png: 941x1672
[image-size] D:\测试\闪屏\拍照攻略闪屏-51.png: 941x1672
[image-size] D:\测试\闪屏\拍照攻略闪屏-52.png: 941x1672
[image-size] D:\测试\闪屏\拍照攻略闪屏-53.png: 941x1672
[image-size] D:\测试\闪屏\拍照攻略闪屏-54.png: 941x1672
[image-size] D:\测试\闪屏\拍照攻略闪屏-55.png: 941x1672
[image-size] D:\测试\闪屏\拍照攻略闪屏-56.png: 941x1672
[image-size] D:\测试\闪屏\拍照攻略闪屏-57.png: 941x1672
[image-size] D:\测试\闪屏\拍照攻略闪屏-58.png: 941x1672
[image-size] D:\测试\闪屏\拍照攻略闪屏-59.png: 941x1672
[image-size] D:\测试\闪屏\拍照攻略闪屏-6.png: 941x1672
[image-size] D:\测试\闪屏\拍照攻略闪屏-60.png: 941x1672
[image-size] D:\测试\闪屏\拍照攻略闪屏-61.png: 941x1672
[image-size] D:\测试\闪屏\拍照攻略闪屏-62.png: 941x1672
[image-size] D:\测试\闪屏\拍照攻略闪屏-63.png: 941x1672
[image-size] D:\测试\闪屏\拍照攻略闪屏-64.png: 941x1672
[image-size] D:\测试\闪屏\拍照攻略闪屏-65.png: 941x1672
[image-size] D:\测试\闪屏\拍照攻略闪屏-66.png: 941x1672
[image-size] D:\测试\闪屏\拍照攻略闪屏-67.png: 941x1672
[image-size] D:\测试\闪屏\拍照攻略闪屏-68.png: 941x1672
[image-size] D:\测试\闪屏\拍照攻略闪屏-69.png: 941x1672
[image-size] D:\测试\闪屏\拍照攻略闪屏-7.png: 941x1672
[image-size] D:\测试\闪屏\拍照攻略闪屏-70.png: 941x1672
[image-size] D:\测试\闪屏\拍照攻略闪屏-71.png: 941x1672
[image-size] D:\测试\闪屏\拍照攻略闪屏-72.png: 941x1672
[image-size] D:\测试\闪屏\拍照攻略闪屏-73.png: 941x1672
[image-size] D:\测试\闪屏\拍照攻略闪屏-74.png: 941x1672
[image-size] D:\测试\闪屏\拍照攻略闪屏-75.png: 941x1672
[image-size] D:\测试\闪屏\拍照攻略闪屏-76.png: 941x1672
[image-size] D:\测试\闪屏\拍照攻略闪屏-77.png: 941x1672
[image-size] D:\测试\闪屏\拍照攻略闪屏-78.png: 941x1672
[image-size] D:\测试\闪屏\拍照攻略闪屏-79.png: 941x1672
[image-size] D:\测试\闪屏\拍照攻略闪屏-8.png: 941x1672
[image-size] D:\测试\闪屏\拍照攻略闪屏-80.png: 941x1672
[image-size] D:\测试\闪屏\拍照攻略闪屏-81.png: 941x1672
[image-size] D:\测试\闪屏\拍照攻略闪屏-82.png: 941x1672
[image-size] D:\测试\闪屏\拍照攻略闪屏-83.png: 941x1672
[image-size] D:\测试\闪屏\拍照攻略闪屏-84.png: 941x1672
[image-size] D:\测试\闪屏\拍照攻略闪屏-85.png: 941x1672
[image-size] D:\测试\闪屏\拍照攻略闪屏-86.png: 941x1672
[image-size] D:\测试\闪屏\拍照攻略闪屏-87.png: 941x1672
[image-size] D:\测试\闪屏\拍照攻略闪屏-88.png: 941x1672
[image-size] D:\测试\闪屏\拍照攻略闪屏-89.png: 941x1672
[image-size] D:\测试\闪屏\拍照攻略闪屏-9.png: 941x1672
[image-size] D:\测试\闪屏\拍照攻略闪屏-90.png: 941x1672
[image-size] D:\测试\闪屏\拍照攻略闪屏-91.png: 941x1672
[image-size] D:\测试\闪屏\拍照攻略闪屏-92.png: 941x1672
[image-size] D:\测试\闪屏\拍照攻略闪屏-93.png: 941x1672
[image-size] D:\测试\闪屏\拍照攻略闪屏-94.png: 941x1672
[image-size] D:\测试\闪屏\拍照攻略闪屏-95.png: 941x1672
[image-size] D:\测试\闪屏\拍照攻略闪屏-96.png: 941x1672
[image-size] D:\测试\闪屏\拍照攻略闪屏-97.png: 941x1672
[image-size] D:\测试\闪屏\拍照攻略闪屏-98.png: 941x1672
[image-size] D:\测试\闪屏\拍照攻略闪屏-99.png: 941x1672
[image-size] D:\测试\大图\拍照攻略大图-1.png: 1672x941
[image-size] D:\测试\大图\拍照攻略大图-10.png: 1672x941
[image-size] D:\测试\大图\拍照攻略大图-100.png: 1672x941
[image-size] D:\测试\大图\拍照攻略大图-11.png: 1672x941
[image-size] D:\测试\大图\拍照攻略大图-12.png: 1672x941
[image-size] D:\测试\大图\拍照攻略大图-13.png: 1672x941
[image-size] D:\测试\大图\拍照攻略大图-14.png: 1672x941
[image-size] D:\测试\大图\拍照攻略大图-15.png: 1672x941
[image-size] D:\测试\大图\拍照攻略大图-16.png: 1672x941
[image-size] D:\测试\大图\拍照攻略大图-17.png: 1672x941
[image-size] D:\测试\大图\拍照攻略大图-18.png: 1672x941
[image-size] D:\测试\大图\拍照攻略大图-19.png: 1672x941
[image-size] D:\测试\大图\拍照攻略大图-2.png: 1672x941
[image-size] D:\测试\大图\拍照攻略大图-20.png: 1672x941
[image-size] D:\测试\大图\拍照攻略大图-21.png: 1672x941
[image-size] D:\测试\大图\拍照攻略大图-22.png: 1672x941
[image-size] D:\测试\大图\拍照攻略大图-23.png: 1672x941
[image-size] D:\测试\大图\拍照攻略大图-24.png: 1672x941
[image-size] D:\测试\大图\拍照攻略大图-25.png: 1672x941
[image-size] D:\测试\大图\拍照攻略大图-26.png: 1672x941
[image-size] D:\测试\大图\拍照攻略大图-27.png: 1672x941
[image-size] D:\测试\大图\拍照攻略大图-28.png: 1672x941
[image-size] D:\测试\大图\拍照攻略大图-29.png: 1672x941
[image-size] D:\测试\大图\拍照攻略大图-3.png: 1672x941
[image-size] D:\测试\大图\拍照攻略大图-30.png: 1672x941
[image-size] D:\测试\大图\拍照攻略大图-31.png: 1672x941
[image-size] D:\测试\大图\拍照攻略大图-32.png: 1672x941
[image-size] D:\测试\大图\拍照攻略大图-33.png: 1672x941
[image-size] D:\测试\大图\拍照攻略大图-34.png: 1672x941
[image-size] D:\测试\大图\拍照攻略大图-35.png: 1672x941
[image-size] D:\测试\大图\拍照攻略大图-36.png: 1672x941
[image-size] D:\测试\大图\拍照攻略大图-37.png: 1672x941
[image-size] D:\测试\大图\拍照攻略大图-38.png: 1672x941
[image-size] D:\测试\大图\拍照攻略大图-39.png: 1672x941
[image-size] D:\测试\大图\拍照攻略大图-4.png: 1672x941
[image-size] D:\测试\大图\拍照攻略大图-40.png: 1672x941
[image-size] D:\测试\大图\拍照攻略大图-41.png: 1672x941
[image-size] D:\测试\大图\拍照攻略大图-42.png: 1672x941
[image-size] D:\测试\大图\拍照攻略大图-43.png: 1672x941
[image-size] D:\测试\大图\拍照攻略大图-44.png: 1672x941
[image-size] D:\测试\大图\拍照攻略大图-45.png: 1672x941
[image-size] D:\测试\大图\拍照攻略大图-46.png: 1672x941
[image-size] D:\测试\大图\拍照攻略大图-47.png: 1672x941
[image-size] D:\测试\大图\拍照攻略大图-48.png: 1672x941
[image-size] D:\测试\大图\拍照攻略大图-49.png: 1672x941
[image-size] D:\测试\大图\拍照攻略大图-5.png: 1672x941
[image-size] D:\测试\大图\拍照攻略大图-50.png: 1672x941
[image-size] D:\测试\大图\拍照攻略大图-51.png: 1672x941
[image-size] D:\测试\大图\拍照攻略大图-52.png: 1672x941
[image-size] D:\测试\大图\拍照攻略大图-53.png: 1672x941
[image-size] D:\测试\大图\拍照攻略大图-54.png: 1672x941
[image-size] D:\测试\大图\拍照攻略大图-55.png: 1672x941
[image-size] D:\测试\大图\拍照攻略大图-56.png: 1672x941
[image-size] D:\测试\大图\拍照攻略大图-57.png: 1672x941
[image-size] D:\测试\大图\拍照攻略大图-58.png: 1672x941
[image-size] D:\测试\大图\拍照攻略大图-59.png: 1672x941
[image-size] D:\测试\大图\拍照攻略大图-6.png: 1672x941
[image-size] D:\测试\大图\拍照攻略大图-60.png: 1672x941
[image-size] D:\测试\大图\拍照攻略大图-61.png: 1672x941
[image-size] D:\测试\大图\拍照攻略大图-62.png: 1672x941
[image-size] D:\测试\大图\拍照攻略大图-63.png: 1672x941
[image-size] D:\测试\大图\拍照攻略大图-64.png: 1672x941
[image-size] D:\测试\大图\拍照攻略大图-65.png: 1672x941
[image-size] D:\测试\大图\拍照攻略大图-66.png: 1672x941
[image-size] D:\测试\大图\拍照攻略大图-67.png: 1672x941
[image-size] D:\测试\大图\拍照攻略大图-68.png: 1672x941
[image-size] D:\测试\大图\拍照攻略大图-69.png: 1672x941
[image-size] D:\测试\大图\拍照攻略大图-7.png: 1672x941
[image-size] D:\测试\大图\拍照攻略大图-70.png: 1672x941
[image-size] D:\测试\大图\拍照攻略大图-71.png: 1672x941
[image-size] D:\测试\大图\拍照攻略大图-72.png: 1672x941
[image-size] D:\测试\大图\拍照攻略大图-73.png: 1672x941
[image-size] D:\测试\大图\拍照攻略大图-74.png: 1672x941
[image-size] D:\测试\大图\拍照攻略大图-75.png: 1672x941
[image-size] D:\测试\大图\拍照攻略大图-76.png: 1672x941
[image-size] D:\测试\大图\拍照攻略大图-77.png: 1672x941
[image-size] D:\测试\大图\拍照攻略大图-78.png: 1672x941
[image-size] D:\测试\大图\拍照攻略大图-79.png: 1672x941
[image-size] D:\测试\大图\拍照攻略大图-8.png: 1672x941
[image-size] D:\测试\大图\拍照攻略大图-80.png: 1672x941
[image-size] D:\测试\大图\拍照攻略大图-81.png: 1672x941
[image-size] D:\测试\大图\拍照攻略大图-82.png: 1672x941
[image-size] D:\测试\大图\拍照攻略大图-83.png: 1672x941
[image-size] D:\测试\大图\拍照攻略大图-84.png: 1672x941
[image-size] D:\测试\大图\拍照攻略大图-85.png: 1672x941
[image-size] D:\测试\大图\拍照攻略大图-86.png: 1672x941
[image-size] D:\测试\大图\拍照攻略大图-87.png: 1672x941
[image-size] D:\测试\大图\拍照攻略大图-88.png: 1672x941
[image-size] D:\测试\大图\拍照攻略大图-89.png: 1672x941
[image-size] D:\测试\大图\拍照攻略大图-9.png: 1672x941
[image-size] D:\测试\大图\拍照攻略大图-90.png: 1672x941
[image-size] D:\测试\大图\拍照攻略大图-91.png: 1672x941
[image-size] D:\测试\大图\拍照攻略大图-92.png: 1672x941
[image-size] D:\测试\大图\拍照攻略大图-93.png: 1672x941
[image-size] D:\测试\大图\拍照攻略大图-94.png: 1672x941
[image-size] D:\测试\大图\拍照攻略大图-95.png: 1672x941
[image-size] D:\测试\大图\拍照攻略大图-96.png: 1672x941
[image-size] D:\测试\大图\拍照攻略大图-97.png: 1672x941
[image-size] D:\测试\大图\拍照攻略大图-98.png: 1672x941
[image-size] D:\测试\大图\拍照攻略大图-99.png: 1672x941
[2m12:50:52[22m [36m[1m[vite][22m[39m [90m[2m(client)[22m[39m [32mhmr update [39m[2m/src/index.css, /src/features/composite/components/BatchExportTab.tsx, /src/features/composite/components/PresetManagementTab.tsx, /src/features/composite/components/DistributionSettingsPanel.tsx, /src/features/composite/components/PresetCanvasEditor.tsx, /src/features/composite/components/ExportResultsPanel.tsx, /src/features/composite/components/GlobalOutputRulesPanel.tsx[22m
[2m12:50:58[22m [36m[1m[vite][22m[39m [90m[2m(client)[22m[39m [32mhmr update [39m[2m/src/index.css, /src/features/composite/components/BatchExportTab.tsx, /src/features/composite/components/PresetManagementTab.tsx, /src/features/composite/components/DistributionSettingsPanel.tsx, /src/features/composite/components/PresetCanvasEditor.tsx, /src/features/composite/components/ExportResultsPanel.tsx, /src/features/composite/components/GlobalOutputRulesPanel.tsx[22m
[2m12:51:06[22m [36m[1m[vite][22m[39m [90m[2m(client)[22m[39m [32mhmr update [39m[2m/src/features/composite/components/DistributionSettingsPanel.tsx, /src/index.css[22m
[2m12:51:14[22m [36m[1m[vite][22m[39m [90m[2m(client)[22m[39m [32mhmr update [39m[2m/src/index.css, /src/features/composite/components/BatchExportTab.tsx, /src/features/composite/components/ExportResultsPanel.tsx[22m
[2m12:51:25[22m [36m[1m[vite][22m[39m [90m[2m(client)[22m[39m [32mhmr update [39m[2m/src/features/composite/components/BatchExportTab.tsx, /src/index.css[22m
[2m12:51:51[22m [36m[1m[vite][22m[39m [90m[2m(client)[22m[39m [32mhmr update [39m[2m/src/features/composite/components/ExportResultsPanel.tsx, /src/index.css[22m
[image-size] D:\测试\闪屏\拍照攻略闪屏-1.png: 941x1672
[image-size] D:\测试\闪屏\拍照攻略闪屏-10.png: 941x1672
[image-size] D:\测试\闪屏\拍照攻略闪屏-100.png: 941x1672
[image-size] D:\测试\闪屏\拍照攻略闪屏-11.png: 941x1672
[image-size] D:\测试\闪屏\拍照攻略闪屏-12.png: 941x1672
[image-size] D:\测试\闪屏\拍照攻略闪屏-13.png: 941x1672
[image-size] D:\测试\闪屏\拍照攻略闪屏-14.png: 941x1672
[image-size] D:\测试\闪屏\拍照攻略闪屏-15.png: 941x1672
[image-size] D:\测试\闪屏\拍照攻略闪屏-16.png: 941x1672
[image-size] D:\测试\闪屏\拍照攻略闪屏-17.png: 941x1672
[image-size] D:\测试\闪屏\拍照攻略闪屏-18.png: 941x1672
[image-size] D:\测试\闪屏\拍照攻略闪屏-19.png: 941x1672
[image-size] D:\测试\闪屏\拍照攻略闪屏-2.png: 941x1672
[image-size] D:\测试\闪屏\拍照攻略闪屏-20.png: 941x1672
[image-size] D:\测试\闪屏\拍照攻略闪屏-21.png: 941x1672
[image-size] D:\测试\闪屏\拍照攻略闪屏-22.png: 941x1672
[image-size] D:\测试\闪屏\拍照攻略闪屏-23.png: 941x1672
[image-size] D:\测试\闪屏\拍照攻略闪屏-24.png: 941x1672
[image-size] D:\测试\闪屏\拍照攻略闪屏-25.png: 941x1672
[image-size] D:\测试\闪屏\拍照攻略闪屏-26.png: 941x1672
[image-size] D:\测试\闪屏\拍照攻略闪屏-27.png: 941x1672
[image-size] D:\测试\闪屏\拍照攻略闪屏-28.png: 941x1672
[image-size] D:\测试\闪屏\拍照攻略闪屏-29.png: 941x1672
[image-size] D:\测试\闪屏\拍照攻略闪屏-3.png: 941x1672
[image-size] D:\测试\闪屏\拍照攻略闪屏-30.png: 941x1672
[image-size] D:\测试\闪屏\拍照攻略闪屏-31.png: 941x1672
[image-size] D:\测试\闪屏\拍照攻略闪屏-32.png: 941x1672
[image-size] D:\测试\闪屏\拍照攻略闪屏-33.png: 941x1672
[image-size] D:\测试\闪屏\拍照攻略闪屏-34.png: 941x1672
[image-size] D:\测试\闪屏\拍照攻略闪屏-35.png: 941x1672
[image-size] D:\测试\闪屏\拍照攻略闪屏-36.png: 941x1672
[image-size] D:\测试\闪屏\拍照攻略闪屏-37.png: 941x1672
[image-size] D:\测试\闪屏\拍照攻略闪屏-38.png: 941x1672
[image-size] D:\测试\闪屏\拍照攻略闪屏-39.png: 941x1672
[image-size] D:\测试\闪屏\拍照攻略闪屏-4.png: 941x1672
[image-size] D:\测试\闪屏\拍照攻略闪屏-40.png: 941x1672
[image-size] D:\测试\闪屏\拍照攻略闪屏-41.png: 941x1672
[image-size] D:\测试\闪屏\拍照攻略闪屏-42.png: 941x1672
[image-size] D:\测试\闪屏\拍照攻略闪屏-43.png: 941x1672
[image-size] D:\测试\闪屏\拍照攻略闪屏-44.png: 941x1672
[image-size] D:\测试\闪屏\拍照攻略闪屏-45.png: 941x1672
[image-size] D:\测试\闪屏\拍照攻略闪屏-46.png: 941x1672
[image-size] D:\测试\闪屏\拍照攻略闪屏-47.png: 941x1672
[image-size] D:\测试\闪屏\拍照攻略闪屏-48.png: 941x1672
[image-size] D:\测试\闪屏\拍照攻略闪屏-49.png: 941x1672
[image-size] D:\测试\闪屏\拍照攻略闪屏-5.png: 941x1672
[image-size] D:\测试\闪屏\拍照攻略闪屏-50.png: 941x1672
[image-size] D:\测试\闪屏\拍照攻略闪屏-51.png: 941x1672
[image-size] D:\测试\闪屏\拍照攻略闪屏-52.png: 941x1672
[image-size] D:\测试\闪屏\拍照攻略闪屏-53.png: 941x1672
[image-size] D:\测试\闪屏\拍照攻略闪屏-54.png: 941x1672
[image-size] D:\测试\闪屏\拍照攻略闪屏-55.png: 941x1672
[image-size] D:\测试\闪屏\拍照攻略闪屏-56.png: 941x1672
[image-size] D:\测试\闪屏\拍照攻略闪屏-57.png: 941x1672
[image-size] D:\测试\闪屏\拍照攻略闪屏-58.png: 941x1672
[image-size] D:\测试\闪屏\拍照攻略闪屏-59.png: 941x1672
[image-size] D:\测试\闪屏\拍照攻略闪屏-6.png: 941x1672
[image-size] D:\测试\闪屏\拍照攻略闪屏-60.png: 941x1672
[image-size] D:\测试\闪屏\拍照攻略闪屏-61.png: 941x1672
[image-size] D:\测试\闪屏\拍照攻略闪屏-62.png: 941x1672
[image-size] D:\测试\闪屏\拍照攻略闪屏-63.png: 941x1672
[image-size] D:\测试\闪屏\拍照攻略闪屏-64.png: 941x1672
[image-size] D:\测试\闪屏\拍照攻略闪屏-65.png: 941x1672
[image-size] D:\测试\闪屏\拍照攻略闪屏-66.png: 941x1672
[image-size] D:\测试\闪屏\拍照攻略闪屏-67.png: 941x1672
[image-size] D:\测试\闪屏\拍照攻略闪屏-68.png: 941x1672
[image-size] D:\测试\闪屏\拍照攻略闪屏-69.png: 941x1672
[image-size] D:\测试\闪屏\拍照攻略闪屏-7.png: 941x1672
[image-size] D:\测试\闪屏\拍照攻略闪屏-70.png: 941x1672
[image-size] D:\测试\闪屏\拍照攻略闪屏-71.png: 941x1672
[image-size] D:\测试\闪屏\拍照攻略闪屏-72.png: 941x1672
[image-size] D:\测试\闪屏\拍照攻略闪屏-73.png: 941x1672
[image-size] D:\测试\闪屏\拍照攻略闪屏-74.png: 941x1672
[image-size] D:\测试\闪屏\拍照攻略闪屏-75.png: 941x1672
[image-size] D:\测试\闪屏\拍照攻略闪屏-76.png: 941x1672
[image-size] D:\测试\闪屏\拍照攻略闪屏-77.png: 941x1672
[image-size] D:\测试\闪屏\拍照攻略闪屏-78.png: 941x1672
[image-size] D:\测试\闪屏\拍照攻略闪屏-79.png: 941x1672
[image-size] D:\测试\闪屏\拍照攻略闪屏-8.png: 941x1672
[image-size] D:\测试\闪屏\拍照攻略闪屏-80.png: 941x1672
[image-size] D:\测试\闪屏\拍照攻略闪屏-81.png: 941x1672
[image-size] D:\测试\闪屏\拍照攻略闪屏-82.png: 941x1672
[image-size] D:\测试\闪屏\拍照攻略闪屏-83.png: 941x1672
[image-size] D:\测试\闪屏\拍照攻略闪屏-84.png: 941x1672
[image-size] D:\测试\闪屏\拍照攻略闪屏-85.png: 941x1672
[image-size] D:\测试\闪屏\拍照攻略闪屏-86.png: 941x1672
[image-size] D:\测试\闪屏\拍照攻略闪屏-87.png: 941x1672
[image-size] D:\测试\闪屏\拍照攻略闪屏-88.png: 941x1672
[image-size] D:\测试\闪屏\拍照攻略闪屏-89.png: 941x1672
[image-size] D:\测试\闪屏\拍照攻略闪屏-9.png: 941x1672
[image-size] D:\测试\闪屏\拍照攻略闪屏-90.png: 941x1672
[image-size] D:\测试\闪屏\拍照攻略闪屏-91.png: 941x1672
[image-size] D:\测试\闪屏\拍照攻略闪屏-92.png: 941x1672
[image-size] D:\测试\闪屏\拍照攻略闪屏-93.png: 941x1672
[image-size] D:\测试\闪屏\拍照攻略闪屏-94.png: 941x1672
[image-size] D:\测试\闪屏\拍照攻略闪屏-95.png: 941x1672
[image-size] D:\测试\闪屏\拍照攻略闪屏-96.png: 941x1672
[image-size] D:\测试\闪屏\拍照攻略闪屏-97.png: 941x1672
[image-size] D:\测试\闪屏\拍照攻略闪屏-98.png: 941x1672
[image-size] D:\测试\闪屏\拍照攻略闪屏-99.png: 941x1672
[image-size] D:\测试\闪屏\拍照攻略闪屏-1.png: 941x1672
[image-size] D:\测试\闪屏\拍照攻略闪屏-10.png: 941x1672
[image-size] D:\测试\闪屏\拍照攻略闪屏-100.png: 941x1672
[image-size] D:\测试\闪屏\拍照攻略闪屏-11.png: 941x1672
[image-size] D:\测试\闪屏\拍照攻略闪屏-12.png: 941x1672
[image-size] D:\测试\闪屏\拍照攻略闪屏-13.png: 941x1672
[image-size] D:\测试\闪屏\拍照攻略闪屏-14.png: 941x1672
[image-size] D:\测试\闪屏\拍照攻略闪屏-15.png: 941x1672
[image-size] D:\测试\闪屏\拍照攻略闪屏-16.png: 941x1672
[image-size] D:\测试\闪屏\拍照攻略闪屏-17.png: 941x1672
[image-size] D:\测试\闪屏\拍照攻略闪屏-18.png: 941x1672
[image-size] D:\测试\闪屏\拍照攻略闪屏-19.png: 941x1672
[image-size] D:\测试\闪屏\拍照攻略闪屏-2.png: 941x1672
[image-size] D:\测试\闪屏\拍照攻略闪屏-20.png: 941x1672
[image-size] D:\测试\闪屏\拍照攻略闪屏-21.png: 941x1672
[image-size] D:\测试\闪屏\拍照攻略闪屏-22.png: 941x1672
[image-size] D:\测试\闪屏\拍照攻略闪屏-23.png: 941x1672
[image-size] D:\测试\闪屏\拍照攻略闪屏-24.png: 941x1672
[image-size] D:\测试\闪屏\拍照攻略闪屏-25.png: 941x1672
[image-size] D:\测试\闪屏\拍照攻略闪屏-26.png: 941x1672
[image-size] D:\测试\闪屏\拍照攻略闪屏-27.png: 941x1672
[image-size] D:\测试\闪屏\拍照攻略闪屏-28.png: 941x1672
[image-size] D:\测试\闪屏\拍照攻略闪屏-29.png: 941x1672
[image-size] D:\测试\闪屏\拍照攻略闪屏-3.png: 941x1672
[image-size] D:\测试\闪屏\拍照攻略闪屏-30.png: 941x1672
[image-size] D:\测试\闪屏\拍照攻略闪屏-31.png: 941x1672
[image-size] D:\测试\闪屏\拍照攻略闪屏-32.png: 941x1672
[image-size] D:\测试\闪屏\拍照攻略闪屏-33.png: 941x1672
[image-size] D:\测试\闪屏\拍照攻略闪屏-34.png: 941x1672
[image-size] D:\测试\闪屏\拍照攻略闪屏-35.png: 941x1672
[image-size] D:\测试\闪屏\拍照攻略闪屏-36.png: 941x1672
[image-size] D:\测试\闪屏\拍照攻略闪屏-37.png: 941x1672
[image-size] D:\测试\闪屏\拍照攻略闪屏-38.png: 941x1672
[image-size] D:\测试\闪屏\拍照攻略闪屏-39.png: 941x1672
[image-size] D:\测试\闪屏\拍照攻略闪屏-4.png: 941x1672
[image-size] D:\测试\闪屏\拍照攻略闪屏-40.png: 941x1672
[image-size] D:\测试\闪屏\拍照攻略闪屏-41.png: 941x1672
[image-size] D:\测试\闪屏\拍照攻略闪屏-42.png: 941x1672
[image-size] D:\测试\闪屏\拍照攻略闪屏-43.png: 941x1672
[image-size] D:\测试\闪屏\拍照攻略闪屏-44.png: 941x1672
[image-size] D:\测试\闪屏\拍照攻略闪屏-45.png: 941x1672
[image-size] D:\测试\闪屏\拍照攻略闪屏-46.png: 941x1672
[image-size] D:\测试\闪屏\拍照攻略闪屏-47.png: 941x1672
[image-size] D:\测试\闪屏\拍照攻略闪屏-48.png: 941x1672
[image-size] D:\测试\闪屏\拍照攻略闪屏-49.png: 941x1672
[image-size] D:\测试\闪屏\拍照攻略闪屏-5.png: 941x1672
[image-size] D:\测试\闪屏\拍照攻略闪屏-50.png: 941x1672
[image-size] D:\测试\闪屏\拍照攻略闪屏-51.png: 941x1672
[image-size] D:\测试\闪屏\拍照攻略闪屏-52.png: 941x1672
[image-size] D:\测试\闪屏\拍照攻略闪屏-53.png: 941x1672
[image-size] D:\测试\闪屏\拍照攻略闪屏-54.png: 941x1672
[image-size] D:\测试\闪屏\拍照攻略闪屏-55.png: 941x1672
[image-size] D:\测试\闪屏\拍照攻略闪屏-56.png: 941x1672
[image-size] D:\测试\闪屏\拍照攻略闪屏-57.png: 941x1672
[image-size] D:\测试\闪屏\拍照攻略闪屏-58.png: 941x1672
[image-size] D:\测试\闪屏\拍照攻略闪屏-59.png: 941x1672
[image-size] D:\测试\闪屏\拍照攻略闪屏-6.png: 941x1672
[image-size] D:\测试\闪屏\拍照攻略闪屏-60.png: 941x1672
[image-size] D:\测试\闪屏\拍照攻略闪屏-61.png: 941x1672
[image-size] D:\测试\闪屏\拍照攻略闪屏-62.png: 941x1672
[image-size] D:\测试\闪屏\拍照攻略闪屏-63.png: 941x1672
[image-size] D:\测试\闪屏\拍照攻略闪屏-64.png: 941x1672
[image-size] D:\测试\闪屏\拍照攻略闪屏-65.png: 941x1672
[image-size] D:\测试\闪屏\拍照攻略闪屏-66.png: 941x1672
[image-size] D:\测试\闪屏\拍照攻略闪屏-67.png: 941x1672
[image-size] D:\测试\闪屏\拍照攻略闪屏-68.png: 941x1672
[image-size] D:\测试\闪屏\拍照攻略闪屏-69.png: 941x1672
[image-size] D:\测试\闪屏\拍照攻略闪屏-7.png: 941x1672
[image-size] D:\测试\闪屏\拍照攻略闪屏-70.png: 941x1672
[image-size] D:\测试\闪屏\拍照攻略闪屏-71.png: 941x1672
[image-size] D:\测试\闪屏\拍照攻略闪屏-72.png: 941x1672
[image-size] D:\测试\闪屏\拍照攻略闪屏-73.png: 941x1672
[image-size] D:\测试\闪屏\拍照攻略闪屏-74.png: 941x1672
[image-size] D:\测试\闪屏\拍照攻略闪屏-75.png: 941x1672
[image-size] D:\测试\闪屏\拍照攻略闪屏-76.png: 941x1672
[image-size] D:\测试\闪屏\拍照攻略闪屏-77.png: 941x1672
[image-size] D:\测试\闪屏\拍照攻略闪屏-78.png: 941x1672
[image-size] D:\测试\闪屏\拍照攻略闪屏-79.png: 941x1672
[image-size] D:\测试\闪屏\拍照攻略闪屏-8.png: 941x1672
[image-size] D:\测试\闪屏\拍照攻略闪屏-80.png: 941x1672
[image-size] D:\测试\闪屏\拍照攻略闪屏-81.png: 941x1672
[image-size] D:\测试\闪屏\拍照攻略闪屏-82.png: 941x1672
[image-size] D:\测试\闪屏\拍照攻略闪屏-83.png: 941x1672
[image-size] D:\测试\闪屏\拍照攻略闪屏-84.png: 941x1672
[image-size] D:\测试\闪屏\拍照攻略闪屏-85.png: 941x1672
[image-size] D:\测试\闪屏\拍照攻略闪屏-86.png: 941x1672
[image-size] D:\测试\闪屏\拍照攻略闪屏-87.png: 941x1672
[image-size] D:\测试\闪屏\拍照攻略闪屏-88.png: 941x1672
[image-size] D:\测试\闪屏\拍照攻略闪屏-89.png: 941x1672
[image-size] D:\测试\闪屏\拍照攻略闪屏-9.png: 941x1672
[image-size] D:\测试\闪屏\拍照攻略闪屏-90.png: 941x1672
[image-size] D:\测试\闪屏\拍照攻略闪屏-91.png: 941x1672
[image-size] D:\测试\闪屏\拍照攻略闪屏-92.png: 941x1672
[image-size] D:\测试\闪屏\拍照攻略闪屏-93.png: 941x1672
[image-size] D:\测试\闪屏\拍照攻略闪屏-94.png: 941x1672
[image-size] D:\测试\闪屏\拍照攻略闪屏-95.png: 941x1672
[image-size] D:\测试\闪屏\拍照攻略闪屏-96.png: 941x1672
[image-size] D:\测试\闪屏\拍照攻略闪屏-97.png: 941x1672
[image-size] D:\测试\闪屏\拍照攻略闪屏-98.png: 941x1672
[image-size] D:\测试\闪屏\拍照攻略闪屏-99.png: 941x1672
[image-size] D:\测试\大图\拍照攻略大图-1.png: 1672x941
[image-size] D:\测试\大图\拍照攻略大图-10.png: 1672x941
[image-size] D:\测试\大图\拍照攻略大图-100.png: 1672x941
[image-size] D:\测试\大图\拍照攻略大图-11.png: 1672x941
[image-size] D:\测试\大图\拍照攻略大图-12.png: 1672x941
[image-size] D:\测试\大图\拍照攻略大图-13.png: 1672x941
[image-size] D:\测试\大图\拍照攻略大图-14.png: 1672x941
[image-size] D:\测试\大图\拍照攻略大图-15.png: 1672x941
[image-size] D:\测试\大图\拍照攻略大图-16.png: 1672x941
[image-size] D:\测试\大图\拍照攻略大图-17.png: 1672x941
[image-size] D:\测试\大图\拍照攻略大图-18.png: 1672x941
[image-size] D:\测试\大图\拍照攻略大图-19.png: 1672x941
[image-size] D:\测试\大图\拍照攻略大图-2.png: 1672x941
[image-size] D:\测试\大图\拍照攻略大图-20.png: 1672x941
[image-size] D:\测试\大图\拍照攻略大图-21.png: 1672x941
[image-size] D:\测试\大图\拍照攻略大图-22.png: 1672x941
[image-size] D:\测试\大图\拍照攻略大图-23.png: 1672x941
[image-size] D:\测试\大图\拍照攻略大图-24.png: 1672x941
[image-size] D:\测试\大图\拍照攻略大图-25.png: 1672x941
[image-size] D:\测试\大图\拍照攻略大图-26.png: 1672x941
[image-size] D:\测试\大图\拍照攻略大图-27.png: 1672x941
[image-size] D:\测试\大图\拍照攻略大图-28.png: 1672x941
[image-size] D:\测试\大图\拍照攻略大图-29.png: 1672x941
[image-size] D:\测试\大图\拍照攻略大图-3.png: 1672x941
[image-size] D:\测试\大图\拍照攻略大图-30.png: 1672x941
[image-size] D:\测试\大图\拍照攻略大图-31.png: 1672x941
[image-size] D:\测试\大图\拍照攻略大图-32.png: 1672x941
[image-size] D:\测试\大图\拍照攻略大图-33.png: 1672x941
[image-size] D:\测试\大图\拍照攻略大图-34.png: 1672x941
[image-size] D:\测试\大图\拍照攻略大图-35.png: 1672x941
[image-size] D:\测试\大图\拍照攻略大图-36.png: 1672x941
[image-size] D:\测试\大图\拍照攻略大图-37.png: 1672x941
[image-size] D:\测试\大图\拍照攻略大图-38.png: 1672x941
[image-size] D:\测试\大图\拍照攻略大图-39.png: 1672x941
[image-size] D:\测试\大图\拍照攻略大图-4.png: 1672x941
[image-size] D:\测试\大图\拍照攻略大图-40.png: 1672x941
[image-size] D:\测试\大图\拍照攻略大图-41.png: 1672x941
[image-size] D:\测试\大图\拍照攻略大图-42.png: 1672x941
[image-size] D:\测试\大图\拍照攻略大图-43.png: 1672x941
[image-size] D:\测试\大图\拍照攻略大图-44.png: 1672x941
[image-size] D:\测试\大图\拍照攻略大图-45.png: 1672x941
[image-size] D:\测试\大图\拍照攻略大图-46.png: 1672x941
[image-size] D:\测试\大图\拍照攻略大图-47.png: 1672x941
[image-size] D:\测试\大图\拍照攻略大图-48.png: 1672x941
[image-size] D:\测试\大图\拍照攻略大图-49.png: 1672x941
[image-size] D:\测试\大图\拍照攻略大图-5.png: 1672x941
[image-size] D:\测试\大图\拍照攻略大图-50.png: 1672x941
[image-size] D:\测试\大图\拍照攻略大图-51.png: 1672x941
[image-size] D:\测试\大图\拍照攻略大图-52.png: 1672x941
[image-size] D:\测试\大图\拍照攻略大图-53.png: 1672x941
[image-size] D:\测试\大图\拍照攻略大图-54.png: 1672x941
[image-size] D:\测试\大图\拍照攻略大图-55.png: 1672x941
[image-size] D:\测试\大图\拍照攻略大图-56.png: 1672x941
[image-size] D:\测试\大图\拍照攻略大图-57.png: 1672x941
[image-size] D:\测试\大图\拍照攻略大图-58.png: 1672x941
[image-size] D:\测试\大图\拍照攻略大图-59.png: 1672x941
[image-size] D:\测试\大图\拍照攻略大图-6.png: 1672x941
[image-size] D:\测试\大图\拍照攻略大图-60.png: 1672x941
[image-size] D:\测试\大图\拍照攻略大图-61.png: 1672x941
[image-size] D:\测试\大图\拍照攻略大图-62.png: 1672x941
[image-size] D:\测试\大图\拍照攻略大图-63.png: 1672x941
[image-size] D:\测试\大图\拍照攻略大图-64.png: 1672x941
[image-size] D:\测试\大图\拍照攻略大图-65.png: 1672x941
[image-size] D:\测试\大图\拍照攻略大图-66.png: 1672x941
[image-size] D:\测试\大图\拍照攻略大图-67.png: 1672x941
[image-size] D:\测试\大图\拍照攻略大图-68.png: 1672x941
[image-size] D:\测试\大图\拍照攻略大图-69.png: 1672x941
[image-size] D:\测试\大图\拍照攻略大图-7.png: 1672x941
[image-size] D:\测试\大图\拍照攻略大图-70.png: 1672x941
[image-size] D:\测试\大图\拍照攻略大图-71.png: 1672x941
[image-size] D:\测试\大图\拍照攻略大图-72.png: 1672x941
[image-size] D:\测试\大图\拍照攻略大图-73.png: 1672x941
[image-size] D:\测试\大图\拍照攻略大图-74.png: 1672x941
[image-size] D:\测试\大图\拍照攻略大图-75.png: 1672x941
[image-size] D:\测试\大图\拍照攻略大图-76.png: 1672x941
[image-size] D:\测试\大图\拍照攻略大图-77.png: 1672x941
[image-size] D:\测试\大图\拍照攻略大图-78.png: 1672x941
[image-size] D:\测试\大图\拍照攻略大图-79.png: 1672x941
[image-size] D:\测试\大图\拍照攻略大图-8.png: 1672x941
[image-size] D:\测试\大图\拍照攻略大图-80.png: 1672x941
[image-size] D:\测试\大图\拍照攻略大图-81.png: 1672x941
[image-size] D:\测试\大图\拍照攻略大图-82.png: 1672x941
[image-size] D:\测试\大图\拍照攻略大图-83.png: 1672x941
[image-size] D:\测试\大图\拍照攻略大图-84.png: 1672x941
[image-size] D:\测试\大图\拍照攻略大图-85.png: 1672x941
[image-size] D:\测试\大图\拍照攻略大图-86.png: 1672x941
[image-size] D:\测试\大图\拍照攻略大图-87.png: 1672x941
[image-size] D:\测试\大图\拍照攻略大图-88.png: 1672x941
[image-size] D:\测试\大图\拍照攻略大图-89.png: 1672x941
[image-size] D:\测试\大图\拍照攻略大图-9.png: 1672x941
[image-size] D:\测试\大图\拍照攻略大图-90.png: 1672x941
[image-size] D:\测试\大图\拍照攻略大图-91.png: 1672x941
[image-size] D:\测试\大图\拍照攻略大图-92.png: 1672x941
[image-size] D:\测试\大图\拍照攻略大图-93.png: 1672x941
[image-size] D:\测试\大图\拍照攻略大图-94.png: 1672x941
[image-size] D:\测试\大图\拍照攻略大图-95.png: 1672x941
[image-size] D:\测试\大图\拍照攻略大图-96.png: 1672x941
[image-size] D:\测试\大图\拍照攻略大图-97.png: 1672x941
[image-size] D:\测试\大图\拍照攻略大图-98.png: 1672x941
[image-size] D:\测试\大图\拍照攻略大图-99.png: 1672x941
[2m12:53:13[22m [36m[1m[vite][22m[39m [90m[2m(client)[22m[39m [32mhmr update [39m[2m/src/index.css, /src/features/composite/components/BatchExportTab.tsx, /src/features/composite/components/PresetManagementTab.tsx, /src/features/composite/components/DistributionSettingsPanel.tsx, /src/features/composite/components/PresetCanvasEditor.tsx, /src/features/composite/components/ExportResultsPanel.tsx, /src/features/composite/components/GlobalOutputRulesPanel.tsx[22m
[2m12:53:13[22m [36m[1m[vite][22m[39m [90m[2m(client)[22m[39m [32mhmr update [39m[2m/src/features/composite/components/DistributionSettingsPanel.tsx, /src/index.css[22m
[36m
build started...[39m
[2m12:53:13[22m [36m[1m[vite][22m[39m [90m[2m(client)[22m[39m [32mhmr update [39m[2m/src/index.css, /src/features/composite/components/BatchExportTab.tsx, /src/features/composite/components/ExportResultsPanel.tsx[22m
[2m12:53:13[22m [36m[1m[vite][22m[39m [90m[2m(client)[22m[39m [32mhmr update [39m[2m/src/features/composite/components/ExportResultsPanel.tsx, /src/index.css[22m
[2m12:53:13[22m [36m[1m[vite][22m[39m [90m[2m(client)[22m[39m [32mhmr update [39m[2m/src/features/composite/components/BatchExportTab.tsx, /src/index.css[22m
[32m✓[39m 1 modules transformed.
[2mdist-electron/[22m[36mmain.js  [39m[1m[33m651.37 kB[39m[22m[2m │ gzip: 135.69 kB[22m
[36mbuilt in 1542ms.[39m

[debug] app.getAppPath(): D:\AAA\GPT-IMAGE-20260629
[debug] preload 路径: D:\AAA\GPT-IMAGE-20260629\electron\preload.cjs
[debug] preload 是否存在: true
[image-size] D:\测试\闪屏\拍照攻略闪屏-1.png: 941x1672
[image-size] D:\测试\闪屏\拍照攻略闪屏-10.png: 941x1672
[image-size] D:\测试\闪屏\拍照攻略闪屏-100.png: 941x1672
[image-size] D:\测试\闪屏\拍照攻略闪屏-11.png: 941x1672
[image-size] D:\测试\闪屏\拍照攻略闪屏-12.png: 941x1672
[image-size] D:\测试\闪屏\拍照攻略闪屏-13.png: 941x1672
[image-size] D:\测试\闪屏\拍照攻略闪屏-14.png: 941x1672
[image-size] D:\测试\闪屏\拍照攻略闪屏-15.png: 941x1672
[image-size] D:\测试\闪屏\拍照攻略闪屏-16.png: 941x1672
[image-size] D:\测试\闪屏\拍照攻略闪屏-17.png: 941x1672
[image-size] D:\测试\闪屏\拍照攻略闪屏-18.png: 941x1672
[image-size] D:\测试\闪屏\拍照攻略闪屏-19.png: 941x1672
[image-size] D:\测试\闪屏\拍照攻略闪屏-2.png: 941x1672
[image-size] D:\测试\闪屏\拍照攻略闪屏-20.png: 941x1672
[image-size] D:\测试\闪屏\拍照攻略闪屏-21.png: 941x1672
[image-size] D:\测试\闪屏\拍照攻略闪屏-22.png: 941x1672
[image-size] D:\测试\闪屏\拍照攻略闪屏-23.png: 941x1672
[image-size] D:\测试\闪屏\拍照攻略闪屏-24.png: 941x1672
[image-size] D:\测试\闪屏\拍照攻略闪屏-25.png: 941x1672
[image-size] D:\测试\闪屏\拍照攻略闪屏-26.png: 941x1672
[image-size] D:\测试\闪屏\拍照攻略闪屏-27.png: 941x1672
[image-size] D:\测试\闪屏\拍照攻略闪屏-28.png: 941x1672
[image-size] D:\测试\闪屏\拍照攻略闪屏-29.png: 941x1672
[image-size] D:\测试\闪屏\拍照攻略闪屏-3.png: 941x1672
[image-size] D:\测试\闪屏\拍照攻略闪屏-30.png: 941x1672
[image-size] D:\测试\闪屏\拍照攻略闪屏-31.png: 941x1672
[image-size] D:\测试\闪屏\拍照攻略闪屏-32.png: 941x1672
[image-size] D:\测试\闪屏\拍照攻略闪屏-33.png: 941x1672
[image-size] D:\测试\闪屏\拍照攻略闪屏-34.png: 941x1672
[image-size] D:\测试\闪屏\拍照攻略闪屏-35.png: 941x1672
[image-size] D:\测试\闪屏\拍照攻略闪屏-36.png: 941x1672
[image-size] D:\测试\闪屏\拍照攻略闪屏-37.png: 941x1672
[image-size] D:\测试\闪屏\拍照攻略闪屏-38.png: 941x1672
[image-size] D:\测试\闪屏\拍照攻略闪屏-39.png: 941x1672
[image-size] D:\测试\闪屏\拍照攻略闪屏-4.png: 941x1672
[image-size] D:\测试\闪屏\拍照攻略闪屏-40.png: 941x1672
[image-size] D:\测试\闪屏\拍照攻略闪屏-41.png: 941x1672
[image-size] D:\测试\闪屏\拍照攻略闪屏-42.png: 941x1672
[image-size] D:\测试\闪屏\拍照攻略闪屏-43.png: 941x1672
[image-size] D:\测试\闪屏\拍照攻略闪屏-44.png: 941x1672
[image-size] D:\测试\闪屏\拍照攻略闪屏-45.png: 941x1672
[image-size] D:\测试\闪屏\拍照攻略闪屏-46.png: 941x1672
[image-size] D:\测试\闪屏\拍照攻略闪屏-47.png: 941x1672
[image-size] D:\测试\闪屏\拍照攻略闪屏-48.png: 941x1672
[image-size] D:\测试\闪屏\拍照攻略闪屏-49.png: 941x1672
[image-size] D:\测试\闪屏\拍照攻略闪屏-5.png: 941x1672
[image-size] D:\测试\闪屏\拍照攻略闪屏-50.png: 941x1672
[image-size] D:\测试\闪屏\拍照攻略闪屏-51.png: 941x1672
[image-size] D:\测试\闪屏\拍照攻略闪屏-52.png: 941x1672
[image-size] D:\测试\闪屏\拍照攻略闪屏-53.png: 941x1672
[image-size] D:\测试\闪屏\拍照攻略闪屏-54.png: 941x1672
[image-size] D:\测试\闪屏\拍照攻略闪屏-55.png: 941x1672
[image-size] D:\测试\闪屏\拍照攻略闪屏-56.png: 941x1672
[image-size] D:\测试\闪屏\拍照攻略闪屏-57.png: 941x1672
[image-size] D:\测试\闪屏\拍照攻略闪屏-58.png: 941x1672
[image-size] D:\测试\闪屏\拍照攻略闪屏-59.png: 941x1672
[image-size] D:\测试\闪屏\拍照攻略闪屏-6.png: 941x1672
[image-size] D:\测试\闪屏\拍照攻略闪屏-60.png: 941x1672
[image-size] D:\测试\闪屏\拍照攻略闪屏-61.png: 941x1672
[image-size] D:\测试\闪屏\拍照攻略闪屏-62.png: 941x1672
[image-size] D:\测试\闪屏\拍照攻略闪屏-63.png: 941x1672
[image-size] D:\测试\闪屏\拍照攻略闪屏-64.png: 941x1672
[image-size] D:\测试\闪屏\拍照攻略闪屏-65.png: 941x1672
[image-size] D:\测试\闪屏\拍照攻略闪屏-66.png: 941x1672
[image-size] D:\测试\闪屏\拍照攻略闪屏-67.png: 941x1672
[image-size] D:\测试\闪屏\拍照攻略闪屏-68.png: 941x1672
[image-size] D:\测试\闪屏\拍照攻略闪屏-69.png: 941x1672
[image-size] D:\测试\闪屏\拍照攻略闪屏-7.png: 941x1672
[image-size] D:\测试\闪屏\拍照攻略闪屏-70.png: 941x1672
[image-size] D:\测试\闪屏\拍照攻略闪屏-71.png: 941x1672
[image-size] D:\测试\闪屏\拍照攻略闪屏-72.png: 941x1672
[image-size] D:\测试\闪屏\拍照攻略闪屏-73.png: 941x1672
[image-size] D:\测试\闪屏\拍照攻略闪屏-74.png: 941x1672
[image-size] D:\测试\闪屏\拍照攻略闪屏-75.png: 941x1672
[image-size] D:\测试\闪屏\拍照攻略闪屏-76.png: 941x1672
[image-size] D:\测试\闪屏\拍照攻略闪屏-77.png: 941x1672
[image-size] D:\测试\闪屏\拍照攻略闪屏-78.png: 941x1672
[image-size] D:\测试\闪屏\拍照攻略闪屏-79.png: 941x1672
[image-size] D:\测试\闪屏\拍照攻略闪屏-8.png: 941x1672
[image-size] D:\测试\闪屏\拍照攻略闪屏-80.png: 941x1672
[image-size] D:\测试\闪屏\拍照攻略闪屏-81.png: 941x1672
[image-size] D:\测试\闪屏\拍照攻略闪屏-82.png: 941x1672
[image-size] D:\测试\闪屏\拍照攻略闪屏-83.png: 941x1672
[image-size] D:\测试\闪屏\拍照攻略闪屏-84.png: 941x1672
[image-size] D:\测试\闪屏\拍照攻略闪屏-85.png: 941x1672
[image-size] D:\测试\闪屏\拍照攻略闪屏-86.png: 941x1672
[image-size] D:\测试\闪屏\拍照攻略闪屏-87.png: 941x1672
[image-size] D:\测试\闪屏\拍照攻略闪屏-88.png: 941x1672
[image-size] D:\测试\闪屏\拍照攻略闪屏-89.png: 941x1672
[image-size] D:\测试\闪屏\拍照攻略闪屏-9.png: 941x1672
[image-size] D:\测试\闪屏\拍照攻略闪屏-90.png: 941x1672
[image-size] D:\测试\闪屏\拍照攻略闪屏-91.png: 941x1672
[image-size] D:\测试\闪屏\拍照攻略闪屏-92.png: 941x1672
[image-size] D:\测试\闪屏\拍照攻略闪屏-93.png: 941x1672
[image-size] D:\测试\闪屏\拍照攻略闪屏-94.png: 941x1672
[image-size] D:\测试\闪屏\拍照攻略闪屏-95.png: 941x1672
[image-size] D:\测试\闪屏\拍照攻略闪屏-96.png: 941x1672
[image-size] D:\测试\闪屏\拍照攻略闪屏-97.png: 941x1672
[image-size] D:\测试\闪屏\拍照攻略闪屏-98.png: 941x1672
[image-size] D:\测试\闪屏\拍照攻略闪屏-99.png: 941x1672
[image-size] D:\测试\闪屏\拍照攻略闪屏-1.png: 941x1672
[image-size] D:\测试\闪屏\拍照攻略闪屏-10.png: 941x1672
[image-size] D:\测试\闪屏\拍照攻略闪屏-100.png: 941x1672
[image-size] D:\测试\闪屏\拍照攻略闪屏-11.png: 941x1672
[image-size] D:\测试\闪屏\拍照攻略闪屏-12.png: 941x1672
[image-size] D:\测试\闪屏\拍照攻略闪屏-13.png: 941x1672
[image-size] D:\测试\闪屏\拍照攻略闪屏-14.png: 941x1672
[image-size] D:\测试\闪屏\拍照攻略闪屏-15.png: 941x1672
[image-size] D:\测试\闪屏\拍照攻略闪屏-16.png: 941x1672
[image-size] D:\测试\闪屏\拍照攻略闪屏-17.png: 941x1672
[image-size] D:\测试\闪屏\拍照攻略闪屏-18.png: 941x1672
[image-size] D:\测试\闪屏\拍照攻略闪屏-19.png: 941x1672
[image-size] D:\测试\闪屏\拍照攻略闪屏-2.png: 941x1672
[image-size] D:\测试\闪屏\拍照攻略闪屏-20.png: 941x1672
[image-size] D:\测试\闪屏\拍照攻略闪屏-21.png: 941x1672
[image-size] D:\测试\闪屏\拍照攻略闪屏-22.png: 941x1672
[image-size] D:\测试\闪屏\拍照攻略闪屏-23.png: 941x1672
[image-size] D:\测试\闪屏\拍照攻略闪屏-24.png: 941x1672
[image-size] D:\测试\闪屏\拍照攻略闪屏-25.png: 941x1672
[image-size] D:\测试\闪屏\拍照攻略闪屏-26.png: 941x1672
[image-size] D:\测试\闪屏\拍照攻略闪屏-27.png: 941x1672
[image-size] D:\测试\闪屏\拍照攻略闪屏-28.png: 941x1672
[image-size] D:\测试\闪屏\拍照攻略闪屏-29.png: 941x1672
[image-size] D:\测试\闪屏\拍照攻略闪屏-3.png: 941x1672
[image-size] D:\测试\闪屏\拍照攻略闪屏-30.png: 941x1672
[image-size] D:\测试\闪屏\拍照攻略闪屏-31.png: 941x1672
[image-size] D:\测试\闪屏\拍照攻略闪屏-32.png: 941x1672
[image-size] D:\测试\闪屏\拍照攻略闪屏-33.png: 941x1672
[image-size] D:\测试\闪屏\拍照攻略闪屏-34.png: 941x1672
[image-size] D:\测试\闪屏\拍照攻略闪屏-35.png: 941x1672
[image-size] D:\测试\闪屏\拍照攻略闪屏-36.png: 941x1672
[image-size] D:\测试\闪屏\拍照攻略闪屏-37.png: 941x1672
[image-size] D:\测试\闪屏\拍照攻略闪屏-38.png: 941x1672
[image-size] D:\测试\闪屏\拍照攻略闪屏-39.png: 941x1672
[image-size] D:\测试\闪屏\拍照攻略闪屏-4.png: 941x1672
[image-size] D:\测试\闪屏\拍照攻略闪屏-40.png: 941x1672
[image-size] D:\测试\闪屏\拍照攻略闪屏-41.png: 941x1672
[image-size] D:\测试\闪屏\拍照攻略闪屏-42.png: 941x1672
[image-size] D:\测试\闪屏\拍照攻略闪屏-43.png: 941x1672
[image-size] D:\测试\闪屏\拍照攻略闪屏-44.png: 941x1672
[image-size] D:\测试\闪屏\拍照攻略闪屏-45.png: 941x1672
[image-size] D:\测试\闪屏\拍照攻略闪屏-46.png: 941x1672
[image-size] D:\测试\闪屏\拍照攻略闪屏-47.png: 941x1672
[image-size] D:\测试\闪屏\拍照攻略闪屏-48.png: 941x1672
[image-size] D:\测试\闪屏\拍照攻略闪屏-49.png: 941x1672
[image-size] D:\测试\闪屏\拍照攻略闪屏-5.png: 941x1672
[image-size] D:\测试\闪屏\拍照攻略闪屏-50.png: 941x1672
[image-size] D:\测试\闪屏\拍照攻略闪屏-51.png: 941x1672
[image-size] D:\测试\闪屏\拍照攻略闪屏-52.png: 941x1672
[image-size] D:\测试\闪屏\拍照攻略闪屏-53.png: 941x1672
[image-size] D:\测试\闪屏\拍照攻略闪屏-54.png: 941x1672
[image-size] D:\测试\闪屏\拍照攻略闪屏-55.png: 941x1672
[image-size] D:\测试\闪屏\拍照攻略闪屏-56.png: 941x1672
[image-size] D:\测试\闪屏\拍照攻略闪屏-57.png: 941x1672
[image-size] D:\测试\闪屏\拍照攻略闪屏-58.png: 941x1672
[image-size] D:\测试\闪屏\拍照攻略闪屏-59.png: 941x1672
[image-size] D:\测试\闪屏\拍照攻略闪屏-6.png: 941x1672
[image-size] D:\测试\闪屏\拍照攻略闪屏-60.png: 941x1672
[image-size] D:\测试\闪屏\拍照攻略闪屏-61.png: 941x1672
[image-size] D:\测试\闪屏\拍照攻略闪屏-62.png: 941x1672
[image-size] D:\测试\闪屏\拍照攻略闪屏-63.png: 941x1672
[image-size] D:\测试\闪屏\拍照攻略闪屏-64.png: 941x1672
[image-size] D:\测试\闪屏\拍照攻略闪屏-65.png: 941x1672
[image-size] D:\测试\闪屏\拍照攻略闪屏-66.png: 941x1672
[image-size] D:\测试\闪屏\拍照攻略闪屏-67.png: 941x1672
[image-size] D:\测试\闪屏\拍照攻略闪屏-68.png: 941x1672
[image-size] D:\测试\闪屏\拍照攻略闪屏-69.png: 941x1672
[image-size] D:\测试\闪屏\拍照攻略闪屏-7.png: 941x1672
[image-size] D:\测试\闪屏\拍照攻略闪屏-70.png: 941x1672
[image-size] D:\测试\闪屏\拍照攻略闪屏-71.png: 941x1672
[image-size] D:\测试\闪屏\拍照攻略闪屏-72.png: 941x1672
[image-size] D:\测试\闪屏\拍照攻略闪屏-73.png: 941x1672
[image-size] D:\测试\闪屏\拍照攻略闪屏-74.png: 941x1672
[image-size] D:\测试\闪屏\拍照攻略闪屏-75.png: 941x1672
[image-size] D:\测试\闪屏\拍照攻略闪屏-76.png: 941x1672
[image-size] D:\测试\闪屏\拍照攻略闪屏-77.png: 941x1672
[image-size] D:\测试\闪屏\拍照攻略闪屏-78.png: 941x1672
[image-size] D:\测试\闪屏\拍照攻略闪屏-79.png: 941x1672
[image-size] D:\测试\闪屏\拍照攻略闪屏-8.png: 941x1672
[image-size] D:\测试\闪屏\拍照攻略闪屏-80.png: 941x1672
[image-size] D:\测试\闪屏\拍照攻略闪屏-81.png: 941x1672
[image-size] D:\测试\闪屏\拍照攻略闪屏-82.png: 941x1672
[image-size] D:\测试\闪屏\拍照攻略闪屏-83.png: 941x1672
[image-size] D:\测试\闪屏\拍照攻略闪屏-84.png: 941x1672
[image-size] D:\测试\闪屏\拍照攻略闪屏-85.png: 941x1672
[image-size] D:\测试\闪屏\拍照攻略闪屏-86.png: 941x1672
[image-size] D:\测试\闪屏\拍照攻略闪屏-87.png: 941x1672
[image-size] D:\测试\闪屏\拍照攻略闪屏-88.png: 941x1672
[image-size] D:\测试\闪屏\拍照攻略闪屏-89.png: 941x1672
[image-size] D:\测试\闪屏\拍照攻略闪屏-9.png: 941x1672
[image-size] D:\测试\闪屏\拍照攻略闪屏-90.png: 941x1672
[image-size] D:\测试\闪屏\拍照攻略闪屏-91.png: 941x1672
[image-size] D:\测试\闪屏\拍照攻略闪屏-92.png: 941x1672
[image-size] D:\测试\闪屏\拍照攻略闪屏-93.png: 941x1672
[image-size] D:\测试\闪屏\拍照攻略闪屏-94.png: 941x1672
[image-size] D:\测试\闪屏\拍照攻略闪屏-95.png: 941x1672
[image-size] D:\测试\闪屏\拍照攻略闪屏-96.png: 941x1672
[image-size] D:\测试\闪屏\拍照攻略闪屏-97.png: 941x1672
[image-size] D:\测试\闪屏\拍照攻略闪屏-98.png: 941x1672
[image-size] D:\测试\闪屏\拍照攻略闪屏-99.png: 941x1672
[image-size] D:\测试\大图\拍照攻略大图-1.png: 1672x941
[image-size] D:\测试\大图\拍照攻略大图-10.png: 1672x941
[image-size] D:\测试\大图\拍照攻略大图-100.png: 1672x941
[image-size] D:\测试\大图\拍照攻略大图-11.png: 1672x941
[image-size] D:\测试\大图\拍照攻略大图-12.png: 1672x941
[image-size] D:\测试\大图\拍照攻略大图-13.png: 1672x941
[image-size] D:\测试\大图\拍照攻略大图-14.png: 1672x941
[image-size] D:\测试\大图\拍照攻略大图-15.png: 1672x941
[image-size] D:\测试\大图\拍照攻略大图-16.png: 1672x941
[image-size] D:\测试\大图\拍照攻略大图-17.png: 1672x941
[image-size] D:\测试\大图\拍照攻略大图-18.png: 1672x941
[image-size] D:\测试\大图\拍照攻略大图-19.png: 1672x941
[image-size] D:\测试\大图\拍照攻略大图-2.png: 1672x941
[image-size] D:\测试\大图\拍照攻略大图-20.png: 1672x941
[image-size] D:\测试\大图\拍照攻略大图-21.png: 1672x941
[image-size] D:\测试\大图\拍照攻略大图-22.png: 1672x941
[image-size] D:\测试\大图\拍照攻略大图-23.png: 1672x941
[image-size] D:\测试\大图\拍照攻略大图-24.png: 1672x941
[image-size] D:\测试\大图\拍照攻略大图-25.png: 1672x941
[image-size] D:\测试\大图\拍照攻略大图-26.png: 1672x941
[image-size] D:\测试\大图\拍照攻略大图-27.png: 1672x941
[image-size] D:\测试\大图\拍照攻略大图-28.png: 1672x941
[image-size] D:\测试\大图\拍照攻略大图-29.png: 1672x941
[image-size] D:\测试\大图\拍照攻略大图-3.png: 1672x941
[image-size] D:\测试\大图\拍照攻略大图-30.png: 1672x941
[image-size] D:\测试\大图\拍照攻略大图-31.png: 1672x941
[image-size] D:\测试\大图\拍照攻略大图-32.png: 1672x941
[image-size] D:\测试\大图\拍照攻略大图-33.png: 1672x941
[image-size] D:\测试\大图\拍照攻略大图-34.png: 1672x941
[image-size] D:\测试\大图\拍照攻略大图-35.png: 1672x941
[image-size] D:\测试\大图\拍照攻略大图-36.png: 1672x941
[image-size] D:\测试\大图\拍照攻略大图-37.png: 1672x941
[image-size] D:\测试\大图\拍照攻略大图-38.png: 1672x941
[image-size] D:\测试\大图\拍照攻略大图-39.png: 1672x941
[image-size] D:\测试\大图\拍照攻略大图-4.png: 1672x941
[image-size] D:\测试\大图\拍照攻略大图-40.png: 1672x941
[image-size] D:\测试\大图\拍照攻略大图-41.png: 1672x941
[image-size] D:\测试\大图\拍照攻略大图-42.png: 1672x941
[image-size] D:\测试\大图\拍照攻略大图-43.png: 1672x941
[image-size] D:\测试\大图\拍照攻略大图-44.png: 1672x941
[image-size] D:\测试\大图\拍照攻略大图-45.png: 1672x941
[image-size] D:\测试\大图\拍照攻略大图-46.png: 1672x941
[image-size] D:\测试\大图\拍照攻略大图-47.png: 1672x941
[image-size] D:\测试\大图\拍照攻略大图-48.png: 1672x941
[image-size] D:\测试\大图\拍照攻略大图-49.png: 1672x941
[image-size] D:\测试\大图\拍照攻略大图-5.png: 1672x941
[image-size] D:\测试\大图\拍照攻略大图-50.png: 1672x941
[image-size] D:\测试\大图\拍照攻略大图-51.png: 1672x941
[image-size] D:\测试\大图\拍照攻略大图-52.png: 1672x941
[image-size] D:\测试\大图\拍照攻略大图-53.png: 1672x941
[image-size] D:\测试\大图\拍照攻略大图-54.png: 1672x941
[image-size] D:\测试\大图\拍照攻略大图-55.png: 1672x941
[image-size] D:\测试\大图\拍照攻略大图-56.png: 1672x941
[image-size] D:\测试\大图\拍照攻略大图-57.png: 1672x941
[image-size] D:\测试\大图\拍照攻略大图-58.png: 1672x941
[image-size] D:\测试\大图\拍照攻略大图-59.png: 1672x941
[image-size] D:\测试\大图\拍照攻略大图-6.png: 1672x941
[image-size] D:\测试\大图\拍照攻略大图-60.png: 1672x941
[image-size] D:\测试\大图\拍照攻略大图-61.png: 1672x941
[image-size] D:\测试\大图\拍照攻略大图-62.png: 1672x941
[image-size] D:\测试\大图\拍照攻略大图-63.png: 1672x941
[image-size] D:\测试\大图\拍照攻略大图-64.png: 1672x941
[image-size] D:\测试\大图\拍照攻略大图-65.png: 1672x941
[image-size] D:\测试\大图\拍照攻略大图-66.png: 1672x941
[image-size] D:\测试\大图\拍照攻略大图-67.png: 1672x941
[image-size] D:\测试\大图\拍照攻略大图-68.png: 1672x941
[image-size] D:\测试\大图\拍照攻略大图-69.png: 1672x941
[image-size] D:\测试\大图\拍照攻略大图-7.png: 1672x941
[image-size] D:\测试\大图\拍照攻略大图-70.png: 1672x941
[image-size] D:\测试\大图\拍照攻略大图-71.png: 1672x941
[image-size] D:\测试\大图\拍照攻略大图-72.png: 1672x941
[image-size] D:\测试\大图\拍照攻略大图-73.png: 1672x941
[image-size] D:\测试\大图\拍照攻略大图-74.png: 1672x941
[image-size] D:\测试\大图\拍照攻略大图-75.png: 1672x941
[image-size] D:\测试\大图\拍照攻略大图-76.png: 1672x941
[image-size] D:\测试\大图\拍照攻略大图-77.png: 1672x941
[image-size] D:\测试\大图\拍照攻略大图-78.png: 1672x941
[image-size] D:\测试\大图\拍照攻略大图-79.png: 1672x941
[image-size] D:\测试\大图\拍照攻略大图-8.png: 1672x941
[image-size] D:\测试\大图\拍照攻略大图-80.png: 1672x941
[image-size] D:\测试\大图\拍照攻略大图-81.png: 1672x941
[image-size] D:\测试\大图\拍照攻略大图-82.png: 1672x941
[image-size] D:\测试\大图\拍照攻略大图-83.png: 1672x941
[image-size] D:\测试\大图\拍照攻略大图-84.png: 1672x941
[image-size] D:\测试\大图\拍照攻略大图-85.png: 1672x941
[image-size] D:\测试\大图\拍照攻略大图-86.png: 1672x941
[image-size] D:\测试\大图\拍照攻略大图-87.png: 1672x941
[image-size] D:\测试\大图\拍照攻略大图-88.png: 1672x941
[image-size] D:\测试\大图\拍照攻略大图-89.png: 1672x941
[image-size] D:\测试\大图\拍照攻略大图-9.png: 1672x941
[image-size] D:\测试\大图\拍照攻略大图-90.png: 1672x941
[image-size] D:\测试\大图\拍照攻略大图-91.png: 1672x941
[image-size] D:\测试\大图\拍照攻略大图-92.png: 1672x941
[image-size] D:\测试\大图\拍照攻略大图-93.png: 1672x941
[image-size] D:\测试\大图\拍照攻略大图-94.png: 1672x941
[image-size] D:\测试\大图\拍照攻略大图-95.png: 1672x941
[image-size] D:\测试\大图\拍照攻略大图-96.png: 1672x941
[image-size] D:\测试\大图\拍照攻略大图-97.png: 1672x941
[image-size] D:\测试\大图\拍照攻略大图-98.png: 1672x941
[image-size] D:\测试\大图\拍照攻略大图-99.png: 1672x941
[2m12:54:28[22m [36m[1m[vite][22m[39m [90m[2m(client)[22m[39m [32mhmr update [39m[2m/src/index.css, /src/features/composite/components/BatchExportTab.tsx, /src/features/composite/components/PresetManagementTab.tsx, /src/features/composite/components/DistributionSettingsPanel.tsx, /src/features/composite/components/PresetCanvasEditor.tsx, /src/features/composite/components/ExportResultsPanel.tsx, /src/features/composite/components/GlobalOutputRulesPanel.tsx[22m
[2m12:54:35[22m [36m[1m[vite][22m[39m [90m[2m(client)[22m[39m [32mhmr update [39m[2m/src/features/composite/components/DistributionSettingsPanel.tsx, /src/index.css[22m
[2m12:54:48[22m [36m[1m[vite][22m[39m [90m[2m(client)[22m[39m [32mhmr update [39m[2m/src/features/composite/components/DistributionSettingsPanel.tsx, /src/index.css[22m
[2m12:54:57[22m [36m[1m[vite][22m[39m [90m[2m(client)[22m[39m [32mhmr update [39m[2m/src/features/composite/components/DistributionSettingsPanel.tsx, /src/index.css[22m
[2m12:55:52[22m [36m[1m[vite][22m[39m [90m[2m(client)[22m[39m [32mhmr update [39m[2m/src/index.css, /src/features/composite/components/BatchExportTab.tsx, /src/features/composite/components/PresetManagementTab.tsx, /src/features/composite/components/DistributionSettingsPanel.tsx, /src/features/composite/components/PresetCanvasEditor.tsx, /src/features/composite/components/ExportResultsPanel.tsx, /src/features/composite/components/GlobalOutputRulesPanel.tsx[22m
[2m12:56:20[22m [36m[1m[vite][22m[39m [90m[2m(client)[22m[39m [32mhmr update [39m[2m/src/index.css, /src/features/composite/components/BatchExportTab.tsx, /src/features/composite/components/PresetManagementTab.tsx, /src/features/composite/components/DistributionSettingsPanel.tsx, /src/features/composite/components/PresetCanvasEditor.tsx, /src/features/composite/components/ExportResultsPanel.tsx, /src/features/composite/components/GlobalOutputRulesPanel.tsx[22m
[2m12:56:55[22m [36m[1m[vite][22m[39m [90m[2m(client)[22m[39m [32mhmr update [39m[2m/src/index.css, /src/features/composite/components/BatchExportTab.tsx, /src/features/composite/components/PresetManagementTab.tsx, /src/features/composite/components/DistributionSettingsPanel.tsx, /src/features/composite/components/PresetCanvasEditor.tsx, /src/features/composite/components/ExportResultsPanel.tsx, /src/features/composite/components/GlobalOutputRulesPanel.tsx[22m
[image-size] D:\测试\闪屏\拍照攻略闪屏-1.png: 941x1672
[image-size] D:\测试\闪屏\拍照攻略闪屏-10.png: 941x1672
[image-size] D:\测试\闪屏\拍照攻略闪屏-100.png: 941x1672
[image-size] D:\测试\闪屏\拍照攻略闪屏-11.png: 941x1672
[image-size] D:\测试\闪屏\拍照攻略闪屏-12.png: 941x1672
[image-size] D:\测试\闪屏\拍照攻略闪屏-13.png: 941x1672
[image-size] D:\测试\闪屏\拍照攻略闪屏-14.png: 941x1672
[image-size] D:\测试\闪屏\拍照攻略闪屏-15.png: 941x1672
[image-size] D:\测试\闪屏\拍照攻略闪屏-16.png: 941x1672
[image-size] D:\测试\闪屏\拍照攻略闪屏-17.png: 941x1672
[image-size] D:\测试\闪屏\拍照攻略闪屏-18.png: 941x1672
[image-size] D:\测试\闪屏\拍照攻略闪屏-19.png: 941x1672
[image-size] D:\测试\闪屏\拍照攻略闪屏-2.png: 941x1672
[image-size] D:\测试\闪屏\拍照攻略闪屏-20.png: 941x1672
[image-size] D:\测试\闪屏\拍照攻略闪屏-21.png: 941x1672
[image-size] D:\测试\闪屏\拍照攻略闪屏-22.png: 941x1672
[image-size] D:\测试\闪屏\拍照攻略闪屏-23.png: 941x1672
[image-size] D:\测试\闪屏\拍照攻略闪屏-24.png: 941x1672
[image-size] D:\测试\闪屏\拍照攻略闪屏-25.png: 941x1672
[image-size] D:\测试\闪屏\拍照攻略闪屏-26.png: 941x1672
[image-size] D:\测试\闪屏\拍照攻略闪屏-27.png: 941x1672
[image-size] D:\测试\闪屏\拍照攻略闪屏-28.png: 941x1672
[image-size] D:\测试\闪屏\拍照攻略闪屏-29.png: 941x1672
[image-size] D:\测试\闪屏\拍照攻略闪屏-3.png: 941x1672
[image-size] D:\测试\闪屏\拍照攻略闪屏-30.png: 941x1672
[image-size] D:\测试\闪屏\拍照攻略闪屏-31.png: 941x1672
[image-size] D:\测试\闪屏\拍照攻略闪屏-32.png: 941x1672
[image-size] D:\测试\闪屏\拍照攻略闪屏-33.png: 941x1672
[image-size] D:\测试\闪屏\拍照攻略闪屏-34.png: 941x1672
[image-size] D:\测试\闪屏\拍照攻略闪屏-35.png: 941x1672
[image-size] D:\测试\闪屏\拍照攻略闪屏-36.png: 941x1672
[image-size] D:\测试\闪屏\拍照攻略闪屏-37.png: 941x1672
[image-size] D:\测试\闪屏\拍照攻略闪屏-38.png: 941x1672
[image-size] D:\测试\闪屏\拍照攻略闪屏-39.png: 941x1672
[image-size] D:\测试\闪屏\拍照攻略闪屏-4.png: 941x1672
[image-size] D:\测试\闪屏\拍照攻略闪屏-40.png: 941x1672
[image-size] D:\测试\闪屏\拍照攻略闪屏-41.png: 941x1672
[image-size] D:\测试\闪屏\拍照攻略闪屏-42.png: 941x1672
[image-size] D:\测试\闪屏\拍照攻略闪屏-43.png: 941x1672
[image-size] D:\测试\闪屏\拍照攻略闪屏-44.png: 941x1672
[image-size] D:\测试\闪屏\拍照攻略闪屏-45.png: 941x1672
[image-size] D:\测试\闪屏\拍照攻略闪屏-46.png: 941x1672
[image-size] D:\测试\闪屏\拍照攻略闪屏-47.png: 941x1672
[image-size] D:\测试\闪屏\拍照攻略闪屏-48.png: 941x1672
[image-size] D:\测试\闪屏\拍照攻略闪屏-49.png: 941x1672
[image-size] D:\测试\闪屏\拍照攻略闪屏-5.png: 941x1672
[image-size] D:\测试\闪屏\拍照攻略闪屏-50.png: 941x1672
[image-size] D:\测试\闪屏\拍照攻略闪屏-51.png: 941x1672
[image-size] D:\测试\闪屏\拍照攻略闪屏-52.png: 941x1672
[image-size] D:\测试\闪屏\拍照攻略闪屏-53.png: 941x1672
[image-size] D:\测试\闪屏\拍照攻略闪屏-54.png: 941x1672
[image-size] D:\测试\闪屏\拍照攻略闪屏-55.png: 941x1672
[image-size] D:\测试\闪屏\拍照攻略闪屏-56.png: 941x1672
[image-size] D:\测试\闪屏\拍照攻略闪屏-57.png: 941x1672
[image-size] D:\测试\闪屏\拍照攻略闪屏-58.png: 941x1672
[image-size] D:\测试\闪屏\拍照攻略闪屏-59.png: 941x1672
[image-size] D:\测试\闪屏\拍照攻略闪屏-6.png: 941x1672
[image-size] D:\测试\闪屏\拍照攻略闪屏-60.png: 941x1672
[image-size] D:\测试\闪屏\拍照攻略闪屏-61.png: 941x1672
[image-size] D:\测试\闪屏\拍照攻略闪屏-62.png: 941x1672
[image-size] D:\测试\闪屏\拍照攻略闪屏-63.png: 941x1672
[image-size] D:\测试\闪屏\拍照攻略闪屏-64.png: 941x1672
[image-size] D:\测试\闪屏\拍照攻略闪屏-65.png: 941x1672
[image-size] D:\测试\闪屏\拍照攻略闪屏-66.png: 941x1672
[image-size] D:\测试\闪屏\拍照攻略闪屏-67.png: 941x1672
[image-size] D:\测试\闪屏\拍照攻略闪屏-68.png: 941x1672
[image-size] D:\测试\闪屏\拍照攻略闪屏-69.png: 941x1672
[image-size] D:\测试\闪屏\拍照攻略闪屏-7.png: 941x1672
[image-size] D:\测试\闪屏\拍照攻略闪屏-70.png: 941x1672
[image-size] D:\测试\闪屏\拍照攻略闪屏-71.png: 941x1672
[image-size] D:\测试\闪屏\拍照攻略闪屏-72.png: 941x1672
[image-size] D:\测试\闪屏\拍照攻略闪屏-73.png: 941x1672
[image-size] D:\测试\闪屏\拍照攻略闪屏-74.png: 941x1672
[image-size] D:\测试\闪屏\拍照攻略闪屏-75.png: 941x1672
[image-size] D:\测试\闪屏\拍照攻略闪屏-76.png: 941x1672
[image-size] D:\测试\闪屏\拍照攻略闪屏-77.png: 941x1672
[image-size] D:\测试\闪屏\拍照攻略闪屏-78.png: 941x1672
[image-size] D:\测试\闪屏\拍照攻略闪屏-79.png: 941x1672
[image-size] D:\测试\闪屏\拍照攻略闪屏-8.png: 941x1672
[image-size] D:\测试\闪屏\拍照攻略闪屏-80.png: 941x1672
[image-size] D:\测试\闪屏\拍照攻略闪屏-81.png: 941x1672
[image-size] D:\测试\闪屏\拍照攻略闪屏-82.png: 941x1672
[image-size] D:\测试\闪屏\拍照攻略闪屏-83.png: 941x1672
[image-size] D:\测试\闪屏\拍照攻略闪屏-84.png: 941x1672
[image-size] D:\测试\闪屏\拍照攻略闪屏-85.png: 941x1672
[image-size] D:\测试\闪屏\拍照攻略闪屏-86.png: 941x1672
[image-size] D:\测试\闪屏\拍照攻略闪屏-87.png: 941x1672
[image-size] D:\测试\闪屏\拍照攻略闪屏-88.png: 941x1672
[image-size] D:\测试\闪屏\拍照攻略闪屏-89.png: 941x1672
[image-size] D:\测试\闪屏\拍照攻略闪屏-9.png: 941x1672
[image-size] D:\测试\闪屏\拍照攻略闪屏-90.png: 941x1672
[image-size] D:\测试\闪屏\拍照攻略闪屏-91.png: 941x1672
[image-size] D:\测试\闪屏\拍照攻略闪屏-92.png: 941x1672
[image-size] D:\测试\闪屏\拍照攻略闪屏-93.png: 941x1672
[image-size] D:\测试\闪屏\拍照攻略闪屏-94.png: 941x1672
[image-size] D:\测试\闪屏\拍照攻略闪屏-95.png: 941x1672
[image-size] D:\测试\闪屏\拍照攻略闪屏-96.png: 941x1672
[image-size] D:\测试\闪屏\拍照攻略闪屏-97.png: 941x1672
[image-size] D:\测试\闪屏\拍照攻略闪屏-98.png: 941x1672
[image-size] D:\测试\闪屏\拍照攻略闪屏-99.png: 941x1672
[image-size] D:\测试\闪屏\拍照攻略闪屏-1.png: 941x1672
[image-size] D:\测试\闪屏\拍照攻略闪屏-10.png: 941x1672
[image-size] D:\测试\闪屏\拍照攻略闪屏-100.png: 941x1672
[image-size] D:\测试\闪屏\拍照攻略闪屏-11.png: 941x1672
[image-size] D:\测试\闪屏\拍照攻略闪屏-12.png: 941x1672
[image-size] D:\测试\闪屏\拍照攻略闪屏-13.png: 941x1672
[image-size] D:\测试\闪屏\拍照攻略闪屏-14.png: 941x1672
[image-size] D:\测试\闪屏\拍照攻略闪屏-15.png: 941x1672
[image-size] D:\测试\闪屏\拍照攻略闪屏-16.png: 941x1672
[image-size] D:\测试\闪屏\拍照攻略闪屏-17.png: 941x1672
[image-size] D:\测试\闪屏\拍照攻略闪屏-18.png: 941x1672
[image-size] D:\测试\闪屏\拍照攻略闪屏-19.png: 941x1672
[image-size] D:\测试\闪屏\拍照攻略闪屏-2.png: 941x1672
[image-size] D:\测试\闪屏\拍照攻略闪屏-20.png: 941x1672
[image-size] D:\测试\闪屏\拍照攻略闪屏-21.png: 941x1672
[image-size] D:\测试\闪屏\拍照攻略闪屏-22.png: 941x1672
[image-size] D:\测试\闪屏\拍照攻略闪屏-23.png: 941x1672
[image-size] D:\测试\闪屏\拍照攻略闪屏-24.png: 941x1672
[image-size] D:\测试\闪屏\拍照攻略闪屏-25.png: 941x1672
[image-size] D:\测试\闪屏\拍照攻略闪屏-26.png: 941x1672
[image-size] D:\测试\闪屏\拍照攻略闪屏-27.png: 941x1672
[image-size] D:\测试\闪屏\拍照攻略闪屏-28.png: 941x1672
[image-size] D:\测试\闪屏\拍照攻略闪屏-29.png: 941x1672
[image-size] D:\测试\闪屏\拍照攻略闪屏-3.png: 941x1672
[image-size] D:\测试\闪屏\拍照攻略闪屏-30.png: 941x1672
[image-size] D:\测试\闪屏\拍照攻略闪屏-31.png: 941x1672
[image-size] D:\测试\闪屏\拍照攻略闪屏-32.png: 941x1672
[image-size] D:\测试\闪屏\拍照攻略闪屏-33.png: 941x1672
[image-size] D:\测试\闪屏\拍照攻略闪屏-34.png: 941x1672
[image-size] D:\测试\闪屏\拍照攻略闪屏-35.png: 941x1672
[image-size] D:\测试\闪屏\拍照攻略闪屏-36.png: 941x1672
[image-size] D:\测试\闪屏\拍照攻略闪屏-37.png: 941x1672
[image-size] D:\测试\闪屏\拍照攻略闪屏-38.png: 941x1672
[image-size] D:\测试\闪屏\拍照攻略闪屏-39.png: 941x1672
[image-size] D:\测试\闪屏\拍照攻略闪屏-4.png: 941x1672
[image-size] D:\测试\闪屏\拍照攻略闪屏-40.png: 941x1672
[image-size] D:\测试\闪屏\拍照攻略闪屏-41.png: 941x1672
[image-size] D:\测试\闪屏\拍照攻略闪屏-42.png: 941x1672
[image-size] D:\测试\闪屏\拍照攻略闪屏-43.png: 941x1672
[image-size] D:\测试\闪屏\拍照攻略闪屏-44.png: 941x1672
[image-size] D:\测试\闪屏\拍照攻略闪屏-45.png: 941x1672
[image-size] D:\测试\闪屏\拍照攻略闪屏-46.png: 941x1672
[image-size] D:\测试\闪屏\拍照攻略闪屏-47.png: 941x1672
[image-size] D:\测试\闪屏\拍照攻略闪屏-48.png: 941x1672
[image-size] D:\测试\闪屏\拍照攻略闪屏-49.png: 941x1672
[image-size] D:\测试\闪屏\拍照攻略闪屏-5.png: 941x1672
[image-size] D:\测试\闪屏\拍照攻略闪屏-50.png: 941x1672
[image-size] D:\测试\闪屏\拍照攻略闪屏-51.png: 941x1672
[image-size] D:\测试\闪屏\拍照攻略闪屏-52.png: 941x1672
[image-size] D:\测试\闪屏\拍照攻略闪屏-53.png: 941x1672
[image-size] D:\测试\闪屏\拍照攻略闪屏-54.png: 941x1672
[image-size] D:\测试\闪屏\拍照攻略闪屏-55.png: 941x1672
[image-size] D:\测试\闪屏\拍照攻略闪屏-56.png: 941x1672
[image-size] D:\测试\闪屏\拍照攻略闪屏-57.png: 941x1672
[image-size] D:\测试\闪屏\拍照攻略闪屏-58.png: 941x1672
[image-size] D:\测试\闪屏\拍照攻略闪屏-59.png: 941x1672
[image-size] D:\测试\闪屏\拍照攻略闪屏-6.png: 941x1672
[image-size] D:\测试\闪屏\拍照攻略闪屏-60.png: 941x1672
[image-size] D:\测试\闪屏\拍照攻略闪屏-61.png: 941x1672
[image-size] D:\测试\闪屏\拍照攻略闪屏-62.png: 941x1672
[image-size] D:\测试\闪屏\拍照攻略闪屏-63.png: 941x1672
[image-size] D:\测试\闪屏\拍照攻略闪屏-64.png: 941x1672
[image-size] D:\测试\闪屏\拍照攻略闪屏-65.png: 941x1672
[image-size] D:\测试\闪屏\拍照攻略闪屏-66.png: 941x1672
[image-size] D:\测试\闪屏\拍照攻略闪屏-67.png: 941x1672
[image-size] D:\测试\闪屏\拍照攻略闪屏-68.png: 941x1672
[image-size] D:\测试\闪屏\拍照攻略闪屏-69.png: 941x1672
[image-size] D:\测试\闪屏\拍照攻略闪屏-7.png: 941x1672
[image-size] D:\测试\闪屏\拍照攻略闪屏-70.png: 941x1672
[image-size] D:\测试\闪屏\拍照攻略闪屏-71.png: 941x1672
[image-size] D:\测试\闪屏\拍照攻略闪屏-72.png: 941x1672
[image-size] D:\测试\闪屏\拍照攻略闪屏-73.png: 941x1672
[image-size] D:\测试\闪屏\拍照攻略闪屏-74.png: 941x1672
[image-size] D:\测试\闪屏\拍照攻略闪屏-75.png: 941x1672
[image-size] D:\测试\闪屏\拍照攻略闪屏-76.png: 941x1672
[image-size] D:\测试\闪屏\拍照攻略闪屏-77.png: 941x1672
[image-size] D:\测试\闪屏\拍照攻略闪屏-78.png: 941x1672
[image-size] D:\测试\闪屏\拍照攻略闪屏-79.png: 941x1672
[image-size] D:\测试\闪屏\拍照攻略闪屏-8.png: 941x1672
[image-size] D:\测试\闪屏\拍照攻略闪屏-80.png: 941x1672
[image-size] D:\测试\闪屏\拍照攻略闪屏-81.png: 941x1672
[image-size] D:\测试\闪屏\拍照攻略闪屏-82.png: 941x1672
[image-size] D:\测试\闪屏\拍照攻略闪屏-83.png: 941x1672
[image-size] D:\测试\闪屏\拍照攻略闪屏-84.png: 941x1672
[image-size] D:\测试\闪屏\拍照攻略闪屏-85.png: 941x1672
[image-size] D:\测试\闪屏\拍照攻略闪屏-86.png: 941x1672
[image-size] D:\测试\闪屏\拍照攻略闪屏-87.png: 941x1672
[image-size] D:\测试\闪屏\拍照攻略闪屏-88.png: 941x1672
[image-size] D:\测试\闪屏\拍照攻略闪屏-89.png: 941x1672
[image-size] D:\测试\闪屏\拍照攻略闪屏-9.png: 941x1672
[image-size] D:\测试\闪屏\拍照攻略闪屏-90.png: 941x1672
[image-size] D:\测试\闪屏\拍照攻略闪屏-91.png: 941x1672
[image-size] D:\测试\闪屏\拍照攻略闪屏-92.png: 941x1672
[image-size] D:\测试\闪屏\拍照攻略闪屏-93.png: 941x1672
[image-size] D:\测试\闪屏\拍照攻略闪屏-94.png: 941x1672
[image-size] D:\测试\闪屏\拍照攻略闪屏-95.png: 941x1672
[image-size] D:\测试\闪屏\拍照攻略闪屏-96.png: 941x1672
[image-size] D:\测试\闪屏\拍照攻略闪屏-97.png: 941x1672
[image-size] D:\测试\闪屏\拍照攻略闪屏-98.png: 941x1672
[image-size] D:\测试\闪屏\拍照攻略闪屏-99.png: 941x1672
[image-size] D:\测试\大图\拍照攻略大图-1.png: 1672x941
[image-size] D:\测试\大图\拍照攻略大图-10.png: 1672x941
[image-size] D:\测试\大图\拍照攻略大图-100.png: 1672x941
[image-size] D:\测试\大图\拍照攻略大图-11.png: 1672x941
[image-size] D:\测试\大图\拍照攻略大图-12.png: 1672x941
[image-size] D:\测试\大图\拍照攻略大图-13.png: 1672x941
[image-size] D:\测试\大图\拍照攻略大图-14.png: 1672x941
[image-size] D:\测试\大图\拍照攻略大图-15.png: 1672x941
[image-size] D:\测试\大图\拍照攻略大图-16.png: 1672x941
[image-size] D:\测试\大图\拍照攻略大图-17.png: 1672x941
[image-size] D:\测试\大图\拍照攻略大图-18.png: 1672x941
[image-size] D:\测试\大图\拍照攻略大图-19.png: 1672x941
[image-size] D:\测试\大图\拍照攻略大图-2.png: 1672x941
[image-size] D:\测试\大图\拍照攻略大图-20.png: 1672x941
[image-size] D:\测试\大图\拍照攻略大图-21.png: 1672x941
[image-size] D:\测试\大图\拍照攻略大图-22.png: 1672x941
[image-size] D:\测试\大图\拍照攻略大图-23.png: 1672x941
[image-size] D:\测试\大图\拍照攻略大图-24.png: 1672x941
[image-size] D:\测试\大图\拍照攻略大图-25.png: 1672x941
[image-size] D:\测试\大图\拍照攻略大图-26.png: 1672x941
[image-size] D:\测试\大图\拍照攻略大图-27.png: 1672x941
[image-size] D:\测试\大图\拍照攻略大图-28.png: 1672x941
[image-size] D:\测试\大图\拍照攻略大图-29.png: 1672x941
[image-size] D:\测试\大图\拍照攻略大图-3.png: 1672x941
[image-size] D:\测试\大图\拍照攻略大图-30.png: 1672x941
[image-size] D:\测试\大图\拍照攻略大图-31.png: 1672x941
[image-size] D:\测试\大图\拍照攻略大图-32.png: 1672x941
[image-size] D:\测试\大图\拍照攻略大图-33.png: 1672x941
[image-size] D:\测试\大图\拍照攻略大图-34.png: 1672x941
[image-size] D:\测试\大图\拍照攻略大图-35.png: 1672x941
[image-size] D:\测试\大图\拍照攻略大图-36.png: 1672x941
[image-size] D:\测试\大图\拍照攻略大图-37.png: 1672x941
[image-size] D:\测试\大图\拍照攻略大图-38.png: 1672x941
[image-size] D:\测试\大图\拍照攻略大图-39.png: 1672x941
[image-size] D:\测试\大图\拍照攻略大图-4.png: 1672x941
[image-size] D:\测试\大图\拍照攻略大图-40.png: 1672x941
[image-size] D:\测试\大图\拍照攻略大图-41.png: 1672x941
[image-size] D:\测试\大图\拍照攻略大图-42.png: 1672x941
[image-size] D:\测试\大图\拍照攻略大图-43.png: 1672x941
[image-size] D:\测试\大图\拍照攻略大图-44.png: 1672x941
[image-size] D:\测试\大图\拍照攻略大图-45.png: 1672x941
[image-size] D:\测试\大图\拍照攻略大图-46.png: 1672x941
[image-size] D:\测试\大图\拍照攻略大图-47.png: 1672x941
[image-size] D:\测试\大图\拍照攻略大图-48.png: 1672x941
[image-size] D:\测试\大图\拍照攻略大图-49.png: 1672x941
[image-size] D:\测试\大图\拍照攻略大图-5.png: 1672x941
[image-size] D:\测试\大图\拍照攻略大图-50.png: 1672x941
[image-size] D:\测试\大图\拍照攻略大图-51.png: 1672x941
[image-size] D:\测试\大图\拍照攻略大图-52.png: 1672x941
[image-size] D:\测试\大图\拍照攻略大图-53.png: 1672x941
[image-size] D:\测试\大图\拍照攻略大图-54.png: 1672x941
[image-size] D:\测试\大图\拍照攻略大图-55.png: 1672x941
[image-size] D:\测试\大图\拍照攻略大图-56.png: 1672x941
[image-size] D:\测试\大图\拍照攻略大图-57.png: 1672x941
[image-size] D:\测试\大图\拍照攻略大图-58.png: 1672x941
[image-size] D:\测试\大图\拍照攻略大图-59.png: 1672x941
[image-size] D:\测试\大图\拍照攻略大图-6.png: 1672x941
[image-size] D:\测试\大图\拍照攻略大图-60.png: 1672x941
[image-size] D:\测试\大图\拍照攻略大图-61.png: 1672x941
[image-size] D:\测试\大图\拍照攻略大图-62.png: 1672x941
[image-size] D:\测试\大图\拍照攻略大图-63.png: 1672x941
[image-size] D:\测试\大图\拍照攻略大图-64.png: 1672x941
[image-size] D:\测试\大图\拍照攻略大图-65.png: 1672x941
[image-size] D:\测试\大图\拍照攻略大图-66.png: 1672x941
[image-size] D:\测试\大图\拍照攻略大图-67.png: 1672x941
[image-size] D:\测试\大图\拍照攻略大图-68.png: 1672x941
[image-size] D:\测试\大图\拍照攻略大图-69.png: 1672x941
[image-size] D:\测试\大图\拍照攻略大图-7.png: 1672x941
[image-size] D:\测试\大图\拍照攻略大图-70.png: 1672x941
[image-size] D:\测试\大图\拍照攻略大图-71.png: 1672x941
[image-size] D:\测试\大图\拍照攻略大图-72.png: 1672x941
[image-size] D:\测试\大图\拍照攻略大图-73.png: 1672x941
[image-size] D:\测试\大图\拍照攻略大图-74.png: 1672x941
[image-size] D:\测试\大图\拍照攻略大图-75.png: 1672x941
[image-size] D:\测试\大图\拍照攻略大图-76.png: 1672x941
[image-size] D:\测试\大图\拍照攻略大图-77.png: 1672x941
[image-size] D:\测试\大图\拍照攻略大图-78.png: 1672x941
[image-size] D:\测试\大图\拍照攻略大图-79.png: 1672x941
[image-size] D:\测试\大图\拍照攻略大图-8.png: 1672x941
[image-size] D:\测试\大图\拍照攻略大图-80.png: 1672x941
[image-size] D:\测试\大图\拍照攻略大图-81.png: 1672x941
[image-size] D:\测试\大图\拍照攻略大图-82.png: 1672x941
[image-size] D:\测试\大图\拍照攻略大图-83.png: 1672x941
[image-size] D:\测试\大图\拍照攻略大图-84.png: 1672x941
[image-size] D:\测试\大图\拍照攻略大图-85.png: 1672x941
[image-size] D:\测试\大图\拍照攻略大图-86.png: 1672x941
[image-size] D:\测试\大图\拍照攻略大图-87.png: 1672x941
[image-size] D:\测试\大图\拍照攻略大图-88.png: 1672x941
[image-size] D:\测试\大图\拍照攻略大图-89.png: 1672x941
[image-size] D:\测试\大图\拍照攻略大图-9.png: 1672x941
[image-size] D:\测试\大图\拍照攻略大图-90.png: 1672x941
[image-size] D:\测试\大图\拍照攻略大图-91.png: 1672x941
[image-size] D:\测试\大图\拍照攻略大图-92.png: 1672x941
[image-size] D:\测试\大图\拍照攻略大图-93.png: 1672x941
[image-size] D:\测试\大图\拍照攻略大图-94.png: 1672x941
[image-size] D:\测试\大图\拍照攻略大图-95.png: 1672x941
[image-size] D:\测试\大图\拍照攻略大图-96.png: 1672x941
[image-size] D:\测试\大图\拍照攻略大图-97.png: 1672x941
[image-size] D:\测试\大图\拍照攻略大图-98.png: 1672x941
[image-size] D:\测试\大图\拍照攻略大图-99.png: 1672x941
